Workbook
Name nNIA: DATOS!$A$2:INDEX(DATOS!$A:$A,CONFIG_METADATA!$B$8)
Name nCURSO: DATOS!$D$2:INDEX(DATOS!$D:$D,CONFIG_METADATA!$B$8)
Name nESPEC: DATOS!$E$2:INDEX(DATOS!$E:$E,CONFIG_METADATA!$B$8)
Name nEVAL: DATOS!$G$2:INDEX(DATOS!$G:$G,CONFIG_METADATA!$B$8)
Name nASIG: DATOS!$I$2:INDEX(DATOS!$I:$I,CONFIG_METADATA!$B$8)
Name nNOTA: DATOS!$K$2:INDEX(DATOS!$K:$K,CONFIG_METADATA!$B$8)
Name nAPTO: DATOS!$L$2:INDEX(DATOS!$L:$L,CONFIG_METADATA!$B$8)
Name nCUENTA: CONFIG_METADATA!$G$2:INDEX(CONFIG_METADATA!$G:$G,CONFIG_METADATA!$B$8)
Name nCLAVE: CONFIG_METADATA!$F$2:INDEX(CONFIG_METADATA!$F:$F,CONFIG_METADATA!$B$8)
Name nEXSINOR: CONFIG_METADATA!$H$2:INDEX(CONFIG_METADATA!$H:$H,CONFIG_METADATA!$B$8)
Name nCLASE_I: CONFIG_METADATA!$I$2:INDEX(CONFIG_METADATA!$I:$I,CONFIG_METADATA!$B$8)

Sheet PORTADA_EPM
B2: Analizador de calificaciones
B3: Enseñanzas Profesionales de Música · Conservatorios
B5: EMPEZAR
B6: 1 · Pega las calificaciones en la hoja DATOS
B7: Una fila por alumno, asignatura y evaluación. Las columnas ya están puestas: respeta su orden y sus nombres.
B9: 2 · Elige la evaluación
B10: CONFIG_METADATA!B4
B11: Códigos: 1EV · 2EV · 3EV · OR · EX · OR+EX
B12: OR+EX es la foto definitiva del curso: la ordinaria como base, y cada recuperación de la extraordinaria sustituyendo a la suya.
B13: Para usarla, pega la ordinaria y AÑADE DEBAJO las filas de la extraordinaria. No las sustituyas: hacen falta las dos.
B14: EX a solas enseña solo lo que se suspendió en junio, así que su media no es la del centro.
B16: 3 · Mira los avisos antes de fiarte de las cifras
... B61: Versión 2.0 · agosto 2026

Sheet CONFIG_ASIGNATURAS
A1: ID | B1: Asignatura | C1: Cursos | D1: Grupo1 | E1: Grupo2 | F1: EsEspecialidad | G1: Activa | H1: UnaSolaVez | I1: Tipo | J1: Clase (calculada) | K1: CÓMO AÑADIR UNA ASIGNATURA
A2: 1 | B2: Lenguaje Musical | C2: 1EPM;2EPM | D2: Referencia | E2: TeoricaTroncal | F2: No | G2: Sí | H2: Sí | I2: Obligatoria | J2: =IF($G2<>"Sí","",IF($D2="Especialidad","E",IF($E2="TeoricaTroncal","NT","N"))) | K2: 1. Escríbela en la primera fila libre (marcada abajo con una flecha). No hace falta
A3: 2 | B3: Armonía | C3: 3EPM;4EPM | D3: Referencia | E3: TeoricaTroncal | F3: No | G3: Sí | H3: Sí | I3: Obligatoria | J3: =IF($G3<>"Sí","",IF($D3="Especialidad","E",IF($E3="TeoricaTroncal","NT","N"))) | K3: insertar filas ni ordenar nada: las fórmulas no miran POSICIONES, miran columnas.
A4: 3 | B4: Análisis | C4: 5EPM;6EPM | D4: Referencia | E4: TeoricaTroncal | F4: No | G4: Sí | H4: Sí | I4: Obligatoria | J4: =IF($G4<>"Sí","",IF($D4="Especialidad","E",IF($E4="TeoricaTroncal","NT","N"))) | K4: 2. B Asignatura — EXACTAMENTE igual que en el fichero de calificaciones que
A5: 4 | B5: Música de Cámara | C5: 3EPM;4EPM;5EPM;6EPM | D5: Referencia | E5: NoEspecialidad | F5: No | G5: Sí | H5: No | I5: Obligatoria | J5: =IF($G5<>"Sí","",IF($D5="Especialidad","E",IF($E5="TeoricaTroncal","NT","N"))) | K5: pegas en DATOS. Si no coincide letra por letra, esa asignatura no aparece
A6: 5 | B6: Orquesta/Banda/Conjunto | C6: 1EPM;2EPM;3EPM;4EPM;5EPM;6EPM | D6: Referencia | E6: NoEspecialidad | F6: No | G6: Sí | H6: No | I6: Obligatoria | J6: =IF($G6<>"Sí","",IF($D6="Especialidad","E",IF($E6="TeoricaTroncal","NT","N"))) | K6: ni con un cero, y sus registros los cuenta el aviso «FueraDeLasCifras».
A7: 6 | B7: Arpa | C7: 1EPM;2EPM;3EPM;4EPM;5EPM;6EPM | D7: Especialidad | E7: Cuerda | F7: Sí | G7: Sí | H7: No | I7: Obligatoria | J7: =IF($G7<>"Sí","",IF($D7="Especialidad","E",IF($E7="TeoricaTroncal","NT","N"))) | K7: 3. C Cursos — separados por punto y coma. Solo sale en los cursos que pongas.
A8: 7 | B8: Bajo Eléctrico | C8: 1EPM;2EPM;3EPM;4EPM;5EPM;6EPM | D8: Especialidad | E8: Cuerda | F8: Sí | G8: Sí | H8: No | I8: Obligatoria | J8: =IF($G8<>"Sí","",IF($D8="Especialidad","E",IF($E8="TeoricaTroncal","NT","N"))) | K8: 4. D Grupo1 — «Especialidad» si es un instrumento: decide en qué total cuenta.
A9: 8 | B9: Canto | C9: 1EPM;2EPM;3EPM;4EPM;5EPM;6EPM | D9: Especialidad | F9: Sí | G9: Sí | H9: No | I9: Obligatoria | J9: =IF($G9<>"Sí","",IF($D9="Especialidad","E",IF($E9="TeoricaTroncal","NT","N"))) | K9: 5. G Activa — «Sí». Sin eso no sale por ningún sitio.
A10: 9 | B10: Clarinete | C10: 1EPM;2EPM;3EPM;4EPM;5EPM;6EPM | D10: Especialidad | E10: Madera | F10: Sí | G10: Sí | H10: No | I10: Obligatoria | J10: =IF($G10<>"Sí","",IF($D10="Especialidad","E",IF($E10="TeoricaTroncal","NT","N"))) | K10: 6. H UnaSolaVez — «Sí» solo si NO se vuelve a cursar con un segundo instrumento.
A11: 10 | B11: Contrabajo | C11: 1EPM;2EPM;3EPM;4EPM;5EPM;6EPM | D11: Especialidad | E11: Cuerda | F11: Sí | G11: Sí | H11: No | I11: Obligatoria | J11: =IF($G11<>"Sí","",IF($D11="Especialidad","E",IF($E11="TeoricaTroncal","NT","N"))) | K11: 7. I Tipo — Obligatoria / Optativa / De centro.
A12: 11 | B12: Dulzaina | C12: 1EPM;2EPM;3EPM;4EPM;5EPM;6EPM | D12: Especialidad | E12: Madera | F12: Sí | G12: Sí | H12: No | I12: Obligatoria | J12: =IF($G12<>"Sí","",IF($D12="Especialidad","E",IF($E12="TeoricaTroncal","NT","N"))) | K12: J Clase se calcula sola. Si sale vacía, esa fila no está activa.
A13: 12 | B13: Fagot | C13: 1EPM;2EPM;3EPM;4EPM;5EPM;6EPM | D13: Especialidad | E13: Madera | F13: Sí | G13: Sí | H13: No | I13: Obligatoria | J13: =IF($G13<>"Sí","",IF($D13="Especialidad","E",IF($E13="TeoricaTroncal","NT","N")))
A14: 13 | B14: Flauta Travesera | C14: 1EPM;2EPM;3EPM;4EPM;5EPM;6EPM | D14: Especialidad | E14: Madera | F14: Sí | G14: Sí | H14: No | I14: Obligatoria | J14: =IF($G14<>"Sí","",IF($D14="Especialidad","E",IF($E14="TeoricaTroncal","NT","N")))
A15: 14 | B15: Guitarra | C15: 1EPM;2EPM;3EPM;4EPM;5EPM;6EPM | D15: Especialidad | E15: Cuerda | F15: Sí | G15: Sí | H15: No | I15: Obligatoria | J15: =IF($G15<>"Sí","",IF($D15="Especialidad","E",IF($E15="TeoricaTroncal","NT","N")))
A16: 15 | B16: Guitarra Eléctrica | C16: 1EPM;2EPM;3EPM;4EPM;5EPM;6EPM | D16: Especialidad | E16: Cuerda | F16: Sí | G16: Sí | H16: No | I16: Obligatoria | J16: =IF($G16<>"Sí","",IF($D16="Especialidad","E",IF($E16="TeoricaTroncal","NT","N")))
A17: 16 | B17: Oboe | C17: 1EPM;2EPM;3EPM;4EPM;5EPM;6EPM | D17: Especialidad | E17: Madera | F17: Sí | G17: Sí | H17: No | I17: Obligatoria | J17: =IF($G17<>"Sí","",IF($D17="Especialidad","E",IF($E17="TeoricaTroncal","NT","N")))
A18: 17 | B18: Percusión | C18: 1EPM;2EPM;3EPM;4EPM;5EPM;6EPM | D18: Especialidad | E18: Metal | F18: Sí | G18: Sí | H18: No | I18: Obligatoria | J18: =IF($G18<>"Sí","",IF($D18="Especialidad","E",IF($E18="TeoricaTroncal","NT","N")))
A19: 18 | B19: Piano | C19: 1EPM;2EPM;3EPM;4EPM;5EPM;6EPM | D19: Especialidad | E19: Tecla | F19: Sí | G19: Sí | H19: No | I19: Obligatoria | J19: =IF($G19<>"Sí","",IF($D19="Especialidad","E",IF($E19="TeoricaTroncal","NT","N")))
A20: 19 | B20: Saxofón | C20: 1EPM;2EPM;3EPM;4EPM;5EPM;6EPM | D20: Especialidad | E20: Madera | F20: Sí | G20: Sí | H20: No | I20: Obligatoria | J20: =IF($G20<>"Sí","",IF($D20="Especialidad","E",IF($E20="TeoricaTroncal","NT","N")))
A21: 20 | B21: Trombón | C21: 1EPM;2EPM;3EPM;4EPM;5EPM;6EPM | D21: Especialidad | E21: Metal | F21: Sí | G21: Sí | H21: No | I21: Obligatoria | J21: =IF($G21<>"Sí","",IF($D21="Especialidad","E",IF($E21="TeoricaTroncal","NT","N")))
A22: 21 | B22: Trompa | C22: 1EPM;2EPM;3EPM;4EPM;5EPM;6EPM | D22: Especialidad | E22: Metal | F22: Sí | G22: Sí | H22: No | I22: Obligatoria | J22: =IF($G22<>"Sí","",IF($D22="Especialidad","E",IF($E22="TeoricaTroncal","NT","N")))
A23: 22 | B23: Trompeta | C23: 1EPM;2EPM;3EPM;4EPM;5EPM;6EPM | D23: Especialidad | E23: Metal | F23: Sí | G23: Sí | H23: No | I23: Obligatoria | J23: =IF($G23<>"Sí","",IF($D23="Especialidad","E",IF($E23="TeoricaTroncal","NT","N")))
A24: 23 | B24: Tuba | C24: 1EPM;2EPM;3EPM;4EPM;5EPM;6EPM | D24: Especialidad | E24: Metal | F24: Sí | G24: Sí | H24: No | I24: Obligatoria | J24: =IF($G24<>"Sí","",IF($D24="Especialidad","E",IF($E24="TeoricaTroncal","NT","N")))
... A27: 26 | B27: Violoncello | C27: 1EPM;2EPM;3EPM;4EPM;5EPM;6EPM | D27: Especialidad | E27: Cuerda | F27: Sí | G27: Sí | H27: No | I27: Obligatoria | J27: =IF($G27<>"Sí","",IF($D27="Especialidad","E",IF($E27="TeoricaTroncal","NT","N")))
A28: 27 | B28: Piano Complementario | C28: 2EPM;3EPM;4EPM | D28: NoEspecialidad | F28: No | G28: Sí | H28: Sí | I28: Obligatoria | J28: =IF($G28<>"Sí","",IF($D28="Especialidad","E",IF($E28="TeoricaTroncal","NT","N")))
A29: 28 | B29: Conjunto | C29: 1EPM;2EPM | D29: NoEspecialidad | F29: No | G29: Sí | H29: No | I29: Obligatoria | J29: =IF($G29<>"Sí","",IF($D29="Especialidad","E",IF($E29="TeoricaTroncal","NT","N")))
A30: 29 | B30: Acompañamiento | C30: 5EPM;6EPM | D30: NoEspecialidad | F30: No | G30: Sí | H30: No | I30: Obligatoria | J30: =IF($G30<>"Sí","",IF($D30="Especialidad","E",IF($E30="TeoricaTroncal","NT","N")))
A31: 30 | B31: Coro | C31: 3EPM;4EPM | D31: NoEspecialidad | F31: No | G31: Sí | H31: Sí | I31: Obligatoria | J31: =IF($G31<>"Sí","",IF($D31="Especialidad","E",IF($E31="TeoricaTroncal","NT","N")))
A32: 31 | B32: Idioma Aplicado al Canto | C32: 1EPM;2EPM;3EPM;4EPM;5EPM;6EPM | D32: NoEspecialidad | F32: No | G32: Sí | H32: No | I32: Obligatoria | J32: =IF($G32<>"Sí","",IF($D32="Especialidad","E",IF($E32="TeoricaTroncal","NT","N")))
A33: 32 | B33: Tabalet | C33: 1EPM;2EPM | D33: NoEspecialidad | F33: No | G33: Sí | H33: No | I33: Obligatoria | J33: =IF($G33<>"Sí","",IF($D33="Especialidad","E",IF($E33="TeoricaTroncal","NT","N")))
A34: 33 | B34: Historia de la Música | C34: 5EPM;6EPM | D34: NoEspecialidad | F34: No | G34: Sí | H34: Sí | I34: Obligatoria | J34: =IF($G34<>"Sí","",IF($D34="Especialidad","E",IF($E34="TeoricaTroncal","NT","N")))
A35: 34 | B35: Creatividad y Música | C35: 5EPM;6EPM | D35: Optativas | F35: No | G35: Sí | H35: No | I35: Optativa | J35: =IF($G35<>"Sí","",IF($D35="Especialidad","E",IF($E35="TeoricaTroncal","NT","N")))
A36: 35 | B36: Cultura Audiovisual | C36: 5EPM;6EPM | D36: Optativas | F36: No | G36: Sí | H36: No | I36: Optativa | J36: =IF($G36<>"Sí","",IF($D36="Especialidad","E",IF($E36="TeoricaTroncal","NT","N")))
A37: 36 | B37: Complemento Coral | C37: 5EPM;6EPM | D37: Optativas | F37: No | G37: Sí | H37: No | I37: Optativa | J37: =IF($G37<>"Sí","",IF($D37="Especialidad","E",IF($E37="TeoricaTroncal","NT","N")))
A38: 37 | B38: Fundamentos de Composición | C38: 5EPM;6EPM | D38: Optativas | F38: No | G38: Sí | H38: No | I38: Optativa | J38: =IF($G38<>"Sí","",IF($D38="Especialidad","E",IF($E38="TeoricaTroncal","NT","N")))
A39: 38 | B39: Introducción a la Pedagogía Musical | C39: 5EPM;6EPM | D39: Optativas | F39: No | G39: Sí | H39: No | I39: De centro | J39: =IF($G39<>"Sí","",IF($D39="Especialidad","E",IF($E39="TeoricaTroncal","NT","N")))
... A43: 42 | B43: Improvisación y Jazz | C43: 5EPM;6EPM | D43: Optativas | F43: No | G43: Sí | H43: No | I43: De centro | J43: =IF($G43<>"Sí","",IF($D43="Especialidad","E",IF($E43="TeoricaTroncal","NT","N")))
J44: =IF($G44<>"Sí","",IF($D44="Especialidad","E",IF($E44="TeoricaTroncal","NT","N"))) | M44: ↓ primera fila libre
J45: =IF($G45<>"Sí","",IF($D45="Especialidad","E",IF($E45="TeoricaTroncal","NT","N")))
J46: =IF($G46<>"Sí","",IF($D46="Especialidad","E",IF($E46="TeoricaTroncal","NT","N")))
J47: =IF($G47<>"Sí","",IF($D47="Especialidad","E",IF($E47="TeoricaTroncal","NT","N")))
J48: =IF($G48<>"Sí","",IF($D48="Especialidad","E",IF($E48="TeoricaTroncal","NT","N")))
J49: =IF($G49<>"Sí","",IF($D49="Especialidad","E",IF($E49="TeoricaTroncal","NT","N")))
J50: =IF($G50<>"Sí","",IF($D50="Especialidad","E",IF($E50="TeoricaTroncal","NT","N")))
J51: =IF($G51<>"Sí","",IF($D51="Especialidad","E",IF($E51="TeoricaTroncal","NT","N")))
J52: =IF($G52<>"Sí","",IF($D52="Especialidad","E",IF($E52="TeoricaTroncal","NT","N")))
J53: =IF($G53<>"Sí","",IF($D53="Especialidad","E",IF($E53="TeoricaTroncal","NT","N")))
J54: =IF($G54<>"Sí","",IF($D54="Especialidad","E",IF($E54="TeoricaTroncal","NT","N")))
J55: =IF($G55<>"Sí","",IF($D55="Especialidad","E",IF($E55="TeoricaTroncal","NT","N")))
J56: =IF($G56<>"Sí","",IF($D56="Especialidad","E",IF($E56="TeoricaTroncal","NT","N")))
... J90: =IF($G90<>"Sí","",IF($D90="Especialidad","E",IF($E90="TeoricaTroncal","NT","N")))
J91: =IF($G91<>"Sí","",IF($D91="Especialidad","E",IF($E91="TeoricaTroncal","NT","N"))) | M91: ↑ última fila que miran las fórmulas

Sheet CONFIG_METADATA
A1: Campo | B1: Valor | D1: Evaluaciones | F1: Clave de matrícula | G1: Cuenta | H1: EX sin OR | I1: =IF(DATOS!$I1="","",IFERROR(VLOOKUP(DATOS!$I1,CONFIG_ASIGNATURAS!$B$2:$J$91,9,FALSE()),""))
A2: Centro | B2: CPM Mestre Tárrega | D2: 1EV | F2: =IF(DATOS!$A2="","",DATOS!$A2&"|"&DATOS!$D2&"|"&DATOS!$E2&"|"&DATOS!$I2) | G2: =IF(DATOS!$A2="",0,IF(CONFIG_METADATA!$B$4<>"OR+EX",--(DATOS!$G2=CONFIG_METADATA!$B$4),IF(DATOS!$G2="EX",1,IF(DATOS!$G2="OR",--(COUNTIFS(nNIA,DATOS!$A2,nCURSO,DATOS!$D2,nESPEC,DATOS!$E2,nASIG,DATOS!$I2,nEVAL,"EX")=0),0)))) | H2: =IF(DATOS!$G2<>"EX",0,--(COUNTIFS(nNIA,DATOS!$A2,nCURSO,DATOS!$D2,nESPEC,DATOS!$E2,nASIG,DATOS!$I2,nEVAL,"OR")=0)) | I2: =IF(DATOS!$I2="","",IFERROR(VLOOKUP(DATOS!$I2,CONFIG_ASIGNATURAS!$B$2:$J$91,9,FALSE()),""))
A3: CursoAcademico | B3: 25/26 | D3: 2EV | F3: =IF(DATOS!$A3="","",DATOS!$A3&"|"&DATOS!$D3&"|"&DATOS!$E3&"|"&DATOS!$I3) | G3: =IF(DATOS!$A3="",0,IF(CONFIG_METADATA!$B$4<>"OR+EX",--(DATOS!$G3=CONFIG_METADATA!$B$4),IF(DATOS!$G3="EX",1,IF(DATOS!$G3="OR",--(COUNTIFS(nNIA,DATOS!$A3,nCURSO,DATOS!$D3,nESPEC,DATOS!$E3,nASIG,DATOS!$I3,nEVAL,"EX")=0),0)))) | H3: =IF(DATOS!$G3<>"EX",0,--(COUNTIFS(nNIA,DATOS!$A3,nCURSO,DATOS!$D3,nESPEC,DATOS!$E3,nASIG,DATOS!$I3,nEVAL,"OR")=0)) | I3: =IF(DATOS!$I3="","",IFERROR(VLOOKUP(DATOS!$I3,CONFIG_ASIGNATURAS!$B$2:$J$91,9,FALSE()),""))
A4: Evaluacion | B4: 1EV | D4: 3EV | F4: =IF(DATOS!$A4="","",DATOS!$A4&"|"&DATOS!$D4&"|"&DATOS!$E4&"|"&DATOS!$I4) | G4: =IF(DATOS!$A4="",0,IF(CONFIG_METADATA!$B$4<>"OR+EX",--(DATOS!$G4=CONFIG_METADATA!$B$4),IF(DATOS!$G4="EX",1,IF(DATOS!$G4="OR",--(COUNTIFS(nNIA,DATOS!$A4,nCURSO,DATOS!$D4,nESPEC,DATOS!$E4,nASIG,DATOS!$I4,nEVAL,"EX")=0),0)))) | H4: =IF(DATOS!$G4<>"EX",0,--(COUNTIFS(nNIA,DATOS!$A4,nCURSO,DATOS!$D4,nESPEC,DATOS!$E4,nASIG,DATOS!$I4,nEVAL,"OR")=0)) | I4: =IF(DATOS!$I4="","",IFERROR(VLOOKUP(DATOS!$I4,CONFIG_ASIGNATURAS!$B$2:$J$91,9,FALSE()),""))
D5: OR | F5: =IF(DATOS!$A5="","",DATOS!$A5&"|"&DATOS!$D5&"|"&DATOS!$E5&"|"&DATOS!$I5) | G5: =IF(DATOS!$A5="",0,IF(CONFIG_METADATA!$B$4<>"OR+EX",--(DATOS!$G5=CONFIG_METADATA!$B$4),IF(DATOS!$G5="EX",1,IF(DATOS!$G5="OR",--(COUNTIFS(nNIA,DATOS!$A5,nCURSO,DATOS!$D5,nESPEC,DATOS!$E5,nASIG,DATOS!$I5,nEVAL,"EX")=0),0)))) | H5: =IF(DATOS!$G5<>"EX",0,--(COUNTIFS(nNIA,DATOS!$A5,nCURSO,DATOS!$D5,nESPEC,DATOS!$E5,nASIG,DATOS!$I5,nEVAL,"OR")=0)) | I5: =IF(DATOS!$I5="","",IFERROR(VLOOKUP(DATOS!$I5,CONFIG_ASIGNATURAS!$B$2:$J$91,9,FALSE()),""))
A6: ExtraordinariaSinOrdinaria | B6: =SUM(nEXSINOR) | C6: Filas de extraordinaria que no tienen su fila de ordinaria. No se recupera lo que no se suspendió: si no es cero, falta por pegar la ordinaria o sobra algo en la extraordinaria. | D6: EX | F6: =IF(DATOS!$A6="","",DATOS!$A6&"|"&DATOS!$D6&"|"&DATOS!$E6&"|"&DATOS!$I6) | G6: =IF(DATOS!$A6="",0,IF(CONFIG_METADATA!$B$4<>"OR+EX",--(DATOS!$G6=CONFIG_METADATA!$B$4),IF(DATOS!$G6="EX",1,IF(DATOS!$G6="OR",--(COUNTIFS(nNIA,DATOS!$A6,nCURSO,DATOS!$D6,nESPEC,DATOS!$E6,nASIG,DATOS!$I6,nEVAL,"EX")=0),0)))) | H6: =IF(DATOS!$G6<>"EX",0,--(COUNTIFS(nNIA,DATOS!$A6,nCURSO,DATOS!$D6,nESPEC,DATOS!$E6,nASIG,DATOS!$I6,nEVAL,"OR")=0)) | I6: =IF(DATOS!$I6="","",IFERROR(VLOOKUP(DATOS!$I6,CONFIG_ASIGNATURAS!$B$2:$J$91,9,FALSE()),""))
A7: ComoSeLee | C7: Con OR+EX manda la ordinaria y cada fila de extraordinaria pisa la suya. Es la única opción que da la foto definitiva del curso: EX a solas enseña solo lo que se suspendió en junio. | D7: OR+EX | F7: =IF(DATOS!$A7="","",DATOS!$A7&"|"&DATOS!$D7&"|"&DATOS!$E7&"|"&DATOS!$I7) | G7: =IF(DATOS!$A7="",0,IF(CONFIG_METADATA!$B$4<>"OR+EX",--(DATOS!$G7=CONFIG_METADATA!$B$4),IF(DATOS!$G7="EX",1,IF(DATOS!$G7="OR",--(COUNTIFS(nNIA,DATOS!$A7,nCURSO,DATOS!$D7,nESPEC,DATOS!$E7,nASIG,DATOS!$I7,nEVAL,"EX")=0),0)))) | H7: =IF(DATOS!$G7<>"EX",0,--(COUNTIFS(nNIA,DATOS!$A7,nCURSO,DATOS!$D7,nESPEC,DATOS!$E7,nASIG,DATOS!$I7,nEVAL,"OR")=0)) | I7: =IF(DATOS!$I7="","",IFERROR(VLOOKUP(DATOS!$I7,CONFIG_ASIGNATURAS!$B$2:$J$91,9,FALSE()),""))
A8: FilasConDatos | B8: =IFERROR(LOOKUP(2,1/(DATOS!$A$2:$A20000<>""),ROW(DATOS!$A$2:$A20000)),2) | C8: Última fila de DATOS con algo. Es hasta donde miran todas las fórmulas: sin esto recorrerían las 20.000 filas siempre, y diecinueve de cada veinte lecturas serían de celdas vacías. | F8: =IF(DATOS!$A8="","",DATOS!$A8&"|"&DATOS!$D8&"|"&DATOS!$E8&"|"&DATOS!$I8) | G8: =IF(DATOS!$A8="",0,IF(CONFIG_METADATA!$B$4<>"OR+EX",--(DATOS!$G8=CONFIG_METADATA!$B$4),IF(DATOS!$G8="EX",1,IF(DATOS!$G8="OR",--(COUNTIFS(nNIA,DATOS!$A8,nCURSO,DATOS!$D8,nESPEC,DATOS!$E8,nASIG,DATOS!$I8,nEVAL,"EX")=0),0)))) | H8: =IF(DATOS!$G8<>"EX",0,--(COUNTIFS(nNIA,DATOS!$A8,nCURSO,DATOS!$D8,nESPEC,DATOS!$E8,nASIG,DATOS!$I8,nEVAL,"OR")=0)) | I8: =IF(DATOS!$I8="","",IFERROR(VLOOKUP(DATOS!$I8,CONFIG_ASIGNATURAS!$B$2:$J$91,9,FALSE()),""))
A9: DobleEspecialidad | B9: {=IFERROR(SUMPRODUCT((nCUENTA=1)*(COUNTIFS(CONFIG_ASIGNATURAS!$B$2:$B$91,nASIG,CONFIG_ASIGNATURAS!$H$2:$H$91,"Sí",CONFIG_ASIGNATURAS!$G$2:$G$91,"Sí")>0)*1)-COUNTA(_xlfn.UNIQUE(_xlfn._xlws.FILTER(nCLAVE,(nCUENTA=1)*(COUNTIFS(CONFIG_ASIGNATURAS!$B$2:$B$91,nASIG,CONFIG_ASIGNATURAS!$H$2:$H$91,"Sí",CONFIG_ASIGNATURAS!$G$2:$G$91,"Sí")>0)))),0)} | C9: Registros de más: quien cursa dos especialidades aparece dos veces en las asignaturas de una sola vez, con la misma nota. Cuentan doble en la media, en la moda y en el reparto. | F9: =IF(DATOS!$A9="","",DATOS!$A9&"|"&DATOS!$D9&"|"&DATOS!$E9&"|"&DATOS!$I9) | G9: =IF(DATOS!$A9="",0,IF(CONFIG_METADATA!$B$4<>"OR+EX",--(DATOS!$G9=CONFIG_METADATA!$B$4),IF(DATOS!$G9="EX",1,IF(DATOS!$G9="OR",--(COUNTIFS(nNIA,DATOS!$A9,nCURSO,DATOS!$D9,nESPEC,DATOS!$E9,nASIG,DATOS!$I9,nEVAL,"EX")=0),0)))) | H9: =IF(DATOS!$G9<>"EX",0,--(COUNTIFS(nNIA,DATOS!$A9,nCURSO,DATOS!$D9,nESPEC,DATOS!$E9,nASIG,DATOS!$I9,nEVAL,"OR")=0)) | I9: =IF(DATOS!$I9="","",IFERROR(VLOOKUP(DATOS!$I9,CONFIG_ASIGNATURAS!$B$2:$J$91,9,FALSE()),""))
A10: FueraDeLasCifras | B10: =CALC_EPM!$D$2-CALC_EPM!$D$3-CALC_EPM!$D$4 | C10: Registros que no entran en ninguna cifra: su asignatura no está en CONFIG_ASIGNATURAS, o está pero con Activa = No. Si no es cero, falta algo en la configuración o sobra un No. | F10: =IF(DATOS!$A10="","",DATOS!$A10&"|"&DATOS!$D10&"|"&DATOS!$E10&"|"&DATOS!$I10) | G10: =IF(DATOS!$A10="",0,IF(CONFIG_METADATA!$B$4<>"OR+EX",--(DATOS!$G10=CONFIG_METADATA!$B$4),IF(DATOS!$G10="EX",1,IF(DATOS!$G10="OR",--(COUNTIFS(nNIA,DATOS!$A10,nCURSO,DATOS!$D10,nESPEC,DATOS!$E10,nASIG,DATOS!$I10,nEVAL,"EX")=0),0)))) | H10: =IF(DATOS!$G10<>"EX",0,--(COUNTIFS(nNIA,DATOS!$A10,nCURSO,DATOS!$D10,nESPEC,DATOS!$E10,nASIG,DATOS!$I10,nEVAL,"OR")=0)) | I10: =IF(DATOS!$I10="","",IFERROR(VLOOKUP(DATOS!$I10,CONFIG_ASIGNATURAS!$B$2:$J$91,9,FALSE()),""))
F11: =IF(DATOS!$A11="","",DATOS!$A11&"|"&DATOS!$D11&"|"&DATOS!$E11&"|"&DATOS!$I11) | G11: =IF(DATOS!$A11="",0,IF(CONFIG_METADATA!$B$4<>"OR+EX",--(DATOS!$G11=CONFIG_METADATA!$B$4),IF(DATOS!$G11="EX",1,IF(DATOS!$G11="OR",--(COUNTIFS(nNIA,DATOS!$A11,nCURSO,DATOS!$D11,nESPEC,DATOS!$E11,nASIG,DATOS!$I11,nEVAL,"EX")=0),0)))) | H11: =IF(DATOS!$G11<>"EX",0,--(COUNTIFS(nNIA,DATOS!$A11,nCURSO,DATOS!$D11,nESPEC,DATOS!$E11,nASIG,DATOS!$I11,nEVAL,"OR")=0)) | I11: =IF(DATOS!$I11="","",IFERROR(VLOOKUP(DATOS!$I11,CONFIG_ASIGNATURAS!$B$2:$J$91,9,FALSE()),""))
F12: =IF(DATOS!$A12="","",DATOS!$A12&"|"&DATOS!$D12&"|"&DATOS!$E12&"|"&DATOS!$I12) | G12: =IF(DATOS!$A12="",0,IF(CONFIG_METADATA!$B$4<>"OR+EX",--(DATOS!$G12=CONFIG_METADATA!$B$4),IF(DATOS!$G12="EX",1,IF(DATOS!$G12="OR",--(COUNTIFS(nNIA,DATOS!$A12,nCURSO,DATOS!$D12,nESPEC,DATOS!$E12,nASIG,DATOS!$I12,nEVAL,"EX")=0),0)))) | H12: =IF(DATOS!$G12<>"EX",0,--(COUNTIFS(nNIA,DATOS!$A12,nCURSO,DATOS!$D12,nESPEC,DATOS!$E12,nASIG,DATOS!$I12,nEVAL,"OR")=0)) | I12: =IF(DATOS!$I12="","",IFERROR(VLOOKUP(DATOS!$I12,CONFIG_ASIGNATURAS!$B$2:$J$91,9,FALSE()),""))
F13: =IF(DATOS!$A13="","",DATOS!$A13&"|"&DATOS!$D13&"|"&DATOS!$E13&"|"&DATOS!$I13) | G13: =IF(DATOS!$A13="",0,IF(CONFIG_METADATA!$B$4<>"OR+EX",--(DATOS!$G13=CONFIG_METADATA!$B$4),IF(DATOS!$G13="EX",1,IF(DATOS!$G13="OR",--(COUNTIFS(nNIA,DATOS!$A13,nCURSO,DATOS!$D13,nESPEC,DATOS!$E13,nASIG,DATOS!$I13,nEVAL,"EX")=0),0)))) | H13: =IF(DATOS!$G13<>"EX",0,--(COUNTIFS(nNIA,DATOS!$A13,nCURSO,DATOS!$D13,nESPEC,DATOS!$E13,nASIG,DATOS!$I13,nEVAL,"OR")=0)) | I13: =IF(DATOS!$I13="","",IFERROR(VLOOKUP(DATOS!$I13,CONFIG_ASIGNATURAS!$B$2:$J$91,9,FALSE()),""))
F14: =IF(DATOS!$A14="","",DATOS!$A14&"|"&DATOS!$D14&"|"&DATOS!$E14&"|"&DATOS!$I14) | G14: =IF(DATOS!$A14="",0,IF(CONFIG_METADATA!$B$4<>"OR+EX",--(DATOS!$G14=CONFIG_METADATA!$B$4),IF(DATOS!$G14="EX",1,IF(DATOS!$G14="OR",--(COUNTIFS(nNIA,DATOS!$A14,nCURSO,DATOS!$D14,nESPEC,DATOS!$E14,nASIG,DATOS!$I14,nEVAL,"EX")=0),0)))) | H14: =IF(DATOS!$G14<>"EX",0,--(COUNTIFS(nNIA,DATOS!$A14,nCURSO,DATOS!$D14,nESPEC,DATOS!$E14,nASIG,DATOS!$I14,nEVAL,"OR")=0)) | I14: =IF(DATOS!$I14="","",IFERROR(VLOOKUP(DATOS!$I14,CONFIG_ASIGNATURAS!$B$2:$J$91,9,FALSE()),""))
F15: =IF(DATOS!$A15="","",DATOS!$A15&"|"&DATOS!$D15&"|"&DATOS!$E15&"|"&DATOS!$I15) | G15: =IF(DATOS!$A15="",0,IF(CONFIG_METADATA!$B$4<>"OR+EX",--(DATOS!$G15=CONFIG_METADATA!$B$4),IF(DATOS!$G15="EX",1,IF(DATOS!$G15="OR",--(COUNTIFS(nNIA,DATOS!$A15,nCURSO,DATOS!$D15,nESPEC,DATOS!$E15,nASIG,DATOS!$I15,nEVAL,"EX")=0),0)))) | H15: =IF(DATOS!$G15<>"EX",0,--(COUNTIFS(nNIA,DATOS!$A15,nCURSO,DATOS!$D15,nESPEC,DATOS!$E15,nASIG,DATOS!$I15,nEVAL,"OR")=0)) | I15: =IF(DATOS!$I15="","",IFERROR(VLOOKUP(DATOS!$I15,CONFIG_ASIGNATURAS!$B$2:$J$91,9,FALSE()),""))
F16: =IF(DATOS!$A16="","",DATOS!$A16&"|"&DATOS!$D16&"|"&DATOS!$E16&"|"&DATOS!$I16) | G16: =IF(DATOS!$A16="",0,IF(CONFIG_METADATA!$B$4<>"OR+EX",--(DATOS!$G16=CONFIG_METADATA!$B$4),IF(DATOS!$G16="EX",1,IF(DATOS!$G16="OR",--(COUNTIFS(nNIA,DATOS!$A16,nCURSO,DATOS!$D16,nESPEC,DATOS!$E16,nASIG,DATOS!$I16,nEVAL,"EX")=0),0)))) | H16: =IF(DATOS!$G16<>"EX",0,--(COUNTIFS(nNIA,DATOS!$A16,nCURSO,DATOS!$D16,nESPEC,DATOS!$E16,nASIG,DATOS!$I16,nEVAL,"OR")=0)) | I16: =IF(DATOS!$I16="","",IFERROR(VLOOKUP(DATOS!$I16,CONFIG_ASIGNATURAS!$B$2:$J$91,9,FALSE()),""))
F17: =IF(DATOS!$A17="","",DATOS!$A17&"|"&DATOS!$D17&"|"&DATOS!$E17&"|"&DATOS!$I17) | G17: =IF(DATOS!$A17="",0,IF(CONFIG_METADATA!$B$4<>"OR+EX",--(DATOS!$G17=CONFIG_METADATA!$B$4),IF(DATOS!$G17="EX",1,IF(DATOS!$G17="OR",--(COUNTIFS(nNIA,DATOS!$A17,nCURSO,DATOS!$D17,nESPEC,DATOS!$E17,nASIG,DATOS!$I17,nEVAL,"EX")=0),0)))) | H17: =IF(DATOS!$G17<>"EX",0,--(COUNTIFS(nNIA,DATOS!$A17,nCURSO,DATOS!$D17,nESPEC,DATOS!$E17,nASIG,DATOS!$I17,nEVAL,"OR")=0)) | I17: =IF(DATOS!$I17="","",IFERROR(VLOOKUP(DATOS!$I17,CONFIG_ASIGNATURAS!$B$2:$J$91,9,FALSE()),""))
F18: =IF(DATOS!$A18="","",DATOS!$A18&"|"&DATOS!$D18&"|"&DATOS!$E18&"|"&DATOS!$I18) | G18: =IF(DATOS!$A18="",0,IF(CONFIG_METADATA!$B$4<>"OR+EX",--(DATOS!$G18=CONFIG_METADATA!$B$4),IF(DATOS!$G18="EX",1,IF(DATOS!$G18="OR",--(COUNTIFS(nNIA,DATOS!$A18,nCURSO,DATOS!$D18,nESPEC,DATOS!$E18,nASIG,DATOS!$I18,nEVAL,"EX")=0),0)))) | H18: =IF(DATOS!$G18<>"EX",0,--(COUNTIFS(nNIA,DATOS!$A18,nCURSO,DATOS!$D18,nESPEC,DATOS!$E18,nASIG,DATOS!$I18,nEVAL,"OR")=0)) | I18: =IF(DATOS!$I18="","",IFERROR(VLOOKUP(DATOS!$I18,CONFIG_ASIGNATURAS!$B$2:$J$91,9,FALSE()),""))
F19: =IF(DATOS!$A19="","",DATOS!$A19&"|"&DATOS!$D19&"|"&DATOS!$E19&"|"&DATOS!$I19) | G19: =IF(DATOS!$A19="",0,IF(CONFIG_METADATA!$B$4<>"OR+EX",--(DATOS!$G19=CONFIG_METADATA!$B$4),IF(DATOS!$G19="EX",1,IF(DATOS!$G19="OR",--(COUNTIFS(nNIA,DATOS!$A19,nCURSO,DATOS!$D19,nESPEC,DATOS!$E19,nASIG,DATOS!$I19,nEVAL,"EX")=0),0)))) | H19: =IF(DATOS!$G19<>"EX",0,--(COUNTIFS(nNIA,DATOS!$A19,nCURSO,DATOS!$D19,nESPEC,DATOS!$E19,nASIG,DATOS!$I19,nEVAL,"OR")=0)) | I19: =IF(DATOS!$I19="","",IFERROR(VLOOKUP(DATOS!$I19,CONFIG_ASIGNATURAS!$B$2:$J$91,9,FALSE()),""))
F20: =IF(DATOS!$A20="","",DATOS!$A20&"|"&DATOS!$D20&"|"&DATOS!$E20&"|"&DATOS!$I20) | G20: =IF(DATOS!$A20="",0,IF(CONFIG_METADATA!$B$4<>"OR+EX",--(DATOS!$G20=CONFIG_METADATA!$B$4),IF(DATOS!$G20="EX",1,IF(DATOS!$G20="OR",--(COUNTIFS(nNIA,DATOS!$A20,nCURSO,DATOS!$D20,nESPEC,DATOS!$E20,nASIG,DATOS!$I20,nEVAL,"EX")=0),0)))) | H20: =IF(DATOS!$G20<>"EX",0,--(COUNTIFS(nNIA,DATOS!$A20,nCURSO,DATOS!$D20,nESPEC,DATOS!$E20,nASIG,DATOS!$I20,nEVAL,"OR")=0)) | I20: =IF(DATOS!$I20="","",IFERROR(VLOOKUP(DATOS!$I20,CONFIG_ASIGNATURAS!$B$2:$J$91,9,FALSE()),""))
F21: =IF(DATOS!$A21="","",DATOS!$A21&"|"&DATOS!$D21&"|"&DATOS!$E21&"|"&DATOS!$I21) | G21: =IF(DATOS!$A21="",0,IF(CONFIG_METADATA!$B$4<>"OR+EX",--(DATOS!$G21=CONFIG_METADATA!$B$4),IF(DATOS!$G21="EX",1,IF(DATOS!$G21="OR",--(COUNTIFS(nNIA,DATOS!$A21,nCURSO,DATOS!$D21,nESPEC,DATOS!$E21,nASIG,DATOS!$I21,nEVAL,"EX")=0),0)))) | H21: =IF(DATOS!$G21<>"EX",0,--(COUNTIFS(nNIA,DATOS!$A21,nCURSO,DATOS!$D21,nESPEC,DATOS!$E21,nASIG,DATOS!$I21,nEVAL,"OR")=0)) | I21: =IF(DATOS!$I21="","",IFERROR(VLOOKUP(DATOS!$I21,CONFIG_ASIGNATURAS!$B$2:$J$91,9,FALSE()),""))
F22: =IF(DATOS!$A22="","",DATOS!$A22&"|"&DATOS!$D22&"|"&DATOS!$E22&"|"&DATOS!$I22) | G22: =IF(DATOS!$A22="",0,IF(CONFIG_METADATA!$B$4<>"OR+EX",--(DATOS!$G22=CONFIG_METADATA!$B$4),IF(DATOS!$G22="EX",1,IF(DATOS!$G22="OR",--(COUNTIFS(nNIA,DATOS!$A22,nCURSO,DATOS!$D22,nESPEC,DATOS!$E22,nASIG,DATOS!$I22,nEVAL,"EX")=0),0)))) | H22: =IF(DATOS!$G22<>"EX",0,--(COUNTIFS(nNIA,DATOS!$A22,nCURSO,DATOS!$D22,nESPEC,DATOS!$E22,nASIG,DATOS!$I22,nEVAL,"OR")=0)) | I22: =IF(DATOS!$I22="","",IFERROR(VLOOKUP(DATOS!$I22,CONFIG_ASIGNATURAS!$B$2:$J$91,9,FALSE()),""))
... F20000: =IF(DATOS!$A20000="","",DATOS!$A20000&"|"&DATOS!$D20000&"|"&DATOS!$E20000&"|"&DATOS!$I20000) | G20000: =IF(DATOS!$A20000="",0,IF(CONFIG_METADATA!$B$4<>"OR+EX",--(DATOS!$G20000=CONFIG_METADATA!$B$4),IF(DATOS!$G20000="EX",1,IF(DATOS!$G20000="OR",--(COUNTIFS(nNIA,DATOS!$A20000,nCURSO,DATOS!$D20000,nESPEC,DATOS!$E20000,nASIG,DATOS!$I20000,nEVAL,"EX")=0),0)))) | H20000: =IF(DATOS!$G20000<>"EX",0,--(COUNTIFS(nNIA,DATOS!$A20000,nCURSO,DATOS!$D20000,nESPEC,DATOS!$E20000,nASIG,DATOS!$I20000,nEVAL,"OR")=0)) | I20000: =IF(DATOS!$I20000="","",IFERROR(VLOOKUP(DATOS!$I20000,CONFIG_ASIGNATURAS!$B$2:$J$91,9,FALSE()),""))

Sheet CONFIG_CORRELACIONES
A1: ID | B1: Curso | C1: Asignatura1 | D1: Asignatura2 | E1: Activa
A2: 1 | B2: 1EPM | C2: Lenguaje Musical | D2: Orquesta/Banda/Conjunto | E2: Sí
A3: 2 | B3: 1EPM | C3: Lenguaje Musical | D3: Conjunto | E3: Sí
A4: 3 | B4: 1EPM | C4: Lenguaje Musical | D4: Especialidad | E4: Sí
A5: 4 | B5: 1EPM | C5: Orquesta/Banda/Conjunto | D5: Conjunto | E5: Sí
A6: 5 | B6: 1EPM | C6: Orquesta/Banda/Conjunto | D6: Especialidad | E6: Sí
A7: 6 | B7: 1EPM | C7: Conjunto | D7: Especialidad | E7: Sí
A8: 7 | B8: 2EPM | C8: Lenguaje Musical | D8: Orquesta/Banda/Conjunto | E8: Sí
A9: 8 | B9: 2EPM | C9: Lenguaje Musical | D9: Conjunto | E9: Sí
A10: 9 | B10: 2EPM | C10: Lenguaje Musical | D10: Especialidad | E10: Sí
A11: 10 | B11: 2EPM | C11: Orquesta/Banda/Conjunto | D11: Conjunto | E11: Sí
A12: 11 | B12: 2EPM | C12: Orquesta/Banda/Conjunto | D12: Especialidad | E12: Sí
A13: 12 | B13: 2EPM | C13: Conjunto | D13: Especialidad | E13: Sí
... A37: 36 | B37: 6EPM | C37: Música de Cámara | D37: Especialidad | E37: Sí

Sheet DATOS
A1: NIA | B1: Apellidos | C1: Nombre | D1: Curso | E1: Especialidad | F1: Repite | G1: Evaluación | H1: Código Asig | I1: Contenido | J1: Nota | K1: Nota Numérica | L1: Apto | M1: Profesor | N1: Observ.

Sheet CALC_EPM
A1: Nivel | B1: Asignatura | C1: TipoAsig | D1: Registros | E1: NotaMedia | F1: Desviacion | G1: Moda | H1: PctAprobados | I1: PctSuspendidos | J1: ModaAprobados | K1: ModaSuspendidos | L1: Dist1 | M1: Dist2 | N1: Dist3 | O1: Dist4 | P1: Dist5 | Q1: Dist6 | R1: Dist7 | S1: Dist8 | T1: Dist9 | U1: Dist10
A2: GLOBAL | B2: Total | C2: Total | D2: =SUMPRODUCT((nCUENTA=1)*1) -> 0 | E2: =IFERROR(SUMPRODUCT((nCUENTA=1)*(nNOTA))/D2,"—") -> — | F2: {=IFERROR(_xlfn.STDEV.P(_xlfn._xlws.FILTER(nNOTA,nCUENTA=1)),"—")} -> — | G2: {=IFERROR(_xlfn.MODE.SNGL(_xlfn._xlws.FILTER(nNOTA,nCUENTA=1)),"—")} -> — | H2: =IFERROR(SUMPRODUCT((nCUENTA=1)*(nAPTO="S"))/D2,"—") -> — | I2: =IFERROR(SUMPRODUCT((nCUENTA=1)*(nAPTO="N"))/D2,"—") -> — | J2: {=IFERROR(_xlfn.MODE.SNGL(_xlfn._xlws.FILTER(nNOTA,(nCUENTA=1)*(nAPTO="S"))),"—")} -> — | K2: {=IFERROR(_xlfn.MODE.SNGL(_xlfn._xlws.FILTER(nNOTA,(nCUENTA=1)*(nAPTO="N"))),"—")} -> — | L2: =SUMPRODUCT((nCUENTA=1)*(nNOTA=1)) -> 0 | M2: =SUMPRODUCT((nCUENTA=1)*(nNOTA=2)) -> 0 | N2: =SUMPRODUCT((nCUENTA=1)*(nNOTA=3)) -> 0 | O2: =SUMPRODUCT((nCUENTA=1)*(nNOTA=4)) -> 0 | P2: =SUMPRODUCT((nCUENTA=1)*(nNOTA=5)) -> 0 | Q2: =SUMPRODUCT((nCUENTA=1)*(nNOTA=6)) -> 0 | R2: =SUMPRODUCT((nCUENTA=1)*(nNOTA=7)) -> 0 | S2: =SUMPRODUCT((nCUENTA=1)*(nNOTA=8)) -> 0 | T2: =SUMPRODUCT((nCUENTA=1)*(nNOTA=9)) -> 0 | U2: =SUMPRODUCT((nCUENTA=1)*(nNOTA=10)) -> 0
A3: GLOBAL | B3: Total Especialidad | C3: TotalEsp | D3: =SUMPRODUCT((nCUENTA=1)*(nCLASE_I="E")*1) | E3: {=IFERROR(AVERAGE(IF((nCUENTA=1)*(nCLASE_I="E"),nNOTA)),"—")} | F3: {=IFERROR(_xlfn.STDEV.P(IF((nCUENTA=1)*(nCLASE_I="E"),nNOTA)),"—")} | G3: {=IFERROR(_xlfn.MODE.SNGL(IF((nCUENTA=1)*(nCLASE_I="E"),nNOTA)),"—")} | H3: =IFERROR(SUMPRODUCT((nCUENTA=1)*(nCLASE_I="E")*(nAPTO="S"))/SUMPRODUCT((nCUENTA=1)*(nCLASE_I="E")*1),"—") | I3: =IFERROR(SUMPRODUCT((nCUENTA=1)*(nCLASE_I="E")*(nAPTO="N"))/SUMPRODUCT((nCUENTA=1)*(nCLASE_I="E")*1),"—") | J3: {=IFERROR(_xlfn.MODE.SNGL(IF((nCUENTA=1)*(nCLASE_I="E")*(nAPTO="S"),nNOTA)),"—")} | K3: {=IFERROR(_xlfn.MODE.SNGL(IF((nCUENTA=1)*(nCLASE_I="E")*(nAPTO="N"),nNOTA)),"—")} | L3: =SUMPRODUCT((nCUENTA=1)*(nCLASE_I="E")*(nNOTA=1)) | M3: =SUMPRODUCT((nCUENTA=1)*(nCLASE_I="E")*(nNOTA=2)) | N3: =SUMPRODUCT((nCUENTA=1)*(nCLASE_I="E")*(nNOTA=3)) | O3: =SUMPRODUCT((nCUENTA=1)*(nCLASE_I="E")*(nNOTA=4)) | P3: =SUMPRODUCT((nCUENTA=1)*(nCLASE_I="E")*(nNOTA=5)) | Q3: =SUMPRODUCT((nCUENTA=1)*(nCLASE_I="E")*(nNOTA=6)) | R3: =SUMPRODUCT((nCUENTA=1)*(nCLASE_I="E")*(nNOTA=7)) | S3: =SUMPRODUCT((nCUENTA=1)*(nCLASE_I="E")*(nNOTA=8)) | T3: =SUMPRODUCT((nCUENTA=1)*(nCLASE_I="E")*(nNOTA=9)) | U3: =SUMPRODUCT((nCUENTA=1)*(nCLASE_I="E")*(nNOTA=10))
A4: GLOBAL | B4: Total No Especialidad | C4: TotalNoEsp | D4: =SUMPRODUCT((nCUENTA=1)*((nCLASE_I<>"")*(nCLASE_I<>"E"))*1) | E4: {=IFERROR(AVERAGE(IF((nCUENTA=1)*((nCLASE_I<>"")*(nCLASE_I<>"E")),nNOTA)),"—")} | F4: {=IFERROR(_xlfn.STDEV.P(IF((nCUENTA=1)*((nCLASE_I<>"")*(nCLASE_I<>"E")),nNOTA)),"—")} | G4: {=IFERROR(_xlfn.MODE.SNGL(IF((nCUENTA=1)*((nCLASE_I<>"")*(nCLASE_I<>"E")),nNOTA)),"—")} | H4: =IFERROR(SUMPRODUCT((nCUENTA=1)*((nCLASE_I<>"")*(nCLASE_I<>"E"))*(nAPTO="S"))/SUMPRODUCT((nCUENTA=1)*((nCLASE_I<>"")*(nCLASE_I<>"E"))*1),"—") | I4: =IFERROR(SUMPRODUCT((nCUENTA=1)*((nCLASE_I<>"")*(nCLASE_I<>"E"))*(nAPTO="N"))/SUMPRODUCT((nCUENTA=1)*((nCLASE_I<>"")*(nCLASE_I<>"E"))*1),"—") | J4: {=IFERROR(_xlfn.MODE.SNGL(IF((nCUENTA=1)*((nCLASE_I<>"")*(nCLASE_I<>"E"))*(nAPTO="S"),nNOTA)),"—")} | K4: {=IFERROR(_xlfn.MODE.SNGL(IF((nCUENTA=1)*((nCLASE_I<>"")*(nCLASE_I<>"E"))*(nAPTO="N"),nNOTA)),"—")} | L4: =SUMPRODUCT((nCUENTA=1)*((nCLASE_I<>"")*(nCLASE_I<>"E"))*(nNOTA=1)) | M4: =SUMPRODUCT((nCUENTA=1)*((nCLASE_I<>"")*(nCLASE_I<>"E"))*(nNOTA=2)) | N4: =SUMPRODUCT((nCUENTA=1)*((nCLASE_I<>"")*(nCLASE_I<>"E"))*(nNOTA=3)) | O4: =SUMPRODUCT((nCUENTA=1)*((nCLASE_I<>"")*(nCLASE_I<>"E"))*(nNOTA=4)) | P4: =SUMPRODUCT((nCUENTA=1)*((nCLASE_I<>"")*(nCLASE_I<>"E"))*(nNOTA=5)) | Q4: =SUMPRODUCT((nCUENTA=1)*((nCLASE_I<>"")*(nCLASE_I<>"E"))*(nNOTA=6)) | R4: =SUMPRODUCT((nCUENTA=1)*((nCLASE_I<>"")*(nCLASE_I<>"E"))*(nNOTA=7)) | S4: =SUMPRODUCT((nCUENTA=1)*((nCLASE_I<>"")*(nCLASE_I<>"E"))*(nNOTA=8)) | T4: =SUMPRODUCT((nCUENTA=1)*((nCLASE_I<>"")*(nCLASE_I<>"E"))*(nNOTA=9)) | U4: =SUMPRODUCT((nCUENTA=1)*((nCLASE_I<>"")*(nCLASE_I<>"E"))*(nNOTA=10))
A5: GLOBAL | B5: Teórica Troncal | C5: TeoricaTroncal | D5: =SUMPRODUCT((nCUENTA=1)*(nCLASE_I="NT")*1) | E5: {=IFERROR(AVERAGE(IF((nCUENTA=1)*(nCLASE_I="NT"),nNOTA)),"—")} | F5: {=IFERROR(_xlfn.STDEV.P(IF((nCUENTA=1)*(nCLASE_I="NT"),nNOTA)),"—")} | G5: {=IFERROR(_xlfn.MODE.SNGL(IF((nCUENTA=1)*(nCLASE_I="NT"),nNOTA)),"—")} | H5: =IFERROR(SUMPRODUCT((nCUENTA=1)*(nCLASE_I="NT")*(nAPTO="S"))/SUMPRODUCT((nCUENTA=1)*(nCLASE_I="NT")*1),"—") | I5: =IFERROR(SUMPRODUCT((nCUENTA=1)*(nCLASE_I="NT")*(nAPTO="N"))/SUMPRODUCT((nCUENTA=1)*(nCLASE_I="NT")*1),"—") | J5: {=IFERROR(_xlfn.MODE.SNGL(IF((nCUENTA=1)*(nCLASE_I="NT")*(nAPTO="S"),nNOTA)),"—")} | K5: {=IFERROR(_xlfn.MODE.SNGL(IF((nCUENTA=1)*(nCLASE_I="NT")*(nAPTO="N"),nNOTA)),"—")} | L5: =SUMPRODUCT((nCUENTA=1)*(nCLASE_I="NT")*(nNOTA=1)) | M5: =SUMPRODUCT((nCUENTA=1)*(nCLASE_I="NT")*(nNOTA=2)) | N5: =SUMPRODUCT((nCUENTA=1)*(nCLASE_I="NT")*(nNOTA=3)) | O5: =SUMPRODUCT((nCUENTA=1)*(nCLASE_I="NT")*(nNOTA=4)) | P5: =SUMPRODUCT((nCUENTA=1)*(nCLASE_I="NT")*(nNOTA=5)) | Q5: =SUMPRODUCT((nCUENTA=1)*(nCLASE_I="NT")*(nNOTA=6)) | R5: =SUMPRODUCT((nCUENTA=1)*(nCLASE_I="NT")*(nNOTA=7)) | S5: =SUMPRODUCT((nCUENTA=1)*(nCLASE_I="NT")*(nNOTA=8)) | T5: =SUMPRODUCT((nCUENTA=1)*(nCLASE_I="NT")*(nNOTA=9)) | U5: =SUMPRODUCT((nCUENTA=1)*(nCLASE_I="NT")*(nNOTA=10))
A6: GLOBAL | B6: {=IFERROR(INDEX(_xlfn._xlws.FILTER(CONFIG_ASIGNATURAS!$B$2:$B$91,CONFIG_ASIGNATURAS!$G$2:$G$91="Sí"),1),"")} | C6: =IF(B6="","",IFERROR(VLOOKUP(B6,CONFIG_ASIGNATURAS!$B$2:$D$91,3,FALSE()),"Asignatura")) | D6: =SUMPRODUCT((nCUENTA=1)*(nASIG=B6)) -> 0 | E6: =IFERROR(SUMPRODUCT((nCUENTA=1)*(nASIG=B6)*(nNOTA))/D6,"—") -> — | F6: {=IFERROR(_xlfn.STDEV.P(_xlfn._xlws.FILTER(nNOTA,(nCUENTA=1)*(nASIG=B6))),"—")} -> — | G6: {=IFERROR(_xlfn.MODE.SNGL(_xlfn._xlws.FILTER(nNOTA,(nCUENTA=1)*(nASIG=B6))),"—")} -> — | H6: =IFERROR(SUMPRODUCT((nCUENTA=1)*(nASIG=B6)*(nAPTO="S"))/D6,"—") -> — | I6: =IFERROR(SUMPRODUCT((nCUENTA=1)*(nASIG=B6)*(nAPTO="N"))/D6,"—") -> — | J6: {=IFERROR(_xlfn.MODE.SNGL(_xlfn._xlws.FILTER(nNOTA,(nCUENTA=1)*(nASIG=B6)*(nAPTO="S"))),"—")} -> — | K6: {=IFERROR(_xlfn.MODE.SNGL(_xlfn._xlws.FILTER(nNOTA,(nCUENTA=1)*(nASIG=B6)*(nAPTO="N"))),"—")} -> — | L6: =SUMPRODUCT((nCUENTA=1)*(nASIG=B6)*(nNOTA=1)) -> 0 | M6: =SUMPRODUCT((nCUENTA=1)*(nASIG=B6)*(nNOTA=2)) -> 0 | N6: =SUMPRODUCT((nCUENTA=1)*(nASIG=B6)*(nNOTA=3)) -> 0 | O6: =SUMPRODUCT((nCUENTA=1)*(nASIG=B6)*(nNOTA=4)) -> 0 | P6: =SUMPRODUCT((nCUENTA=1)*(nASIG=B6)*(nNOTA=5)) -> 0 | Q6: =SUMPRODUCT((nCUENTA=1)*(nASIG=B6)*(nNOTA=6)) -> 0 | R6: =SUMPRODUCT((nCUENTA=1)*(nASIG=B6)*(nNOTA=7)) -> 0 | S6: =SUMPRODUCT((nCUENTA=1)*(nASIG=B6)*(nNOTA=8)) -> 0 | T6: =SUMPRODUCT((nCUENTA=1)*(nASIG=B6)*(nNOTA=9)) -> 0 | U6: =SUMPRODUCT((nCUENTA=1)*(nASIG=B6)*(nNOTA=10)) -> 0
A7: GLOBAL | B7: {=IFERROR(INDEX(_xlfn._xlws.FILTER(CONFIG_ASIGNATURAS!$B$2:$B$91,CONFIG_ASIGNATURAS!$G$2:$G$91="Sí"),2),"")} | C7: =IF(B7="","",IFERROR(VLOOKUP(B7,CONFIG_ASIGNATURAS!$B$2:$D$91,3,FALSE()),"Asignatura")) | D7: =SUMPRODUCT((nCUENTA=1)*(nASIG=B7)) -> 0 | E7: =IFERROR(SUMPRODUCT((nCUENTA=1)*(nASIG=B7)*(nNOTA))/D7,"—") -> — | F7: {=IFERROR(_xlfn.STDEV.P(_xlfn._xlws.FILTER(nNOTA,(nCUENTA=1)*(nASIG=B7))),"—")} -> — | G7: {=IFERROR(_xlfn.MODE.SNGL(_xlfn._xlws.FILTER(nNOTA,(nCUENTA=1)*(nASIG=B7))),"—")} -> — | H7: =IFERROR(SUMPRODUCT((nCUENTA=1)*(nASIG=B7)*(nAPTO="S"))/D7,"—") -> — | I7: =IFERROR(SUMPRODUCT((nCUENTA=1)*(nASIG=B7)*(nAPTO="N"))/D7,"—") -> — | J7: {=IFERROR(_xlfn.MODE.SNGL(_xlfn._xlws.FILTER(nNOTA,(nCUENTA=1)*(nASIG=B7)*(nAPTO="S"))),"—")} -> — | K7: {=IFERROR(_xlfn.MODE.SNGL(_xlfn._xlws.FILTER(nNOTA,(nCUENTA=1)*(nASIG=B7)*(nAPTO="N"))),"—")} -> — | L7: =SUMPRODUCT((nCUENTA=1)*(nASIG=B7)*(nNOTA=1)) -> 0 | M7: =SUMPRODUCT((nCUENTA=1)*(nASIG=B7)*(nNOTA=2)) -> 0 | N7: =SUMPRODUCT((nCUENTA=1)*(nASIG=B7)*(nNOTA=3)) -> 0 | O7: =SUMPRODUCT((nCUENTA=1)*(nASIG=B7)*(nNOTA=4)) -> 0 | P7: =SUMPRODUCT((nCUENTA=1)*(nASIG=B7)*(nNOTA=5)) -> 0 | Q7: =SUMPRODUCT((nCUENTA=1)*(nASIG=B7)*(nNOTA=6)) -> 0 | R7: =SUMPRODUCT((nCUENTA=1)*(nASIG=B7)*(nNOTA=7)) -> 0 | S7: =SUMPRODUCT((nCUENTA=1)*(nASIG=B7)*(nNOTA=8)) -> 0 | T7: =SUMPRODUCT((nCUENTA=1)*(nASIG=B7)*(nNOTA=9)) -> 0 | U7: =SUMPRODUCT((nCUENTA=1)*(nASIG=B7)*(nNOTA=10)) -> 0
A8: GLOBAL | B8: {=IFERROR(INDEX(_xlfn._xlws.FILTER(CONFIG_ASIGNATURAS!$B$2:$B$91,CONFIG_ASIGNATURAS!$G$2:$G$91="Sí"),3),"")} | C8: =IF(B8="","",IFERROR(VLOOKUP(B8,CONFIG_ASIGNATURAS!$B$2:$D$91,3,FALSE()),"Asignatura")) | D8: =SUMPRODUCT((nCUENTA=1)*(nASIG=B8)) -> 0 | E8: =IFERROR(SUMPRODUCT((nCUENTA=1)*(nASIG=B8)*(nNOTA))/D8,"—") -> — | F8: {=IFERROR(_xlfn.STDEV.P(_xlfn._xlws.FILTER(nNOTA,(nCUENTA=1)*(nASIG=B8))),"—")} -> — | G8: {=IFERROR(_xlfn.MODE.SNGL(_xlfn._xlws.FILTER(nNOTA,(nCUENTA=1)*(nASIG=B8))),"—")} -> — | H8: =IFERROR(SUMPRODUCT((nCUENTA=1)*(nASIG=B8)*(nAPTO="S"))/D8,"—") -> — | I8: =IFERROR(SUMPRODUCT((nCUENTA=1)*(nASIG=B8)*(nAPTO="N"))/D8,"—") -> — | J8: {=IFERROR(_xlfn.MODE.SNGL(_xlfn._xlws.FILTER(nNOTA,(nCUENTA=1)*(nASIG=B8)*(nAPTO="S"))),"—")} -> — | K8: {=IFERROR(_xlfn.MODE.SNGL(_xlfn._xlws.FILTER(nNOTA,(nCUENTA=1)*(nASIG=B8)*(nAPTO="N"))),"—")} -> — | L8: =SUMPRODUCT((nCUENTA=1)*(nASIG=B8)*(nNOTA=1)) -> 0 | M8: =SUMPRODUCT((nCUENTA=1)*(nASIG=B8)*(nNOTA=2)) -> 0 | N8: =SUMPRODUCT((nCUENTA=1)*(nASIG=B8)*(nNOTA=3)) -> 0 | O8: =SUMPRODUCT((nCUENTA=1)*(nASIG=B8)*(nNOTA=4)) -> 0 | P8: =SUMPRODUCT((nCUENTA=1)*(nASIG=B8)*(nNOTA=5)) -> 0 | Q8: =SUMPRODUCT((nCUENTA=1)*(nASIG=B8)*(nNOTA=6)) -> 0 | R8: =SUMPRODUCT((nCUENTA=1)*(nASIG=B8)*(nNOTA=7)) -> 0 | S8: =SUMPRODUCT((nCUENTA=1)*(nASIG=B8)*(nNOTA=8)) -> 0 | T8: =SUMPRODUCT((nCUENTA=1)*(nASIG=B8)*(nNOTA=9)) -> 0 | U8: =SUMPRODUCT((nCUENTA=1)*(nASIG=B8)*(nNOTA=10)) -> 0
A9: GLOBAL | B9: {=IFERROR(INDEX(_xlfn._xlws.FILTER(CONFIG_ASIGNATURAS!$B$2:$B$91,CONFIG_ASIGNATURAS!$G$2:$G$91="Sí"),4),"")} | C9: =IF(B9="","",IFERROR(VLOOKUP(B9,CONFIG_ASIGNATURAS!$B$2:$D$91,3,FALSE()),"Asignatura")) | D9: =SUMPRODUCT((nCUENTA=1)*(nASIG=B9)) -> 0 | E9: =IFERROR(SUMPRODUCT((nCUENTA=1)*(nASIG=B9)*(nNOTA))/D9,"—") -> — | F9: {=IFERROR(_xlfn.STDEV.P(_xlfn._xlws.FILTER(nNOTA,(nCUENTA=1)*(nASIG=B9))),"—")} -> — | G9: {=IFERROR(_xlfn.MODE.SNGL(_xlfn._xlws.FILTER(nNOTA,(nCUENTA=1)*(nASIG=B9))),"—")} -> — | H9: =IFERROR(SUMPRODUCT((nCUENTA=1)*(nASIG=B9)*(nAPTO="S"))/D9,"—") -> — | I9: =IFERROR(SUMPRODUCT((nCUENTA=1)*(nASIG=B9)*(nAPTO="N"))/D9,"—") -> — | J9: {=IFERROR(_xlfn.MODE.SNGL(_xlfn._xlws.FILTER(nNOTA,(nCUENTA=1)*(nASIG=B9)*(nAPTO="S"))),"—")} -> — | K9: {=IFERROR(_xlfn.MODE.SNGL(_xlfn._xlws.FILTER(nNOTA,(nCUENTA=1)*(nASIG=B9)*(nAPTO="N"))),"—")} -> — | L9: =SUMPRODUCT((nCUENTA=1)*(nASIG=B9)*(nNOTA=1)) -> 0 | M9: =SUMPRODUCT((nCUENTA=1)*(nASIG=B9)*(nNOTA=2)) -> 0 | N9: =SUMPRODUCT((nCUENTA=1)*(nASIG=B9)*(nNOTA=3)) -> 0 | O9: =SUMPRODUCT((nCUENTA=1)*(nASIG=B9)*(nNOTA=4)) -> 0 | P9: =SUMPRODUCT((nCUENTA=1)*(nASIG=B9)*(nNOTA=5)) -> 0 | Q9: =SUMPRODUCT((nCUENTA=1)*(nASIG=B9)*(nNOTA=6)) -> 0 | R9: =SUMPRODUCT((nCUENTA=1)*(nASIG=B9)*(nNOTA=7)) -> 0 | S9: =SUMPRODUCT((nCUENTA=1)*(nASIG=B9)*(nNOTA=8)) -> 0 | T9: =SUMPRODUCT((nCUENTA=1)*(nASIG=B9)*(nNOTA=9)) -> 0 | U9: =SUMPRODUCT((nCUENTA=1)*(nASIG=B9)*(nNOTA=10)) -> 0
A10: GLOBAL | B10: {=IFERROR(INDEX(_xlfn._xlws.FILTER(CONFIG_ASIGNATURAS!$B$2:$B$91,CONFIG_ASIGNATURAS!$G$2:$G$91="Sí"),5),"")} | C10: =IF(B10="","",IFERROR(VLOOKUP(B10,CONFIG_ASIGNATURAS!$B$2:$D$91,3,FALSE()),"Asignatura")) | D10: =SUMPRODUCT((nCUENTA=1)*(nASIG=B10)) -> 0 | E10: =IFERROR(SUMPRODUCT((nCUENTA=1)*(nASIG=B10)*(nNOTA))/D10,"—") -> — | F10: {=IFERROR(_xlfn.STDEV.P(_xlfn._xlws.FILTER(nNOTA,(nCUENTA=1)*(nASIG=B10))),"—")} -> — | G10: {=IFERROR(_xlfn.MODE.SNGL(_xlfn._xlws.FILTER(nNOTA,(nCUENTA=1)*(nASIG=B10))),"—")} -> — | H10: =IFERROR(SUMPRODUCT((nCUENTA=1)*(nASIG=B10)*(nAPTO="S"))/D10,"—") -> — | I10: =IFERROR(SUMPRODUCT((nCUENTA=1)*(nASIG=B10)*(nAPTO="N"))/D10,"—") -> — | J10: {=IFERROR(_xlfn.MODE.SNGL(_xlfn._xlws.FILTER(nNOTA,(nCUENTA=1)*(nASIG=B10)*(nAPTO="S"))),"—")} -> — | K10: {=IFERROR(_xlfn.MODE.SNGL(_xlfn._xlws.FILTER(nNOTA,(nCUENTA=1)*(nASIG=B10)*(nAPTO="N"))),"—")} -> — | L10: =SUMPRODUCT((nCUENTA=1)*(nASIG=B10)*(nNOTA=1)) -> 0 | M10: =SUMPRODUCT((nCUENTA=1)*(nASIG=B10)*(nNOTA=2)) -> 0 | N10: =SUMPRODUCT((nCUENTA=1)*(nASIG=B10)*(nNOTA=3)) -> 0 | O10: =SUMPRODUCT((nCUENTA=1)*(nASIG=B10)*(nNOTA=4)) -> 0 | P10: =SUMPRODUCT((nCUENTA=1)*(nASIG=B10)*(nNOTA=5)) -> 0 | Q10: =SUMPRODUCT((nCUENTA=1)*(nASIG=B10)*(nNOTA=6)) -> 0 | R10: =SUMPRODUCT((nCUENTA=1)*(nASIG=B10)*(nNOTA=7)) -> 0 | S10: =SUMPRODUCT((nCUENTA=1)*(nASIG=B10)*(nNOTA=8)) -> 0 | T10: =SUMPRODUCT((nCUENTA=1)*(nASIG=B10)*(nNOTA=9)) -> 0 | U10: =SUMPRODUCT((nCUENTA=1)*(nASIG=B10)*(nNOTA=10)) -> 0
A11: GLOBAL | B11: {=IFERROR(INDEX(_xlfn._xlws.FILTER(CONFIG_ASIGNATURAS!$B$2:$B$91,CONFIG_ASIGNATURAS!$G$2:$G$91="Sí"),6),"")} | C11: =IF(B11="","",IFERROR(VLOOKUP(B11,CONFIG_ASIGNATURAS!$B$2:$D$91,3,FALSE()),"Asignatura")) | D11: =SUMPRODUCT((nCUENTA=1)*(nASIG=B11)) -> 0 | E11: =IFERROR(SUMPRODUCT((nCUENTA=1)*(nASIG=B11)*(nNOTA))/D11,"—") -> — | F11: {=IFERROR(_xlfn.STDEV.P(_xlfn._xlws.FILTER(nNOTA,(nCUENTA=1)*(nASIG=B11))),"—")} -> — | G11: {=IFERROR(_xlfn.MODE.SNGL(_xlfn._xlws.FILTER(nNOTA,(nCUENTA=1)*(nASIG=B11))),"—")} -> — | H11: =IFERROR(SUMPRODUCT((nCUENTA=1)*(nASIG=B11)*(nAPTO="S"))/D11,"—") -> — | I11: =IFERROR(SUMPRODUCT((nCUENTA=1)*(nASIG=B11)*(nAPTO="N"))/D11,"—") -> — | J11: {=IFERROR(_xlfn.MODE.SNGL(_xlfn._xlws.FILTER(nNOTA,(nCUENTA=1)*(nASIG=B11)*(nAPTO="S"))),"—")} -> — | K11: {=IFERROR(_xlfn.MODE.SNGL(_xlfn._xlws.FILTER(nNOTA,(nCUENTA=1)*(nASIG=B11)*(nAPTO="N"))),"—")} -> — | L11: =SUMPRODUCT((nCUENTA=1)*(nASIG=B11)*(nNOTA=1)) -> 0 | M11: =SUMPRODUCT((nCUENTA=1)*(nASIG=B11)*(nNOTA=2)) -> 0 | N11: =SUMPRODUCT((nCUENTA=1)*(nASIG=B11)*(nNOTA=3)) -> 0 | O11: =SUMPRODUCT((nCUENTA=1)*(nASIG=B11)*(nNOTA=4)) -> 0 | P11: =SUMPRODUCT((nCUENTA=1)*(nASIG=B11)*(nNOTA=5)) -> 0 | Q11: =SUMPRODUCT((nCUENTA=1)*(nASIG=B11)*(nNOTA=6)) -> 0 | R11: =SUMPRODUCT((nCUENTA=1)*(nASIG=B11)*(nNOTA=7)) -> 0 | S11: =SUMPRODUCT((nCUENTA=1)*(nASIG=B11)*(nNOTA=8)) -> 0 | T11: =SUMPRODUCT((nCUENTA=1)*(nASIG=B11)*(nNOTA=9)) -> 0 | U11: =SUMPRODUCT((nCUENTA=1)*(nASIG=B11)*(nNOTA=10)) -> 0
A12: GLOBAL | B12: {=IFERROR(INDEX(_xlfn._xlws.FILTER(CONFIG_ASIGNATURAS!$B$2:$B$91,CONFIG_ASIGNATURAS!$G$2:$G$91="Sí"),7),"")} | C12: =IF(B12="","",IFERROR(VLOOKUP(B12,CONFIG_ASIGNATURAS!$B$2:$D$91,3,FALSE()),"Asignatura")) | D12: =SUMPRODUCT((nCUENTA=1)*(nASIG=B12)) -> 0 | E12: =IFERROR(SUMPRODUCT((nCUENTA=1)*(nASIG=B12)*(nNOTA))/D12,"—") -> — | F12: {=IFERROR(_xlfn.STDEV.P(_xlfn._xlws.FILTER(nNOTA,(nCUENTA=1)*(nASIG=B12))),"—")} -> — | G12: {=IFERROR(_xlfn.MODE.SNGL(_xlfn._xlws.FILTER(nNOTA,(nCUENTA=1)*(nASIG=B12))),"—")} -> — | H12: =IFERROR(SUMPRODUCT((nCUENTA=1)*(nASIG=B12)*(nAPTO="S"))/D12,"—") -> — | I12: =IFERROR(SUMPRODUCT((nCUENTA=1)*(nASIG=B12)*(nAPTO="N"))/D12,"—") -> — | J12: {=IFERROR(_xlfn.MODE.SNGL(_xlfn._xlws.FILTER(nNOTA,(nCUENTA=1)*(nASIG=B12)*(nAPTO="S"))),"—")} -> — | K12: {=IFERROR(_xlfn.MODE.SNGL(_xlfn._xlws.FILTER(nNOTA,(nCUENTA=1)*(nASIG=B12)*(nAPTO="N"))),"—")} -> — | L12: =SUMPRODUCT((nCUENTA=1)*(nASIG=B12)*(nNOTA=1)) -> 0 | M12: =SUMPRODUCT((nCUENTA=1)*(nASIG=B12)*(nNOTA=2)) -> 0 | N12: =SUMPRODUCT((nCUENTA=1)*(nASIG=B12)*(nNOTA=3)) -> 0 | O12: =SUMPRODUCT((nCUENTA=1)*(nASIG=B12)*(nNOTA=4)) -> 0 | P12: =SUMPRODUCT((nCUENTA=1)*(nASIG=B12)*(nNOTA=5)) -> 0 | Q12: =SUMPRODUCT((nCUENTA=1)*(nASIG=B12)*(nNOTA=6)) -> 0 | R12: =SUMPRODUCT((nCUENTA=1)*(nASIG=B12)*(nNOTA=7)) -> 0 | S12: =SUMPRODUCT((nCUENTA=1)*(nASIG=B12)*(nNOTA=8)) -> 0 | T12: =SUMPRODUCT((nCUENTA=1)*(nASIG=B12)*(nNOTA=9)) -> 0 | U12: =SUMPRODUCT((nCUENTA=1)*(nASIG=B12)*(nNOTA=10)) -> 0
A13: GLOBAL | B13: {=IFERROR(INDEX(_xlfn._xlws.FILTER(CONFIG_ASIGNATURAS!$B$2:$B$91,CONFIG_ASIGNATURAS!$G$2:$G$91="Sí"),8),"")} | C13: =IF(B13="","",IFERROR(VLOOKUP(B13,CONFIG_ASIGNATURAS!$B$2:$D$91,3,FALSE()),"Asignatura")) | D13: =SUMPRODUCT((nCUENTA=1)*(nASIG=B13)) -> 0 | E13: =IFERROR(SUMPRODUCT((nCUENTA=1)*(nASIG=B13)*(nNOTA))/D13,"—") -> — | F13: {=IFERROR(_xlfn.STDEV.P(_xlfn._xlws.FILTER(nNOTA,(nCUENTA=1)*(nASIG=B13))),"—")} -> — | G13: {=IFERROR(_xlfn.MODE.SNGL(_xlfn._xlws.FILTER(nNOTA,(nCUENTA=1)*(nASIG=B13))),"—")} -> — | H13: =IFERROR(SUMPRODUCT((nCUENTA=1)*(nASIG=B13)*(nAPTO="S"))/D13,"—") -> — | I13: =IFERROR(SUMPRODUCT((nCUENTA=1)*(nASIG=B13)*(nAPTO="N"))/D13,"—") -> — | J13: {=IFERROR(_xlfn.MODE.SNGL(_xlfn._xlws.FILTER(nNOTA,(nCUENTA=1)*(nASIG=B13)*(nAPTO="S"))),"—")} -> — | K13: {=IFERROR(_xlfn.MODE.SNGL(_xlfn._xlws.FILTER(nNOTA,(nCUENTA=1)*(nASIG=B13)*(nAPTO="N"))),"—")} -> — | L13: =SUMPRODUCT((nCUENTA=1)*(nASIG=B13)*(nNOTA=1)) -> 0 | M13: =SUMPRODUCT((nCUENTA=1)*(nASIG=B13)*(nNOTA=2)) -> 0 | N13: =SUMPRODUCT((nCUENTA=1)*(nASIG=B13)*(nNOTA=3)) -> 0 | O13: =SUMPRODUCT((nCUENTA=1)*(nASIG=B13)*(nNOTA=4)) -> 0 | P13: =SUMPRODUCT((nCUENTA=1)*(nASIG=B13)*(nNOTA=5)) -> 0 | Q13: =SUMPRODUCT((nCUENTA=1)*(nASIG=B13)*(nNOTA=6)) -> 0 | R13: =SUMPRODUCT((nCUENTA=1)*(nASIG=B13)*(nNOTA=7)) -> 0 | S13: =SUMPRODUCT((nCUENTA=1)*(nASIG=B13)*(nNOTA=8)) -> 0 | T13: =SUMPRODUCT((nCUENTA=1)*(nASIG=B13)*(nNOTA=9)) -> 0 | U13: =SUMPRODUCT((nCUENTA=1)*(nASIG=B13)*(nNOTA=10)) -> 0
A14: GLOBAL | B14: {=IFERROR(INDEX(_xlfn._xlws.FILTER(CONFIG_ASIGNATURAS!$B$2:$B$91,CONFIG_ASIGNATURAS!$G$2:$G$91="Sí"),9),"")} | C14: =IF(B14="","",IFERROR(VLOOKUP(B14,CONFIG_ASIGNATURAS!$B$2:$D$91,3,FALSE()),"Asignatura")) | D14: =SUMPRODUCT((nCUENTA=1)*(nASIG=B14)) -> 0 | E14: =IFERROR(SUMPRODUCT((nCUENTA=1)*(nASIG=B14)*(nNOTA))/D14,"—") -> — | F14: {=IFERROR(_xlfn.STDEV.P(_xlfn._xlws.FILTER(nNOTA,(nCUENTA=1)*(nASIG=B14))),"—")} -> — | G14: {=IFERROR(_xlfn.MODE.SNGL(_xlfn._xlws.FILTER(nNOTA,(nCUENTA=1)*(nASIG=B14))),"—")} -> — | H14: =IFERROR(SUMPRODUCT((nCUENTA=1)*(nASIG=B14)*(nAPTO="S"))/D14,"—") -> — | I14: =IFERROR(SUMPRODUCT((nCUENTA=1)*(nASIG=B14)*(nAPTO="N"))/D14,"—") -> — | J14: {=IFERROR(_xlfn.MODE.SNGL(_xlfn._xlws.FILTER(nNOTA,(nCUENTA=1)*(nASIG=B14)*(nAPTO="S"))),"—")} -> — | K14: {=IFERROR(_xlfn.MODE.SNGL(_xlfn._xlws.FILTER(nNOTA,(nCUENTA=1)*(nASIG=B14)*(nAPTO="N"))),"—")} -> — | L14: =SUMPRODUCT((nCUENTA=1)*(nASIG=B14)*(nNOTA=1)) -> 0 | M14: =SUMPRODUCT((nCUENTA=1)*(nASIG=B14)*(nNOTA=2)) -> 0 | N14: =SUMPRODUCT((nCUENTA=1)*(nASIG=B14)*(nNOTA=3)) -> 0 | O14: =SUMPRODUCT((nCUENTA=1)*(nASIG=B14)*(nNOTA=4)) -> 0 | P14: =SUMPRODUCT((nCUENTA=1)*(nASIG=B14)*(nNOTA=5)) -> 0 | Q14: =SUMPRODUCT((nCUENTA=1)*(nASIG=B14)*(nNOTA=6)) -> 0 | R14: =SUMPRODUCT((nCUENTA=1)*(nASIG=B14)*(nNOTA=7)) -> 0 | S14: =SUMPRODUCT((nCUENTA=1)*(nASIG=B14)*(nNOTA=8)) -> 0 | T14: =SUMPRODUCT((nCUENTA=1)*(nASIG=B14)*(nNOTA=9)) -> 0 | U14: =SUMPRODUCT((nCUENTA=1)*(nASIG=B14)*(nNOTA=10)) -> 0
A15: GLOBAL | B15: {=IFERROR(INDEX(_xlfn._xlws.FILTER(CONFIG_ASIGNATURAS!$B$2:$B$91,CONFIG_ASIGNATURAS!$G$2:$G$91="Sí"),10),"")} | C15: =IF(B15="","",IFERROR(VLOOKUP(B15,CONFIG_ASIGNATURAS!$B$2:$D$91,3,FALSE()),"Asignatura")) | D15: =SUMPRODUCT((nCUENTA=1)*(nASIG=B15)) -> 0 | E15: =IFERROR(SUMPRODUCT((nCUENTA=1)*(nASIG=B15)*(nNOTA))/D15,"—") -> — | F15: {=IFERROR(_xlfn.STDEV.P(_xlfn._xlws.FILTER(nNOTA,(nCUENTA=1)*(nASIG=B15))),"—")} -> — | G15: {=IFERROR(_xlfn.MODE.SNGL(_xlfn._xlws.FILTER(nNOTA,(nCUENTA=1)*(nASIG=B15))),"—")} -> — | H15: =IFERROR(SUMPRODUCT((nCUENTA=1)*(nASIG=B15)*(nAPTO="S"))/D15,"—") -> — | I15: =IFERROR(SUMPRODUCT((nCUENTA=1)*(nASIG=B15)*(nAPTO="N"))/D15,"—") -> — | J15: {=IFERROR(_xlfn.MODE.SNGL(_xlfn._xlws.FILTER(nNOTA,(nCUENTA=1)*(nASIG=B15)*(nAPTO="S"))),"—")} -> — | K15: {=IFERROR(_xlfn.MODE.SNGL(_xlfn._xlws.FILTER(nNOTA,(nCUENTA=1)*(nASIG=B15)*(nAPTO="N"))),"—")} -> — | L15: =SUMPRODUCT((nCUENTA=1)*(nASIG=B15)*(nNOTA=1)) -> 0 | M15: =SUMPRODUCT((nCUENTA=1)*(nASIG=B15)*(nNOTA=2)) -> 0 | N15: =SUMPRODUCT((nCUENTA=1)*(nASIG=B15)*(nNOTA=3)) -> 0 | O15: =SUMPRODUCT((nCUENTA=1)*(nASIG=B15)*(nNOTA=4)) -> 0 | P15: =SUMPRODUCT((nCUENTA=1)*(nASIG=B15)*(nNOTA=5)) -> 0 | Q15: =SUMPRODUCT((nCUENTA=1)*(nASIG=B15)*(nNOTA=6)) -> 0 | R15: =SUMPRODUCT((nCUENTA=1)*(nASIG=B15)*(nNOTA=7)) -> 0 | S15: =SUMPRODUCT((nCUENTA=1)*(nASIG=B15)*(nNOTA=8)) -> 0 | T15: =SUMPRODUCT((nCUENTA=1)*(nASIG=B15)*(nNOTA=9)) -> 0 | U15: =SUMPRODUCT((nCUENTA=1)*(nASIG=B15)*(nNOTA=10)) -> 0
A16: GLOBAL | B16: {=IFERROR(INDEX(_xlfn._xlws.FILTER(CONFIG_ASIGNATURAS!$B$2:$B$91,CONFIG_ASIGNATURAS!$G$2:$G$91="Sí"),11),"")} | C16: =IF(B16="","",IFERROR(VLOOKUP(B16,CONFIG_ASIGNATURAS!$B$2:$D$91,3,FALSE()),"Asignatura")) | D16: =SUMPRODUCT((nCUENTA=1)*(nASIG=B16)) -> 0 | E16: =IFERROR(SUMPRODUCT((nCUENTA=1)*(nASIG=B16)*(nNOTA))/D16,"—") -> — | F16: {=IFERROR(_xlfn.STDEV.P(_xlfn._xlws.FILTER(nNOTA,(nCUENTA=1)*(nASIG=B16))),"—")} -> — | G16: {=IFERROR(_xlfn.MODE.SNGL(_xlfn._xlws.FILTER(nNOTA,(nCUENTA=1)*(nASIG=B16))),"—")} -> — | H16: =IFERROR(SUMPRODUCT((nCUENTA=1)*(nASIG=B16)*(nAPTO="S"))/D16,"—") -> — | I16: =IFERROR(SUMPRODUCT((nCUENTA=1)*(nASIG=B16)*(nAPTO="N"))/D16,"—") -> — | J16: {=IFERROR(_xlfn.MODE.SNGL(_xlfn._xlws.FILTER(nNOTA,(nCUENTA=1)*(nASIG=B16)*(nAPTO="S"))),"—")} -> — | K16: {=IFERROR(_xlfn.MODE.SNGL(_xlfn._xlws.FILTER(nNOTA,(nCUENTA=1)*(nASIG=B16)*(nAPTO="N"))),"—")} -> — | L16: =SUMPRODUCT((nCUENTA=1)*(nASIG=B16)*(nNOTA=1)) -> 0 | M16: =SUMPRODUCT((nCUENTA=1)*(nASIG=B16)*(nNOTA=2)) -> 0 | N16: =SUMPRODUCT((nCUENTA=1)*(nASIG=B16)*(nNOTA=3)) -> 0 | O16: =SUMPRODUCT((nCUENTA=1)*(nASIG=B16)*(nNOTA=4)) -> 0 | P16: =SUMPRODUCT((nCUENTA=1)*(nASIG=B16)*(nNOTA=5)) -> 0 | Q16: =SUMPRODUCT((nCUENTA=1)*(nASIG=B16)*(nNOTA=6)) -> 0 | R16: =SUMPRODUCT((nCUENTA=1)*(nASIG=B16)*(nNOTA=7)) -> 0 | S16: =SUMPRODUCT((nCUENTA=1)*(nASIG=B16)*(nNOTA=8)) -> 0 | T16: =SUMPRODUCT((nCUENTA=1)*(nASIG=B16)*(nNOTA=9)) -> 0 | U16: =SUMPRODUCT((nCUENTA=1)*(nASIG=B16)*(nNOTA=10)) -> 0
A17: GLOBAL | B17: {=IFERROR(INDEX(_xlfn._xlws.FILTER(CONFIG_ASIGNATURAS!$B$2:$B$91,CONFIG_ASIGNATURAS!$G$2:$G$91="Sí"),12),"")} | C17: =IF(B17="","",IFERROR(VLOOKUP(B17,CONFIG_ASIGNATURAS!$B$2:$D$91,3,FALSE()),"Asignatura")) | D17: =SUMPRODUCT((nCUENTA=1)*(nASIG=B17)) -> 0 | E17: =IFERROR(SUMPRODUCT((nCUENTA=1)*(nASIG=B17)*(nNOTA))/D17,"—") -> — | F17: {=IFERROR(_xlfn.STDEV.P(_xlfn._xlws.FILTER(nNOTA,(nCUENTA=1)*(nASIG=B17))),"—")} -> — | G17: {=IFERROR(_xlfn.MODE.SNGL(_xlfn._xlws.FILTER(nNOTA,(nCUENTA=1)*(nASIG=B17))),"—")} -> — | H17: =IFERROR(SUMPRODUCT((nCUENTA=1)*(nASIG=B17)*(nAPTO="S"))/D17,"—") -> — | I17: =IFERROR(SUMPRODUCT((nCUENTA=1)*(nASIG=B17)*(nAPTO="N"))/D17,"—") -> — | J17: {=IFERROR(_xlfn.MODE.SNGL(_xlfn._xlws.FILTER(nNOTA,(nCUENTA=1)*(nASIG=B17)*(nAPTO="S"))),"—")} -> — | K17: {=IFERROR(_xlfn.MODE.SNGL(_xlfn._xlws.FILTER(nNOTA,(nCUENTA=1)*(nASIG=B17)*(nAPTO="N"))),"—")} -> — | L17: =SUMPRODUCT((nCUENTA=1)*(nASIG=B17)*(nNOTA=1)) -> 0 | M17: =SUMPRODUCT((nCUENTA=1)*(nASIG=B17)*(nNOTA=2)) -> 0 | N17: =SUMPRODUCT((nCUENTA=1)*(nASIG=B17)*(nNOTA=3)) -> 0 | O17: =SUMPRODUCT((nCUENTA=1)*(nASIG=B17)*(nNOTA=4)) -> 0 | P17: =SUMPRODUCT((nCUENTA=1)*(nASIG=B17)*(nNOTA=5)) -> 0 | Q17: =SUMPRODUCT((nCUENTA=1)*(nASIG=B17)*(nNOTA=6)) -> 0 | R17: =SUMPRODUCT((nCUENTA=1)*(nASIG=B17)*(nNOTA=7)) -> 0 | S17: =SUMPRODUCT((nCUENTA=1)*(nASIG=B17)*(nNOTA=8)) -> 0 | T17: =SUMPRODUCT((nCUENTA=1)*(nASIG=B17)*(nNOTA=9)) -> 0 | U17: =SUMPRODUCT((nCUENTA=1)*(nASIG=B17)*(nNOTA=10)) -> 0
A18: GLOBAL | B18: {=IFERROR(INDEX(_xlfn._xlws.FILTER(CONFIG_ASIGNATURAS!$B$2:$B$91,CONFIG_ASIGNATURAS!$G$2:$G$91="Sí"),13),"")} | C18: =IF(B18="","",IFERROR(VLOOKUP(B18,CONFIG_ASIGNATURAS!$B$2:$D$91,3,FALSE()),"Asignatura")) | D18: =SUMPRODUCT((nCUENTA=1)*(nASIG=B18)) -> 0 | E18: =IFERROR(SUMPRODUCT((nCUENTA=1)*(nASIG=B18)*(nNOTA))/D18,"—") -> — | F18: {=IFERROR(_xlfn.STDEV.P(_xlfn._xlws.FILTER(nNOTA,(nCUENTA=1)*(nASIG=B18))),"—")} -> — | G18: {=IFERROR(_xlfn.MODE.SNGL(_xlfn._xlws.FILTER(nNOTA,(nCUENTA=1)*(nASIG=B18))),"—")} -> — | H18: =IFERROR(SUMPRODUCT((nCUENTA=1)*(nASIG=B18)*(nAPTO="S"))/D18,"—") -> — | I18: =IFERROR(SUMPRODUCT((nCUENTA=1)*(nASIG=B18)*(nAPTO="N"))/D18,"—") -> — | J18: {=IFERROR(_xlfn.MODE.SNGL(_xlfn._xlws.FILTER(nNOTA,(nCUENTA=1)*(nASIG=B18)*(nAPTO="S"))),"—")} -> — | K18: {=IFERROR(_xlfn.MODE.SNGL(_xlfn._xlws.FILTER(nNOTA,(nCUENTA=1)*(nASIG=B18)*(nAPTO="N"))),"—")} -> — | L18: =SUMPRODUCT((nCUENTA=1)*(nASIG=B18)*(nNOTA=1)) -> 0 | M18: =SUMPRODUCT((nCUENTA=1)*(nASIG=B18)*(nNOTA=2)) -> 0 | N18: =SUMPRODUCT((nCUENTA=1)*(nASIG=B18)*(nNOTA=3)) -> 0 | O18: =SUMPRODUCT((nCUENTA=1)*(nASIG=B18)*(nNOTA=4)) -> 0 | P18: =SUMPRODUCT((nCUENTA=1)*(nASIG=B18)*(nNOTA=5)) -> 0 | Q18: =SUMPRODUCT((nCUENTA=1)*(nASIG=B18)*(nNOTA=6)) -> 0 | R18: =SUMPRODUCT((nCUENTA=1)*(nASIG=B18)*(nNOTA=7)) -> 0 | S18: =SUMPRODUCT((nCUENTA=1)*(nASIG=B18)*(nNOTA=8)) -> 0 | T18: =SUMPRODUCT((nCUENTA=1)*(nASIG=B18)*(nNOTA=9)) -> 0 | U18: =SUMPRODUCT((nCUENTA=1)*(nASIG=B18)*(nNOTA=10)) -> 0
A19: GLOBAL | B19: {=IFERROR(INDEX(_xlfn._xlws.FILTER(CONFIG_ASIGNATURAS!$B$2:$B$91,CONFIG_ASIGNATURAS!$G$2:$G$91="Sí"),14),"")} | C19: =IF(B19="","",IFERROR(VLOOKUP(B19,CONFIG_ASIGNATURAS!$B$2:$D$91,3,FALSE()),"Asignatura")) | D19: =SUMPRODUCT((nCUENTA=1)*(nASIG=B19)) -> 0 | E19: =IFERROR(SUMPRODUCT((nCUENTA=1)*(nASIG=B19)*(nNOTA))/D19,"—") -> — | F19: {=IFERROR(_xlfn.STDEV.P(_xlfn._xlws.FILTER(nNOTA,(nCUENTA=1)*(nASIG=B19))),"—")} -> — | G19: {=IFERROR(_xlfn.MODE.SNGL(_xlfn._xlws.FILTER(nNOTA,(nCUENTA=1)*(nASIG=B19))),"—")} -> — | H19: =IFERROR(SUMPRODUCT((nCUENTA=1)*(nASIG=B19)*(nAPTO="S"))/D19,"—") -> — | I19: =IFERROR(SUMPRODUCT((nCUENTA=1)*(nASIG=B19)*(nAPTO="N"))/D19,"—") -> — | J19: {=IFERROR(_xlfn.MODE.SNGL(_xlfn._xlws.FILTER(nNOTA,(nCUENTA=1)*(nASIG=B19)*(nAPTO="S"))),"—")} -> — | K19: {=IFERROR(_xlfn.MODE.SNGL(_xlfn._xlws.FILTER(nNOTA,(nCUENTA=1)*(nASIG=B19)*(nAPTO="N"))),"—")} -> — | L19: =SUMPRODUCT((nCUENTA=1)*(nASIG=B19)*(nNOTA=1)) -> 0 | M19: =SUMPRODUCT((nCUENTA=1)*(nASIG=B19)*(nNOTA=2)) -> 0 | N19: =SUMPRODUCT((nCUENTA=1)*(nASIG=B19)*(nNOTA=3)) -> 0 | O19: =SUMPRODUCT((nCUENTA=1)*(nASIG=B19)*(nNOTA=4)) -> 0 | P19: =SUMPRODUCT((nCUENTA=1)*(nASIG=B19)*(nNOTA=5)) -> 0 | Q19: =SUMPRODUCT((nCUENTA=1)*(nASIG=B19)*(nNOTA=6)) -> 0 | R19: =SUMPRODUCT((nCUENTA=1)*(nASIG=B19)*(nNOTA=7)) -> 0 | S19: =SUMPRODUCT((nCUENTA=1)*(nASIG=B19)*(nNOTA=8)) -> 0 | T19: =SUMPRODUCT((nCUENTA=1)*(nASIG=B19)*(nNOTA=9)) -> 0 | U19: =SUMPRODUCT((nCUENTA=1)*(nASIG=B19)*(nNOTA=10)) -> 0
A20: GLOBAL | B20: {=IFERROR(INDEX(_xlfn._xlws.FILTER(CONFIG_ASIGNATURAS!$B$2:$B$91,CONFIG_ASIGNATURAS!$G$2:$G$91="Sí"),15),"")} | C20: =IF(B20="","",IFERROR(VLOOKUP(B20,CONFIG_ASIGNATURAS!$B$2:$D$91,3,FALSE()),"Asignatura")) | D20: =SUMPRODUCT((nCUENTA=1)*(nASIG=B20)) -> 0 | E20: =IFERROR(SUMPRODUCT((nCUENTA=1)*(nASIG=B20)*(nNOTA))/D20,"—") -> — | F20: {=IFERROR(_xlfn.STDEV.P(_xlfn._xlws.FILTER(nNOTA,(nCUENTA=1)*(nASIG=B20))),"—")} -> — | G20: {=IFERROR(_xlfn.MODE.SNGL(_xlfn._xlws.FILTER(nNOTA,(nCUENTA=1)*(nASIG=B20))),"—")} -> — | H20: =IFERROR(SUMPRODUCT((nCUENTA=1)*(nASIG=B20)*(nAPTO="S"))/D20,"—") -> — | I20: =IFERROR(SUMPRODUCT((nCUENTA=1)*(nASIG=B20)*(nAPTO="N"))/D20,"—") -> — | J20: {=IFERROR(_xlfn.MODE.SNGL(_xlfn._xlws.FILTER(nNOTA,(nCUENTA=1)*(nASIG=B20)*(nAPTO="S"))),"—")} -> — | K20: {=IFERROR(_xlfn.MODE.SNGL(_xlfn._xlws.FILTER(nNOTA,(nCUENTA=1)*(nASIG=B20)*(nAPTO="N"))),"—")} -> — | L20: =SUMPRODUCT((nCUENTA=1)*(nASIG=B20)*(nNOTA=1)) -> 0 | M20: =SUMPRODUCT((nCUENTA=1)*(nASIG=B20)*(nNOTA=2)) -> 0 | N20: =SUMPRODUCT((nCUENTA=1)*(nASIG=B20)*(nNOTA=3)) -> 0 | O20: =SUMPRODUCT((nCUENTA=1)*(nASIG=B20)*(nNOTA=4)) -> 0 | P20: =SUMPRODUCT((nCUENTA=1)*(nASIG=B20)*(nNOTA=5)) -> 0 | Q20: =SUMPRODUCT((nCUENTA=1)*(nASIG=B20)*(nNOTA=6)) -> 0 | R20: =SUMPRODUCT((nCUENTA=1)*(nASIG=B20)*(nNOTA=7)) -> 0 | S20: =SUMPRODUCT((nCUENTA=1)*(nASIG=B20)*(nNOTA=8)) -> 0 | T20: =SUMPRODUCT((nCUENTA=1)*(nASIG=B20)*(nNOTA=9)) -> 0 | U20: =SUMPRODUCT((nCUENTA=1)*(nASIG=B20)*(nNOTA=10)) -> 0
A21: GLOBAL | B21: {=IFERROR(INDEX(_xlfn._xlws.FILTER(CONFIG_ASIGNATURAS!$B$2:$B$91,CONFIG_ASIGNATURAS!$G$2:$G$91="Sí"),16),"")} | C21: =IF(B21="","",IFERROR(VLOOKUP(B21,CONFIG_ASIGNATURAS!$B$2:$D$91,3,FALSE()),"Asignatura")) | D21: =SUMPRODUCT((nCUENTA=1)*(nASIG=B21)) -> 0 | E21: =IFERROR(SUMPRODUCT((nCUENTA=1)*(nASIG=B21)*(nNOTA))/D21,"—") -> — | F21: {=IFERROR(_xlfn.STDEV.P(_xlfn._xlws.FILTER(nNOTA,(nCUENTA=1)*(nASIG=B21))),"—")} -> — | G21: {=IFERROR(_xlfn.MODE.SNGL(_xlfn._xlws.FILTER(nNOTA,(nCUENTA=1)*(nASIG=B21))),"—")} -> — | H21: =IFERROR(SUMPRODUCT((nCUENTA=1)*(nASIG=B21)*(nAPTO="S"))/D21,"—") -> — | I21: =IFERROR(SUMPRODUCT((nCUENTA=1)*(nASIG=B21)*(nAPTO="N"))/D21,"—") -> — | J21: {=IFERROR(_xlfn.MODE.SNGL(_xlfn._xlws.FILTER(nNOTA,(nCUENTA=1)*(nASIG=B21)*(nAPTO="S"))),"—")} -> — | K21: {=IFERROR(_xlfn.MODE.SNGL(_xlfn._xlws.FILTER(nNOTA,(nCUENTA=1)*(nASIG=B21)*(nAPTO="N"))),"—")} -> — | L21: =SUMPRODUCT((nCUENTA=1)*(nASIG=B21)*(nNOTA=1)) -> 0 | M21: =SUMPRODUCT((nCUENTA=1)*(nASIG=B21)*(nNOTA=2)) -> 0 | N21: =SUMPRODUCT((nCUENTA=1)*(nASIG=B21)*(nNOTA=3)) -> 0 | O21: =SUMPRODUCT((nCUENTA=1)*(nASIG=B21)*(nNOTA=4)) -> 0 | P21: =SUMPRODUCT((nCUENTA=1)*(nASIG=B21)*(nNOTA=5)) -> 0 | Q21: =SUMPRODUCT((nCUENTA=1)*(nASIG=B21)*(nNOTA=6)) -> 0 | R21: =SUMPRODUCT((nCUENTA=1)*(nASIG=B21)*(nNOTA=7)) -> 0 | S21: =SUMPRODUCT((nCUENTA=1)*(nASIG=B21)*(nNOTA=8)) -> 0 | T21: =SUMPRODUCT((nCUENTA=1)*(nASIG=B21)*(nNOTA=9)) -> 0 | U21: =SUMPRODUCT((nCUENTA=1)*(nASIG=B21)*(nNOTA=10)) -> 0
A22: GLOBAL | B22: {=IFERROR(INDEX(_xlfn._xlws.FILTER(CONFIG_ASIGNATURAS!$B$2:$B$91,CONFIG_ASIGNATURAS!$G$2:$G$91="Sí"),17),"")} | C22: =IF(B22="","",IFERROR(VLOOKUP(B22,CONFIG_ASIGNATURAS!$B$2:$D$91,3,FALSE()),"Asignatura")) | D22: =SUMPRODUCT((nCUENTA=1)*(nASIG=B22)) -> 0 | E22: =IFERROR(SUMPRODUCT((nCUENTA=1)*(nASIG=B22)*(nNOTA))/D22,"—") -> — | F22: {=IFERROR(_xlfn.STDEV.P(_xlfn._xlws.FILTER(nNOTA,(nCUENTA=1)*(nASIG=B22))),"—")} -> — | G22: {=IFERROR(_xlfn.MODE.SNGL(_xlfn._xlws.FILTER(nNOTA,(nCUENTA=1)*(nASIG=B22))),"—")} -> — | H22: =IFERROR(SUMPRODUCT((nCUENTA=1)*(nASIG=B22)*(nAPTO="S"))/D22,"—") -> — | I22: =IFERROR(SUMPRODUCT((nCUENTA=1)*(nASIG=B22)*(nAPTO="N"))/D22,"—") -> — | J22: {=IFERROR(_xlfn.MODE.SNGL(_xlfn._xlws.FILTER(nNOTA,(nCUENTA=1)*(nASIG=B22)*(nAPTO="S"))),"—")} -> — | K22: {=IFERROR(_xlfn.MODE.SNGL(_xlfn._xlws.FILTER(nNOTA,(nCUENTA=1)*(nASIG=B22)*(nAPTO="N"))),"—")} -> — | L22: =SUMPRODUCT((nCUENTA=1)*(nASIG=B22)*(nNOTA=1)) -> 0 | M22: =SUMPRODUCT((nCUENTA=1)*(nASIG=B22)*(nNOTA=2)) -> 0 | N22: =SUMPRODUCT((nCUENTA=1)*(nASIG=B22)*(nNOTA=3)) -> 0 | O22: =SUMPRODUCT((nCUENTA=1)*(nASIG=B22)*(nNOTA=4)) -> 0 | P22: =SUMPRODUCT((nCUENTA=1)*(nASIG=B22)*(nNOTA=5)) -> 0 | Q22: =SUMPRODUCT((nCUENTA=1)*(nASIG=B22)*(nNOTA=6)) -> 0 | R22: =SUMPRODUCT((nCUENTA=1)*(nASIG=B22)*(nNOTA=7)) -> 0 | S22: =SUMPRODUCT((nCUENTA=1)*(nASIG=B22)*(nNOTA=8)) -> 0 | T22: =SUMPRODUCT((nCUENTA=1)*(nASIG=B22)*(nNOTA=9)) -> 0 | U22: =SUMPRODUCT((nCUENTA=1)*(nASIG=B22)*(nNOTA=10)) -> 0
A23: GLOBAL | B23: {=IFERROR(INDEX(_xlfn._xlws.FILTER(CONFIG_ASIGNATURAS!$B$2:$B$91,CONFIG_ASIGNATURAS!$G$2:$G$91="Sí"),18),"")} | C23: =IF(B23="","",IFERROR(VLOOKUP(B23,CONFIG_ASIGNATURAS!$B$2:$D$91,3,FALSE()),"Asignatura")) | D23: =SUMPRODUCT((nCUENTA=1)*(nASIG=B23)) -> 0 | E23: =IFERROR(SUMPRODUCT((nCUENTA=1)*(nASIG=B23)*(nNOTA))/D23,"—") -> — | F23: {=IFERROR(_xlfn.STDEV.P(_xlfn._xlws.FILTER(nNOTA,(nCUENTA=1)*(nASIG=B23))),"—")} -> — | G23: {=IFERROR(_xlfn.MODE.SNGL(_xlfn._xlws.FILTER(nNOTA,(nCUENTA=1)*(nASIG=B23))),"—")} -> — | H23: =IFERROR(SUMPRODUCT((nCUENTA=1)*(nASIG=B23)*(nAPTO="S"))/D23,"—") -> — | I23: =IFERROR(SUMPRODUCT((nCUENTA=1)*(nASIG=B23)*(nAPTO="N"))/D23,"—") -> — | J23: {=IFERROR(_xlfn.MODE.SNGL(_xlfn._xlws.FILTER(nNOTA,(nCUENTA=1)*(nASIG=B23)*(nAPTO="S"))),"—")} -> — | K23: {=IFERROR(_xlfn.MODE.SNGL(_xlfn._xlws.FILTER(nNOTA,(nCUENTA=1)*(nASIG=B23)*(nAPTO="N"))),"—")} -> — | L23: =SUMPRODUCT((nCUENTA=1)*(nASIG=B23)*(nNOTA=1)) -> 0 | M23: =SUMPRODUCT((nCUENTA=1)*(nASIG=B23)*(nNOTA=2)) -> 0 | N23: =SUMPRODUCT((nCUENTA=1)*(nASIG=B23)*(nNOTA=3)) -> 0 | O23: =SUMPRODUCT((nCUENTA=1)*(nASIG=B23)*(nNOTA=4)) -> 0 | P23: =SUMPRODUCT((nCUENTA=1)*(nASIG=B23)*(nNOTA=5)) -> 0 | Q23: =SUMPRODUCT((nCUENTA=1)*(nASIG=B23)*(nNOTA=6)) -> 0 | R23: =SUMPRODUCT((nCUENTA=1)*(nASIG=B23)*(nNOTA=7)) -> 0 | S23: =SUMPRODUCT((nCUENTA=1)*(nASIG=B23)*(nNOTA=8)) -> 0 | T23: =SUMPRODUCT((nCUENTA=1)*(nASIG=B23)*(nNOTA=9)) -> 0 | U23: =SUMPRODUCT((nCUENTA=1)*(nASIG=B23)*(nNOTA=10)) -> 0
A24: GLOBAL | B24: {=IFERROR(INDEX(_xlfn._xlws.FILTER(CONFIG_ASIGNATURAS!$B$2:$B$91,CONFIG_ASIGNATURAS!$G$2:$G$91="Sí"),19),"")} | C24: =IF(B24="","",IFERROR(VLOOKUP(B24,CONFIG_ASIGNATURAS!$B$2:$D$91,3,FALSE()),"Asignatura")) | D24: =SUMPRODUCT((nCUENTA=1)*(nASIG=B24)) -> 0 | E24: =IFERROR(SUMPRODUCT((nCUENTA=1)*(nASIG=B24)*(nNOTA))/D24,"—") -> — | F24: {=IFERROR(_xlfn.STDEV.P(_xlfn._xlws.FILTER(nNOTA,(nCUENTA=1)*(nASIG=B24))),"—")} -> — | G24: {=IFERROR(_xlfn.MODE.SNGL(_xlfn._xlws.FILTER(nNOTA,(nCUENTA=1)*(nASIG=B24))),"—")} -> — | H24: =IFERROR(SUMPRODUCT((nCUENTA=1)*(nASIG=B24)*(nAPTO="S"))/D24,"—") -> — | I24: =IFERROR(SUMPRODUCT((nCUENTA=1)*(nASIG=B24)*(nAPTO="N"))/D24,"—") -> — | J24: {=IFERROR(_xlfn.MODE.SNGL(_xlfn._xlws.FILTER(nNOTA,(nCUENTA=1)*(nASIG=B24)*(nAPTO="S"))),"—")} -> — | K24: {=IFERROR(_xlfn.MODE.SNGL(_xlfn._xlws.FILTER(nNOTA,(nCUENTA=1)*(nASIG=B24)*(nAPTO="N"))),"—")} -> — | L24: =SUMPRODUCT((nCUENTA=1)*(nASIG=B24)*(nNOTA=1)) -> 0 | M24: =SUMPRODUCT((nCUENTA=1)*(nASIG=B24)*(nNOTA=2)) -> 0 | N24: =SUMPRODUCT((nCUENTA=1)*(nASIG=B24)*(nNOTA=3)) -> 0 | O24: =SUMPRODUCT((nCUENTA=1)*(nASIG=B24)*(nNOTA=4)) -> 0 | P24: =SUMPRODUCT((nCUENTA=1)*(nASIG=B24)*(nNOTA=5)) -> 0 | Q24: =SUMPRODUCT((nCUENTA=1)*(nASIG=B24)*(nNOTA=6)) -> 0 | R24: =SUMPRODUCT((nCUENTA=1)*(nASIG=B24)*(nNOTA=7)) -> 0 | S24: =SUMPRODUCT((nCUENTA=1)*(nASIG=B24)*(nNOTA=8)) -> 0 | T24: =SUMPRODUCT((nCUENTA=1)*(nASIG=B24)*(nNOTA=9)) -> 0 | U24: =SUMPRODUCT((nCUENTA=1)*(nASIG=B24)*(nNOTA=10)) -> 0
A25: GLOBAL | B25: {=IFERROR(INDEX(_xlfn._xlws.FILTER(CONFIG_ASIGNATURAS!$B$2:$B$91,CONFIG_ASIGNATURAS!$G$2:$G$91="Sí"),20),"")} | C25: =IF(B25="","",IFERROR(VLOOKUP(B25,CONFIG_ASIGNATURAS!$B$2:$D$91,3,FALSE()),"Asignatura")) | D25: =SUMPRODUCT((nCUENTA=1)*(nASIG=B25)) -> 0 | E25: =IFERROR(SUMPRODUCT((nCUENTA=1)*(nASIG=B25)*(nNOTA))/D25,"—") -> — | F25: {=IFERROR(_xlfn.STDEV.P(_xlfn._xlws.FILTER(nNOTA,(nCUENTA=1)*(nASIG=B25))),"—")} -> — | G25: {=IFERROR(_xlfn.MODE.SNGL(_xlfn._xlws.FILTER(nNOTA,(nCUENTA=1)*(nASIG=B25))),"—")} -> — | H25: =IFERROR(SUMPRODUCT((nCUENTA=1)*(nASIG=B25)*(nAPTO="S"))/D25,"—") -> — | I25: =IFERROR(SUMPRODUCT((nCUENTA=1)*(nASIG=B25)*(nAPTO="N"))/D25,"—") -> — | J25: {=IFERROR(_xlfn.MODE.SNGL(_xlfn._xlws.FILTER(nNOTA,(nCUENTA=1)*(nASIG=B25)*(nAPTO="S"))),"—")} -> — | K25: {=IFERROR(_xlfn.MODE.SNGL(_xlfn._xlws.FILTER(nNOTA,(nCUENTA=1)*(nASIG=B25)*(nAPTO="N"))),"—")} -> — | L25: =SUMPRODUCT((nCUENTA=1)*(nASIG=B25)*(nNOTA=1)) -> 0 | M25: =SUMPRODUCT((nCUENTA=1)*(nASIG=B25)*(nNOTA=2)) -> 0 | N25: =SUMPRODUCT((nCUENTA=1)*(nASIG=B25)*(nNOTA=3)) -> 0 | O25: =SUMPRODUCT((nCUENTA=1)*(nASIG=B25)*(nNOTA=4)) -> 0 | P25: =SUMPRODUCT((nCUENTA=1)*(nASIG=B25)*(nNOTA=5)) -> 0 | Q25: =SUMPRODUCT((nCUENTA=1)*(nASIG=B25)*(nNOTA=6)) -> 0 | R25: =SUMPRODUCT((nCUENTA=1)*(nASIG=B25)*(nNOTA=7)) -> 0 | S25: =SUMPRODUCT((nCUENTA=1)*(nASIG=B25)*(nNOTA=8)) -> 0 | T25: =SUMPRODUCT((nCUENTA=1)*(nASIG=B25)*(nNOTA=9)) -> 0 | U25: =SUMPRODUCT((nCUENTA=1)*(nASIG=B25)*(nNOTA=10)) -> 0
A26: GLOBAL | B26: {=IFERROR(INDEX(_xlfn._xlws.FILTER(CONFIG_ASIGNATURAS!$B$2:$B$91,CONFIG_ASIGNATURAS!$G$2:$G$91="Sí"),21),"")} | C26: =IF(B26="","",IFERROR(VLOOKUP(B26,CONFIG_ASIGNATURAS!$B$2:$D$91,3,FALSE()),"Asignatura")) | D26: =SUMPRODUCT((nCUENTA=1)*(nASIG=B26)) -> 0 | E26: =IFERROR(SUMPRODUCT((nCUENTA=1)*(nASIG=B26)*(nNOTA))/D26,"—") -> — | F26: {=IFERROR(_xlfn.STDEV.P(_xlfn._xlws.FILTER(nNOTA,(nCUENTA=1)*(nASIG=B26))),"—")} -> — | G26: {=IFERROR(_xlfn.MODE.SNGL(_xlfn._xlws.FILTER(nNOTA,(nCUENTA=1)*(nASIG=B26))),"—")} -> — | H26: =IFERROR(SUMPRODUCT((nCUENTA=1)*(nASIG=B26)*(nAPTO="S"))/D26,"—") -> — | I26: =IFERROR(SUMPRODUCT((nCUENTA=1)*(nASIG=B26)*(nAPTO="N"))/D26,"—") -> — | J26: {=IFERROR(_xlfn.MODE.SNGL(_xlfn._xlws.FILTER(nNOTA,(nCUENTA=1)*(nASIG=B26)*(nAPTO="S"))),"—")} -> — | K26: {=IFERROR(_xlfn.MODE.SNGL(_xlfn._xlws.FILTER(nNOTA,(nCUENTA=1)*(nASIG=B26)*(nAPTO="N"))),"—")} -> — | L26: =SUMPRODUCT((nCUENTA=1)*(nASIG=B26)*(nNOTA=1)) -> 0 | M26: =SUMPRODUCT((nCUENTA=1)*(nASIG=B26)*(nNOTA=2)) -> 0 | N26: =SUMPRODUCT((nCUENTA=1)*(nASIG=B26)*(nNOTA=3)) -> 0 | O26: =SUMPRODUCT((nCUENTA=1)*(nASIG=B26)*(nNOTA=4)) -> 0 | P26: =SUMPRODUCT((nCUENTA=1)*(nASIG=B26)*(nNOTA=5)) -> 0 | Q26: =SUMPRODUCT((nCUENTA=1)*(nASIG=B26)*(nNOTA=6)) -> 0 | R26: =SUMPRODUCT((nCUENTA=1)*(nASIG=B26)*(nNOTA=7)) -> 0 | S26: =SUMPRODUCT((nCUENTA=1)*(nASIG=B26)*(nNOTA=8)) -> 0 | T26: =SUMPRODUCT((nCUENTA=1)*(nASIG=B26)*(nNOTA=9)) -> 0 | U26: =SUMPRODUCT((nCUENTA=1)*(nASIG=B26)*(nNOTA=10)) -> 0
A27: GLOBAL | B27: {=IFERROR(INDEX(_xlfn._xlws.FILTER(CONFIG_ASIGNATURAS!$B$2:$B$91,CONFIG_ASIGNATURAS!$G$2:$G$91="Sí"),22),"")} | C27: =IF(B27="","",IFERROR(VLOOKUP(B27,CONFIG_ASIGNATURAS!$B$2:$D$91,3,FALSE()),"Asignatura")) | D27: =SUMPRODUCT((nCUENTA=1)*(nASIG=B27)) -> 0 | E27: =IFERROR(SUMPRODUCT((nCUENTA=1)*(nASIG=B27)*(nNOTA))/D27,"—") -> — | F27: {=IFERROR(_xlfn.STDEV.P(_xlfn._xlws.FILTER(nNOTA,(nCUENTA=1)*(nASIG=B27))),"—")} -> — | G27: {=IFERROR(_xlfn.MODE.SNGL(_xlfn._xlws.FILTER(nNOTA,(nCUENTA=1)*(nASIG=B27))),"—")} -> — | H27: =IFERROR(SUMPRODUCT((nCUENTA=1)*(nASIG=B27)*(nAPTO="S"))/D27,"—") -> — | I27: =IFERROR(SUMPRODUCT((nCUENTA=1)*(nASIG=B27)*(nAPTO="N"))/D27,"—") -> — | J27: {=IFERROR(_xlfn.MODE.SNGL(_xlfn._xlws.FILTER(nNOTA,(nCUENTA=1)*(nASIG=B27)*(nAPTO="S"))),"—")} -> — | K27: {=IFERROR(_xlfn.MODE.SNGL(_xlfn._xlws.FILTER(nNOTA,(nCUENTA=1)*(nASIG=B27)*(nAPTO="N"))),"—")} -> — | L27: =SUMPRODUCT((nCUENTA=1)*(nASIG=B27)*(nNOTA=1)) -> 0 | M27: =SUMPRODUCT((nCUENTA=1)*(nASIG=B27)*(nNOTA=2)) -> 0 | N27: =SUMPRODUCT((nCUENTA=1)*(nASIG=B27)*(nNOTA=3)) -> 0 | O27: =SUMPRODUCT((nCUENTA=1)*(nASIG=B27)*(nNOTA=4)) -> 0 | P27: =SUMPRODUCT((nCUENTA=1)*(nASIG=B27)*(nNOTA=5)) -> 0 | Q27: =SUMPRODUCT((nCUENTA=1)*(nASIG=B27)*(nNOTA=6)) -> 0 | R27: =SUMPRODUCT((nCUENTA=1)*(nASIG=B27)*(nNOTA=7)) -> 0 | S27: =SUMPRODUCT((nCUENTA=1)*(nASIG=B27)*(nNOTA=8)) -> 0 | T27: =SUMPRODUCT((nCUENTA=1)*(nASIG=B27)*(nNOTA=9)) -> 0 | U27: =SUMPRODUCT((nCUENTA=1)*(nASIG=B27)*(nNOTA=10)) -> 0
A28: GLOBAL | B28: {=IFERROR(INDEX(_xlfn._xlws.FILTER(CONFIG_ASIGNATURAS!$B$2:$B$91,CONFIG_ASIGNATURAS!$G$2:$G$91="Sí"),23),"")} | C28: =IF(B28="","",IFERROR(VLOOKUP(B28,CONFIG_ASIGNATURAS!$B$2:$D$91,3,FALSE()),"Asignatura")) | D28: =SUMPRODUCT((nCUENTA=1)*(nASIG=B28)) -> 0 | E28: =IFERROR(SUMPRODUCT((nCUENTA=1)*(nASIG=B28)*(nNOTA))/D28,"—") -> — | F28: {=IFERROR(_xlfn.STDEV.P(_xlfn._xlws.FILTER(nNOTA,(nCUENTA=1)*(nASIG=B28))),"—")} -> — | G28: {=IFERROR(_xlfn.MODE.SNGL(_xlfn._xlws.FILTER(nNOTA,(nCUENTA=1)*(nASIG=B28))),"—")} -> — | H28: =IFERROR(SUMPRODUCT((nCUENTA=1)*(nASIG=B28)*(nAPTO="S"))/D28,"—") -> — | I28: =IFERROR(SUMPRODUCT((nCUENTA=1)*(nASIG=B28)*(nAPTO="N"))/D28,"—") -> — | J28: {=IFERROR(_xlfn.MODE.SNGL(_xlfn._xlws.FILTER(nNOTA,(nCUENTA=1)*(nASIG=B28)*(nAPTO="S"))),"—")} -> — | K28: {=IFERROR(_xlfn.MODE.SNGL(_xlfn._xlws.FILTER(nNOTA,(nCUENTA=1)*(nASIG=B28)*(nAPTO="N"))),"—")} -> — | L28: =SUMPRODUCT((nCUENTA=1)*(nASIG=B28)*(nNOTA=1)) -> 0 | M28: =SUMPRODUCT((nCUENTA=1)*(nASIG=B28)*(nNOTA=2)) -> 0 | N28: =SUMPRODUCT((nCUENTA=1)*(nASIG=B28)*(nNOTA=3)) -> 0 | O28: =SUMPRODUCT((nCUENTA=1)*(nASIG=B28)*(nNOTA=4)) -> 0 | P28: =SUMPRODUCT((nCUENTA=1)*(nASIG=B28)*(nNOTA=5)) -> 0 | Q28: =SUMPRODUCT((nCUENTA=1)*(nASIG=B28)*(nNOTA=6)) -> 0 | R28: =SUMPRODUCT((nCUENTA=1)*(nASIG=B28)*(nNOTA=7)) -> 0 | S28: =SUMPRODUCT((nCUENTA=1)*(nASIG=B28)*(nNOTA=8)) -> 0 | T28: =SUMPRODUCT((nCUENTA=1)*(nASIG=B28)*(nNOTA=9)) -> 0 | U28: =SUMPRODUCT((nCUENTA=1)*(nASIG=B28)*(nNOTA=10)) -> 0
A29: GLOBAL | B29: {=IFERROR(INDEX(_xlfn._xlws.FILTER(CONFIG_ASIGNATURAS!$B$2:$B$91,CONFIG_ASIGNATURAS!$G$2:$G$91="Sí"),24),"")} | C29: =IF(B29="","",IFERROR(VLOOKUP(B29,CONFIG_ASIGNATURAS!$B$2:$D$91,3,FALSE()),"Asignatura")) | D29: =SUMPRODUCT((nCUENTA=1)*(nASIG=B29)) -> 0 | E29: =IFERROR(SUMPRODUCT((nCUENTA=1)*(nASIG=B29)*(nNOTA))/D29,"—") -> — | F29: {=IFERROR(_xlfn.STDEV.P(_xlfn._xlws.FILTER(nNOTA,(nCUENTA=1)*(nASIG=B29))),"—")} -> — | G29: {=IFERROR(_xlfn.MODE.SNGL(_xlfn._xlws.FILTER(nNOTA,(nCUENTA=1)*(nASIG=B29))),"—")} -> — | H29: =IFERROR(SUMPRODUCT((nCUENTA=1)*(nASIG=B29)*(nAPTO="S"))/D29,"—") -> — | I29: =IFERROR(SUMPRODUCT((nCUENTA=1)*(nASIG=B29)*(nAPTO="N"))/D29,"—") -> — | J29: {=IFERROR(_xlfn.MODE.SNGL(_xlfn._xlws.FILTER(nNOTA,(nCUENTA=1)*(nASIG=B29)*(nAPTO="S"))),"—")} -> — | K29: {=IFERROR(_xlfn.MODE.SNGL(_xlfn._xlws.FILTER(nNOTA,(nCUENTA=1)*(nASIG=B29)*(nAPTO="N"))),"—")} -> — | L29: =SUMPRODUCT((nCUENTA=1)*(nASIG=B29)*(nNOTA=1)) -> 0 | M29: =SUMPRODUCT((nCUENTA=1)*(nASIG=B29)*(nNOTA=2)) -> 0 | N29: =SUMPRODUCT((nCUENTA=1)*(nASIG=B29)*(nNOTA=3)) -> 0 | O29: =SUMPRODUCT((nCUENTA=1)*(nASIG=B29)*(nNOTA=4)) -> 0 | P29: =SUMPRODUCT((nCUENTA=1)*(nASIG=B29)*(nNOTA=5)) -> 0 | Q29: =SUMPRODUCT((nCUENTA=1)*(nASIG=B29)*(nNOTA=6)) -> 0 | R29: =SUMPRODUCT((nCUENTA=1)*(nASIG=B29)*(nNOTA=7)) -> 0 | S29: =SUMPRODUCT((nCUENTA=1)*(nASIG=B29)*(nNOTA=8)) -> 0 | T29: =SUMPRODUCT((nCUENTA=1)*(nASIG=B29)*(nNOTA=9)) -> 0 | U29: =SUMPRODUCT((nCUENTA=1)*(nASIG=B29)*(nNOTA=10)) -> 0
A30: GLOBAL | B30: {=IFERROR(INDEX(_xlfn._xlws.FILTER(CONFIG_ASIGNATURAS!$B$2:$B$91,CONFIG_ASIGNATURAS!$G$2:$G$91="Sí"),25),"")} | C30: =IF(B30="","",IFERROR(VLOOKUP(B30,CONFIG_ASIGNATURAS!$B$2:$D$91,3,FALSE()),"Asignatura")) | D30: =SUMPRODUCT((nCUENTA=1)*(nASIG=B30)) -> 0 | E30: =IFERROR(SUMPRODUCT((nCUENTA=1)*(nASIG=B30)*(nNOTA))/D30,"—") -> — | F30: {=IFERROR(_xlfn.STDEV.P(_xlfn._xlws.FILTER(nNOTA,(nCUENTA=1)*(nASIG=B30))),"—")} -> — | G30: {=IFERROR(_xlfn.MODE.SNGL(_xlfn._xlws.FILTER(nNOTA,(nCUENTA=1)*(nASIG=B30))),"—")} -> — | H30: =IFERROR(SUMPRODUCT((nCUENTA=1)*(nASIG=B30)*(nAPTO="S"))/D30,"—") -> — | I30: =IFERROR(SUMPRODUCT((nCUENTA=1)*(nASIG=B30)*(nAPTO="N"))/D30,"—") -> — | J30: {=IFERROR(_xlfn.MODE.SNGL(_xlfn._xlws.FILTER(nNOTA,(nCUENTA=1)*(nASIG=B30)*(nAPTO="S"))),"—")} -> — | K30: {=IFERROR(_xlfn.MODE.SNGL(_xlfn._xlws.FILTER(nNOTA,(nCUENTA=1)*(nASIG=B30)*(nAPTO="N"))),"—")} -> — | L30: =SUMPRODUCT((nCUENTA=1)*(nASIG=B30)*(nNOTA=1)) -> 0 | M30: =SUMPRODUCT((nCUENTA=1)*(nASIG=B30)*(nNOTA=2)) -> 0 | N30: =SUMPRODUCT((nCUENTA=1)*(nASIG=B30)*(nNOTA=3)) -> 0 | O30: =SUMPRODUCT((nCUENTA=1)*(nASIG=B30)*(nNOTA=4)) -> 0 | P30: =SUMPRODUCT((nCUENTA=1)*(nASIG=B30)*(nNOTA=5)) -> 0 | Q30: =SUMPRODUCT((nCUENTA=1)*(nASIG=B30)*(nNOTA=6)) -> 0 | R30: =SUMPRODUCT((nCUENTA=1)*(nASIG=B30)*(nNOTA=7)) -> 0 | S30: =SUMPRODUCT((nCUENTA=1)*(nASIG=B30)*(nNOTA=8)) -> 0 | T30: =SUMPRODUCT((nCUENTA=1)*(nASIG=B30)*(nNOTA=9)) -> 0 | U30: =SUMPRODUCT((nCUENTA=1)*(nASIG=B30)*(nNOTA=10)) -> 0
A31: GLOBAL | B31: {=IFERROR(INDEX(_xlfn._xlws.FILTER(CONFIG_ASIGNATURAS!$B$2:$B$91,CONFIG_ASIGNATURAS!$G$2:$G$91="Sí"),26),"")} | C31: =IF(B31="","",IFERROR(VLOOKUP(B31,CONFIG_ASIGNATURAS!$B$2:$D$91,3,FALSE()),"Asignatura")) | D31: =SUMPRODUCT((nCUENTA=1)*(nASIG=B31)) -> 0 | E31: =IFERROR(SUMPRODUCT((nCUENTA=1)*(nASIG=B31)*(nNOTA))/D31,"—") -> — | F31: {=IFERROR(_xlfn.STDEV.P(_xlfn._xlws.FILTER(nNOTA,(nCUENTA=1)*(nASIG=B31))),"—")} -> — | G31: {=IFERROR(_xlfn.MODE.SNGL(_xlfn._xlws.FILTER(nNOTA,(nCUENTA=1)*(nASIG=B31))),"—")} -> — | H31: =IFERROR(SUMPRODUCT((nCUENTA=1)*(nASIG=B31)*(nAPTO="S"))/D31,"—") -> — | I31: =IFERROR(SUMPRODUCT((nCUENTA=1)*(nASIG=B31)*(nAPTO="N"))/D31,"—") -> — | J31: {=IFERROR(_xlfn.MODE.SNGL(_xlfn._xlws.FILTER(nNOTA,(nCUENTA=1)*(nASIG=B31)*(nAPTO="S"))),"—")} -> — | K31: {=IFERROR(_xlfn.MODE.SNGL(_xlfn._xlws.FILTER(nNOTA,(nCUENTA=1)*(nASIG=B31)*(nAPTO="N"))),"—")} -> — | L31: =SUMPRODUCT((nCUENTA=1)*(nASIG=B31)*(nNOTA=1)) -> 0 | M31: =SUMPRODUCT((nCUENTA=1)*(nASIG=B31)*(nNOTA=2)) -> 0 | N31: =SUMPRODUCT((nCUENTA=1)*(nASIG=B31)*(nNOTA=3)) -> 0 | O31: =SUMPRODUCT((nCUENTA=1)*(nASIG=B31)*(nNOTA=4)) -> 0 | P31: =SUMPRODUCT((nCUENTA=1)*(nASIG=B31)*(nNOTA=5)) -> 0 | Q31: =SUMPRODUCT((nCUENTA=1)*(nASIG=B31)*(nNOTA=6)) -> 0 | R31: =SUMPRODUCT((nCUENTA=1)*(nASIG=B31)*(nNOTA=7)) -> 0 | S31: =SUMPRODUCT((nCUENTA=1)*(nASIG=B31)*(nNOTA=8)) -> 0 | T31: =SUMPRODUCT((nCUENTA=1)*(nASIG=B31)*(nNOTA=9)) -> 0 | U31: =SUMPRODUCT((nCUENTA=1)*(nASIG=B31)*(nNOTA=10)) -> 0
A32: GLOBAL | B32: {=IFERROR(INDEX(_xlfn._xlws.FILTER(CONFIG_ASIGNATURAS!$B$2:$B$91,CONFIG_ASIGNATURAS!$G$2:$G$91="Sí"),27),"")} | C32: =IF(B32="","",IFERROR(VLOOKUP(B32,CONFIG_ASIGNATURAS!$B$2:$D$91,3,FALSE()),"Asignatura")) | D32: =SUMPRODUCT((nCUENTA=1)*(nASIG=B32)) -> 0 | E32: =IFERROR(SUMPRODUCT((nCUENTA=1)*(nASIG=B32)*(nNOTA))/D32,"—") -> — | F32: {=IFERROR(_xlfn.STDEV.P(_xlfn._xlws.FILTER(nNOTA,(nCUENTA=1)*(nASIG=B32))),"—")} -> — | G32: {=IFERROR(_xlfn.MODE.SNGL(_xlfn._xlws.FILTER(nNOTA,(nCUENTA=1)*(nASIG=B32))),"—")} -> — | H32: =IFERROR(SUMPRODUCT((nCUENTA=1)*(nASIG=B32)*(nAPTO="S"))/D32,"—") -> — | I32: =IFERROR(SUMPRODUCT((nCUENTA=1)*(nASIG=B32)*(nAPTO="N"))/D32,"—") -> — | J32: {=IFERROR(_xlfn.MODE.SNGL(_xlfn._xlws.FILTER(nNOTA,(nCUENTA=1)*(nASIG=B32)*(nAPTO="S"))),"—")} -> — | K32: {=IFERROR(_xlfn.MODE.SNGL(_xlfn._xlws.FILTER(nNOTA,(nCUENTA=1)*(nASIG=B32)*(nAPTO="N"))),"—")} -> — | L32: =SUMPRODUCT((nCUENTA=1)*(nASIG=B32)*(nNOTA=1)) -> 0 | M32: =SUMPRODUCT((nCUENTA=1)*(nASIG=B32)*(nNOTA=2)) -> 0 | N32: =SUMPRODUCT((nCUENTA=1)*(nASIG=B32)*(nNOTA=3)) -> 0 | O32: =SUMPRODUCT((nCUENTA=1)*(nASIG=B32)*(nNOTA=4)) -> 0 | P32: =SUMPRODUCT((nCUENTA=1)*(nASIG=B32)*(nNOTA=5)) -> 0 | Q32: =SUMPRODUCT((nCUENTA=1)*(nASIG=B32)*(nNOTA=6)) -> 0 | R32: =SUMPRODUCT((nCUENTA=1)*(nASIG=B32)*(nNOTA=7)) -> 0 | S32: =SUMPRODUCT((nCUENTA=1)*(nASIG=B32)*(nNOTA=8)) -> 0 | T32: =SUMPRODUCT((nCUENTA=1)*(nASIG=B32)*(nNOTA=9)) -> 0 | U32: =SUMPRODUCT((nCUENTA=1)*(nASIG=B32)*(nNOTA=10)) -> 0
A33: GLOBAL | B33: {=IFERROR(INDEX(_xlfn._xlws.FILTER(CONFIG_ASIGNATURAS!$B$2:$B$91,CONFIG_ASIGNATURAS!$G$2:$G$91="Sí"),28),"")} | C33: =IF(B33="","",IFERROR(VLOOKUP(B33,CONFIG_ASIGNATURAS!$B$2:$D$91,3,FALSE()),"Asignatura")) | D33: =SUMPRODUCT((nCUENTA=1)*(nASIG=B33)) -> 0 | E33: =IFERROR(SUMPRODUCT((nCUENTA=1)*(nASIG=B33)*(nNOTA))/D33,"—") -> — | F33: {=IFERROR(_xlfn.STDEV.P(_xlfn._xlws.FILTER(nNOTA,(nCUENTA=1)*(nASIG=B33))),"—")} -> — | G33: {=IFERROR(_xlfn.MODE.SNGL(_xlfn._xlws.FILTER(nNOTA,(nCUENTA=1)*(nASIG=B33))),"—")} -> — | H33: =IFERROR(SUMPRODUCT((nCUENTA=1)*(nASIG=B33)*(nAPTO="S"))/D33,"—") -> — | I33: =IFERROR(SUMPRODUCT((nCUENTA=1)*(nASIG=B33)*(nAPTO="N"))/D33,"—") -> — | J33: {=IFERROR(_xlfn.MODE.SNGL(_xlfn._xlws.FILTER(nNOTA,(nCUENTA=1)*(nASIG=B33)*(nAPTO="S"))),"—")} -> — | K33: {=IFERROR(_xlfn.MODE.SNGL(_xlfn._xlws.FILTER(nNOTA,(nCUENTA=1)*(nASIG=B33)*(nAPTO="N"))),"—")} -> — | L33: =SUMPRODUCT((nCUENTA=1)*(nASIG=B33)*(nNOTA=1)) -> 0 | M33: =SUMPRODUCT((nCUENTA=1)*(nASIG=B33)*(nNOTA=2)) -> 0 | N33: =SUMPRODUCT((nCUENTA=1)*(nASIG=B33)*(nNOTA=3)) -> 0 | O33: =SUMPRODUCT((nCUENTA=1)*(nASIG=B33)*(nNOTA=4)) -> 0 | P33: =SUMPRODUCT((nCUENTA=1)*(nASIG=B33)*(nNOTA=5)) -> 0 | Q33: =SUMPRODUCT((nCUENTA=1)*(nASIG=B33)*(nNOTA=6)) -> 0 | R33: =SUMPRODUCT((nCUENTA=1)*(nASIG=B33)*(nNOTA=7)) -> 0 | S33: =SUMPRODUCT((nCUENTA=1)*(nASIG=B33)*(nNOTA=8)) -> 0 | T33: =SUMPRODUCT((nCUENTA=1)*(nASIG=B33)*(nNOTA=9)) -> 0 | U33: =SUMPRODUCT((nCUENTA=1)*(nASIG=B33)*(nNOTA=10)) -> 0
A34: GLOBAL | B34: {=IFERROR(INDEX(_xlfn._xlws.FILTER(CONFIG_ASIGNATURAS!$B$2:$B$91,CONFIG_ASIGNATURAS!$G$2:$G$91="Sí"),29),"")} | C34: =IF(B34="","",IFERROR(VLOOKUP(B34,CONFIG_ASIGNATURAS!$B$2:$D$91,3,FALSE()),"Asignatura")) | D34: =SUMPRODUCT((nCUENTA=1)*(nASIG=B34)) -> 0 | E34: =IFERROR(SUMPRODUCT((nCUENTA=1)*(nASIG=B34)*(nNOTA))/D34,"—") -> — | F34: {=IFERROR(_xlfn.STDEV.P(_xlfn._xlws.FILTER(nNOTA,(nCUENTA=1)*(nASIG=B34))),"—")} -> — | G34: {=IFERROR(_xlfn.MODE.SNGL(_xlfn._xlws.FILTER(nNOTA,(nCUENTA=1)*(nASIG=B34))),"—")} -> — | H34: =IFERROR(SUMPRODUCT((nCUENTA=1)*(nASIG=B34)*(nAPTO="S"))/D34,"—") -> — | I34: =IFERROR(SUMPRODUCT((nCUENTA=1)*(nASIG=B34)*(nAPTO="N"))/D34,"—") -> — | J34: {=IFERROR(_xlfn.MODE.SNGL(_xlfn._xlws.FILTER(nNOTA,(nCUENTA=1)*(nASIG=B34)*(nAPTO="S"))),"—")} -> — | K34: {=IFERROR(_xlfn.MODE.SNGL(_xlfn._xlws.FILTER(nNOTA,(nCUENTA=1)*(nASIG=B34)*(nAPTO="N"))),"—")} -> — | L34: =SUMPRODUCT((nCUENTA=1)*(nASIG=B34)*(nNOTA=1)) -> 0 | M34: =SUMPRODUCT((nCUENTA=1)*(nASIG=B34)*(nNOTA=2)) -> 0 | N34: =SUMPRODUCT((nCUENTA=1)*(nASIG=B34)*(nNOTA=3)) -> 0 | O34: =SUMPRODUCT((nCUENTA=1)*(nASIG=B34)*(nNOTA=4)) -> 0 | P34: =SUMPRODUCT((nCUENTA=1)*(nASIG=B34)*(nNOTA=5)) -> 0 | Q34: =SUMPRODUCT((nCUENTA=1)*(nASIG=B34)*(nNOTA=6)) -> 0 | R34: =SUMPRODUCT((nCUENTA=1)*(nASIG=B34)*(nNOTA=7)) -> 0 | S34: =SUMPRODUCT((nCUENTA=1)*(nASIG=B34)*(nNOTA=8)) -> 0 | T34: =SUMPRODUCT((nCUENTA=1)*(nASIG=B34)*(nNOTA=9)) -> 0 | U34: =SUMPRODUCT((nCUENTA=1)*(nASIG=B34)*(nNOTA=10)) -> 0
A35: GLOBAL | B35: {=IFERROR(INDEX(_xlfn._xlws.FILTER(CONFIG_ASIGNATURAS!$B$2:$B$91,CONFIG_ASIGNATURAS!$G$2:$G$91="Sí"),30),"")} | C35: =IF(B35="","",IFERROR(VLOOKUP(B35,CONFIG_ASIGNATURAS!$B$2:$D$91,3,FALSE()),"Asignatura")) | D35: =SUMPRODUCT((nCUENTA=1)*(nASIG=B35)) -> 0 | E35: =IFERROR(SUMPRODUCT((nCUENTA=1)*(nASIG=B35)*(nNOTA))/D35,"—") -> — | F35: {=IFERROR(_xlfn.STDEV.P(_xlfn._xlws.FILTER(nNOTA,(nCUENTA=1)*(nASIG=B35))),"—")} -> — | G35: {=IFERROR(_xlfn.MODE.SNGL(_xlfn._xlws.FILTER(nNOTA,(nCUENTA=1)*(nASIG=B35))),"—")} -> — | H35: =IFERROR(SUMPRODUCT((nCUENTA=1)*(nASIG=B35)*(nAPTO="S"))/D35,"—") -> — | I35: =IFERROR(SUMPRODUCT((nCUENTA=1)*(nASIG=B35)*(nAPTO="N"))/D35,"—") -> — | J35: {=IFERROR(_xlfn.MODE.SNGL(_xlfn._xlws.FILTER(nNOTA,(nCUENTA=1)*(nASIG=B35)*(nAPTO="S"))),"—")} -> — | K35: {=IFERROR(_xlfn.MODE.SNGL(_xlfn._xlws.FILTER(nNOTA,(nCUENTA=1)*(nASIG=B35)*(nAPTO="N"))),"—")} -> — | L35: =SUMPRODUCT((nCUENTA=1)*(nASIG=B35)*(nNOTA=1)) -> 0 | M35: =SUMPRODUCT((nCUENTA=1)*(nASIG=B35)*(nNOTA=2)) -> 0 | N35: =SUMPRODUCT((nCUENTA=1)*(nASIG=B35)*(nNOTA=3)) -> 0 | O35: =SUMPRODUCT((nCUENTA=1)*(nASIG=B35)*(nNOTA=4)) -> 0 | P35: =SUMPRODUCT((nCUENTA=1)*(nASIG=B35)*(nNOTA=5)) -> 0 | Q35: =SUMPRODUCT((nCUENTA=1)*(nASIG=B35)*(nNOTA=6)) -> 0 | R35: =SUMPRODUCT((nCUENTA=1)*(nASIG=B35)*(nNOTA=7)) -> 0 | S35: =SUMPRODUCT((nCUENTA=1)*(nASIG=B35)*(nNOTA=8)) -> 0 | T35: =SUMPRODUCT((nCUENTA=1)*(nASIG=B35)*(nNOTA=9)) -> 0 | U35: =SUMPRODUCT((nCUENTA=1)*(nASIG=B35)*(nNOTA=10)) -> 0
A36: GLOBAL | B36: {=IFERROR(INDEX(_xlfn._xlws.FILTER(CONFIG_ASIGNATURAS!$B$2:$B$91,CONFIG_ASIGNATURAS!$G$2:$G$91="Sí"),31),"")} | C36: =IF(B36="","",IFERROR(VLOOKUP(B36,CONFIG_ASIGNATURAS!$B$2:$D$91,3,FALSE()),"Asignatura")) | D36: =SUMPRODUCT((nCUENTA=1)*(nASIG=B36)) -> 0 | E36: =IFERROR(SUMPRODUCT((nCUENTA=1)*(nASIG=B36)*(nNOTA))/D36,"—") -> — | F36: {=IFERROR(_xlfn.STDEV.P(_xlfn._xlws.FILTER(nNOTA,(nCUENTA=1)*(nASIG=B36))),"—")} -> — | G36: {=IFERROR(_xlfn.MODE.SNGL(_xlfn._xlws.FILTER(nNOTA,(nCUENTA=1)*(nASIG=B36))),"—")} -> — | H36: =IFERROR(SUMPRODUCT((nCUENTA=1)*(nASIG=B36)*(nAPTO="S"))/D36,"—") -> — | I36: =IFERROR(SUMPRODUCT((nCUENTA=1)*(nASIG=B36)*(nAPTO="N"))/D36,"—") -> — | J36: {=IFERROR(_xlfn.MODE.SNGL(_xlfn._xlws.FILTER(nNOTA,(nCUENTA=1)*(nASIG=B36)*(nAPTO="S"))),"—")} -> — | K36: {=IFERROR(_xlfn.MODE.SNGL(_xlfn._xlws.FILTER(nNOTA,(nCUENTA=1)*(nASIG=B36)*(nAPTO="N"))),"—")} -> — | L36: =SUMPRODUCT((nCUENTA=1)*(nASIG=B36)*(nNOTA=1)) -> 0 | M36: =SUMPRODUCT((nCUENTA=1)*(nASIG=B36)*(nNOTA=2)) -> 0 | N36: =SUMPRODUCT((nCUENTA=1)*(nASIG=B36)*(nNOTA=3)) -> 0 | O36: =SUMPRODUCT((nCUENTA=1)*(nASIG=B36)*(nNOTA=4)) -> 0 | P36: =SUMPRODUCT((nCUENTA=1)*(nASIG=B36)*(nNOTA=5)) -> 0 | Q36: =SUMPRODUCT((nCUENTA=1)*(nASIG=B36)*(nNOTA=6)) -> 0 | R36: =SUMPRODUCT((nCUENTA=1)*(nASIG=B36)*(nNOTA=7)) -> 0 | S36: =SUMPRODUCT((nCUENTA=1)*(nASIG=B36)*(nNOTA=8)) -> 0 | T36: =SUMPRODUCT((nCUENTA=1)*(nASIG=B36)*(nNOTA=9)) -> 0 | U36: =SUMPRODUCT((nCUENTA=1)*(nASIG=B36)*(nNOTA=10)) -> 0
A37: GLOBAL | B37: {=IFERROR(INDEX(_xlfn._xlws.FILTER(CONFIG_ASIGNATURAS!$B$2:$B$91,CONFIG_ASIGNATURAS!$G$2:$G$91="Sí"),32),"")} | C37: =IF(B37="","",IFERROR(VLOOKUP(B37,CONFIG_ASIGNATURAS!$B$2:$D$91,3,FALSE()),"Asignatura")) | D37: =SUMPRODUCT((nCUENTA=1)*(nASIG=B37)) -> 0 | E37: =IFERROR(SUMPRODUCT((nCUENTA=1)*(nASIG=B37)*(nNOTA))/D37,"—") -> — | F37: {=IFERROR(_xlfn.STDEV.P(_xlfn._xlws.FILTER(nNOTA,(nCUENTA=1)*(nASIG=B37))),"—")} -> — | G37: {=IFERROR(_xlfn.MODE.SNGL(_xlfn._xlws.FILTER(nNOTA,(nCUENTA=1)*(nASIG=B37))),"—")} -> — | H37: =IFERROR(SUMPRODUCT((nCUENTA=1)*(nASIG=B37)*(nAPTO="S"))/D37,"—") -> — | I37: =IFERROR(SUMPRODUCT((nCUENTA=1)*(nASIG=B37)*(nAPTO="N"))/D37,"—") -> — | J37: {=IFERROR(_xlfn.MODE.SNGL(_xlfn._xlws.FILTER(nNOTA,(nCUENTA=1)*(nASIG=B37)*(nAPTO="S"))),"—")} -> — | K37: {=IFERROR(_xlfn.MODE.SNGL(_xlfn._xlws.FILTER(nNOTA,(nCUENTA=1)*(nASIG=B37)*(nAPTO="N"))),"—")} -> — | L37: =SUMPRODUCT((nCUENTA=1)*(nASIG=B37)*(nNOTA=1)) -> 0 | M37: =SUMPRODUCT((nCUENTA=1)*(nASIG=B37)*(nNOTA=2)) -> 0 | N37: =SUMPRODUCT((nCUENTA=1)*(nASIG=B37)*(nNOTA=3)) -> 0 | O37: =SUMPRODUCT((nCUENTA=1)*(nASIG=B37)*(nNOTA=4)) -> 0 | P37: =SUMPRODUCT((nCUENTA=1)*(nASIG=B37)*(nNOTA=5)) -> 0 | Q37: =SUMPRODUCT((nCUENTA=1)*(nASIG=B37)*(nNOTA=6)) -> 0 | R37: =SUMPRODUCT((nCUENTA=1)*(nASIG=B37)*(nNOTA=7)) -> 0 | S37: =SUMPRODUCT((nCUENTA=1)*(nASIG=B37)*(nNOTA=8)) -> 0 | T37: =SUMPRODUCT((nCUENTA=1)*(nASIG=B37)*(nNOTA=9)) -> 0 | U37: =SUMPRODUCT((nCUENTA=1)*(nASIG=B37)*(nNOTA=10)) -> 0
A38: GLOBAL | B38: {=IFERROR(INDEX(_xlfn._xlws.FILTER(CONFIG_ASIGNATURAS!$B$2:$B$91,CONFIG_ASIGNATURAS!$G$2:$G$91="Sí"),33),"")} | C38: =IF(B38="","",IFERROR(VLOOKUP(B38,CONFIG_ASIGNATURAS!$B$2:$D$91,3,FALSE()),"Asignatura")) | D38: =SUMPRODUCT((nCUENTA=1)*(nASIG=B38)) -> 0 | E38: =IFERROR(SUMPRODUCT((nCUENTA=1)*(nASIG=B38)*(nNOTA))/D38,"—") -> — | F38: {=IFERROR(_xlfn.STDEV.P(_xlfn._xlws.FILTER(nNOTA,(nCUENTA=1)*(nASIG=B38))),"—")} -> — | G38: {=IFERROR(_xlfn.MODE.SNGL(_xlfn._xlws.FILTER(nNOTA,(nCUENTA=1)*(nASIG=B38))),"—")} -> — | H38: =IFERROR(SUMPRODUCT((nCUENTA=1)*(nASIG=B38)*(nAPTO="S"))/D38,"—") -> — | I38: =IFERROR(SUMPRODUCT((nCUENTA=1)*(nASIG=B38)*(nAPTO="N"))/D38,"—") -> — | J38: {=IFERROR(_xlfn.MODE.SNGL(_xlfn._xlws.FILTER(nNOTA,(nCUENTA=1)*(nASIG=B38)*(nAPTO="S"))),"—")} -> — | K38: {=IFERROR(_xlfn.MODE.SNGL(_xlfn._xlws.FILTER(nNOTA,(nCUENTA=1)*(nASIG=B38)*(nAPTO="N"))),"—")} -> — | L38: =SUMPRODUCT((nCUENTA=1)*(nASIG=B38)*(nNOTA=1)) -> 0 | M38: =SUMPRODUCT((nCUENTA=1)*(nASIG=B38)*(nNOTA=2)) -> 0 | N38: =SUMPRODUCT((nCUENTA=1)*(nASIG=B38)*(nNOTA=3)) -> 0 | O38: =SUMPRODUCT((nCUENTA=1)*(nASIG=B38)*(nNOTA=4)) -> 0 | P38: =SUMPRODUCT((nCUENTA=1)*(nASIG=B38)*(nNOTA=5)) -> 0 | Q38: =SUMPRODUCT((nCUENTA=1)*(nASIG=B38)*(nNOTA=6)) -> 0 | R38: =SUMPRODUCT((nCUENTA=1)*(nASIG=B38)*(nNOTA=7)) -> 0 | S38: =SUMPRODUCT((nCUENTA=1)*(nASIG=B38)*(nNOTA=8)) -> 0 | T38: =SUMPRODUCT((nCUENTA=1)*(nASIG=B38)*(nNOTA=9)) -> 0 | U38: =SUMPRODUCT((nCUENTA=1)*(nASIG=B38)*(nNOTA=10)) -> 0
A39: GLOBAL | B39: {=IFERROR(INDEX(_xlfn._xlws.FILTER(CONFIG_ASIGNATURAS!$B$2:$B$91,CONFIG_ASIGNATURAS!$G$2:$G$91="Sí"),34),"")} | C39: =IF(B39="","",IFERROR(VLOOKUP(B39,CONFIG_ASIGNATURAS!$B$2:$D$91,3,FALSE()),"Asignatura")) | D39: =SUMPRODUCT((nCUENTA=1)*(nASIG=B39)) -> 0 | E39: =IFERROR(SUMPRODUCT((nCUENTA=1)*(nASIG=B39)*(nNOTA))/D39,"—") -> — | F39: {=IFERROR(_xlfn.STDEV.P(_xlfn._xlws.FILTER(nNOTA,(nCUENTA=1)*(nASIG=B39))),"—")} -> — | G39: {=IFERROR(_xlfn.MODE.SNGL(_xlfn._xlws.FILTER(nNOTA,(nCUENTA=1)*(nASIG=B39))),"—")} -> — | H39: =IFERROR(SUMPRODUCT((nCUENTA=1)*(nASIG=B39)*(nAPTO="S"))/D39,"—") -> — | I39: =IFERROR(SUMPRODUCT((nCUENTA=1)*(nASIG=B39)*(nAPTO="N"))/D39,"—") -> — | J39: {=IFERROR(_xlfn.MODE.SNGL(_xlfn._xlws.FILTER(nNOTA,(nCUENTA=1)*(nASIG=B39)*(nAPTO="S"))),"—")} -> — | K39: {=IFERROR(_xlfn.MODE.SNGL(_xlfn._xlws.FILTER(nNOTA,(nCUENTA=1)*(nASIG=B39)*(nAPTO="N"))),"—")} -> — | L39: =SUMPRODUCT((nCUENTA=1)*(nASIG=B39)*(nNOTA=1)) -> 0 | M39: =SUMPRODUCT((nCUENTA=1)*(nASIG=B39)*(nNOTA=2)) -> 0 | N39: =SUMPRODUCT((nCUENTA=1)*(nASIG=B39)*(nNOTA=3)) -> 0 | O39: =SUMPRODUCT((nCUENTA=1)*(nASIG=B39)*(nNOTA=4)) -> 0 | P39: =SUMPRODUCT((nCUENTA=1)*(nASIG=B39)*(nNOTA=5)) -> 0 | Q39: =SUMPRODUCT((nCUENTA=1)*(nASIG=B39)*(nNOTA=6)) -> 0 | R39: =SUMPRODUCT((nCUENTA=1)*(nASIG=B39)*(nNOTA=7)) -> 0 | S39: =SUMPRODUCT((nCUENTA=1)*(nASIG=B39)*(nNOTA=8)) -> 0 | T39: =SUMPRODUCT((nCUENTA=1)*(nASIG=B39)*(nNOTA=9)) -> 0 | U39: =SUMPRODUCT((nCUENTA=1)*(nASIG=B39)*(nNOTA=10)) -> 0
A40: GLOBAL | B40: {=IFERROR(INDEX(_xlfn._xlws.FILTER(CONFIG_ASIGNATURAS!$B$2:$B$91,CONFIG_ASIGNATURAS!$G$2:$G$91="Sí"),35),"")} | C40: =IF(B40="","",IFERROR(VLOOKUP(B40,CONFIG_ASIGNATURAS!$B$2:$D$91,3,FALSE()),"Asignatura")) | D40: =SUMPRODUCT((nCUENTA=1)*(nASIG=B40)) -> 0 | E40: =IFERROR(SUMPRODUCT((nCUENTA=1)*(nASIG=B40)*(nNOTA))/D40,"—") -> — | F40: {=IFERROR(_xlfn.STDEV.P(_xlfn._xlws.FILTER(nNOTA,(nCUENTA=1)*(nASIG=B40))),"—")} -> — | G40: {=IFERROR(_xlfn.MODE.SNGL(_xlfn._xlws.FILTER(nNOTA,(nCUENTA=1)*(nASIG=B40))),"—")} -> — | H40: =IFERROR(SUMPRODUCT((nCUENTA=1)*(nASIG=B40)*(nAPTO="S"))/D40,"—") -> — | I40: =IFERROR(SUMPRODUCT((nCUENTA=1)*(nASIG=B40)*(nAPTO="N"))/D40,"—") -> — | J40: {=IFERROR(_xlfn.MODE.SNGL(_xlfn._xlws.FILTER(nNOTA,(nCUENTA=1)*(nASIG=B40)*(nAPTO="S"))),"—")} -> — | K40: {=IFERROR(_xlfn.MODE.SNGL(_xlfn._xlws.FILTER(nNOTA,(nCUENTA=1)*(nASIG=B40)*(nAPTO="N"))),"—")} -> — | L40: =SUMPRODUCT((nCUENTA=1)*(nASIG=B40)*(nNOTA=1)) -> 0 | M40: =SUMPRODUCT((nCUENTA=1)*(nASIG=B40)*(nNOTA=2)) -> 0 | N40: =SUMPRODUCT((nCUENTA=1)*(nASIG=B40)*(nNOTA=3)) -> 0 | O40: =SUMPRODUCT((nCUENTA=1)*(nASIG=B40)*(nNOTA=4)) -> 0 | P40: =SUMPRODUCT((nCUENTA=1)*(nASIG=B40)*(nNOTA=5)) -> 0 | Q40: =SUMPRODUCT((nCUENTA=1)*(nASIG=B40)*(nNOTA=6)) -> 0 | R40: =SUMPRODUCT((nCUENTA=1)*(nASIG=B40)*(nNOTA=7)) -> 0 | S40: =SUMPRODUCT((nCUENTA=1)*(nASIG=B40)*(nNOTA=8)) -> 0 | T40: =SUMPRODUCT((nCUENTA=1)*(nASIG=B40)*(nNOTA=9)) -> 0 | U40: =SUMPRODUCT((nCUENTA=1)*(nASIG=B40)*(nNOTA=10)) -> 0
A41: GLOBAL | B41: {=IFERROR(INDEX(_xlfn._xlws.FILTER(CONFIG_ASIGNATURAS!$B$2:$B$91,CONFIG_ASIGNATURAS!$G$2:$G$91="Sí"),36),"")} | C41: =IF(B41="","",IFERROR(VLOOKUP(B41,CONFIG_ASIGNATURAS!$B$2:$D$91,3,FALSE()),"Asignatura")) | D41: =SUMPRODUCT((nCUENTA=1)*(nASIG=B41)) -> 0 | E41: =IFERROR(SUMPRODUCT((nCUENTA=1)*(nASIG=B41)*(nNOTA))/D41,"—") -> — | F41: {=IFERROR(_xlfn.STDEV.P(_xlfn._xlws.FILTER(nNOTA,(nCUENTA=1)*(nASIG=B41))),"—")} -> — | G41: {=IFERROR(_xlfn.MODE.SNGL(_xlfn._xlws.FILTER(nNOTA,(nCUENTA=1)*(nASIG=B41))),"—")} -> — | H41: =IFERROR(SUMPRODUCT((nCUENTA=1)*(nASIG=B41)*(nAPTO="S"))/D41,"—") -> — | I41: =IFERROR(SUMPRODUCT((nCUENTA=1)*(nASIG=B41)*(nAPTO="N"))/D41,"—") -> — | J41: {=IFERROR(_xlfn.MODE.SNGL(_xlfn._xlws.FILTER(nNOTA,(nCUENTA=1)*(nASIG=B41)*(nAPTO="S"))),"—")} -> — | K41: {=IFERROR(_xlfn.MODE.SNGL(_xlfn._xlws.FILTER(nNOTA,(nCUENTA=1)*(nASIG=B41)*(nAPTO="N"))),"—")} -> — | L41: =SUMPRODUCT((nCUENTA=1)*(nASIG=B41)*(nNOTA=1)) -> 0 | M41: =SUMPRODUCT((nCUENTA=1)*(nASIG=B41)*(nNOTA=2)) -> 0 | N41: =SUMPRODUCT((nCUENTA=1)*(nASIG=B41)*(nNOTA=3)) -> 0 | O41: =SUMPRODUCT((nCUENTA=1)*(nASIG=B41)*(nNOTA=4)) -> 0 | P41: =SUMPRODUCT((nCUENTA=1)*(nASIG=B41)*(nNOTA=5)) -> 0 | Q41: =SUMPRODUCT((nCUENTA=1)*(nASIG=B41)*(nNOTA=6)) -> 0 | R41: =SUMPRODUCT((nCUENTA=1)*(nASIG=B41)*(nNOTA=7)) -> 0 | S41: =SUMPRODUCT((nCUENTA=1)*(nASIG=B41)*(nNOTA=8)) -> 0 | T41: =SUMPRODUCT((nCUENTA=1)*(nASIG=B41)*(nNOTA=9)) -> 0 | U41: =SUMPRODUCT((nCUENTA=1)*(nASIG=B41)*(nNOTA=10)) -> 0
A42: GLOBAL | B42: {=IFERROR(INDEX(_xlfn._xlws.FILTER(CONFIG_ASIGNATURAS!$B$2:$B$91,CONFIG_ASIGNATURAS!$G$2:$G$91="Sí"),37),"")} | C42: =IF(B42="","",IFERROR(VLOOKUP(B42,CONFIG_ASIGNATURAS!$B$2:$D$91,3,FALSE()),"Asignatura")) | D42: =SUMPRODUCT((nCUENTA=1)*(nASIG=B42)) -> 0 | E42: =IFERROR(SUMPRODUCT((nCUENTA=1)*(nASIG=B42)*(nNOTA))/D42,"—") -> — | F42: {=IFERROR(_xlfn.STDEV.P(_xlfn._xlws.FILTER(nNOTA,(nCUENTA=1)*(nASIG=B42))),"—")} -> — | G42: {=IFERROR(_xlfn.MODE.SNGL(_xlfn._xlws.FILTER(nNOTA,(nCUENTA=1)*(nASIG=B42))),"—")} -> — | H42: =IFERROR(SUMPRODUCT((nCUENTA=1)*(nASIG=B42)*(nAPTO="S"))/D42,"—") -> — | I42: =IFERROR(SUMPRODUCT((nCUENTA=1)*(nASIG=B42)*(nAPTO="N"))/D42,"—") -> — | J42: {=IFERROR(_xlfn.MODE.SNGL(_xlfn._xlws.FILTER(nNOTA,(nCUENTA=1)*(nASIG=B42)*(nAPTO="S"))),"—")} -> — | K42: {=IFERROR(_xlfn.MODE.SNGL(_xlfn._xlws.FILTER(nNOTA,(nCUENTA=1)*(nASIG=B42)*(nAPTO="N"))),"—")} -> — | L42: =SUMPRODUCT((nCUENTA=1)*(nASIG=B42)*(nNOTA=1)) -> 0 | M42: =SUMPRODUCT((nCUENTA=1)*(nASIG=B42)*(nNOTA=2)) -> 0 | N42: =SUMPRODUCT((nCUENTA=1)*(nASIG=B42)*(nNOTA=3)) -> 0 | O42: =SUMPRODUCT((nCUENTA=1)*(nASIG=B42)*(nNOTA=4)) -> 0 | P42: =SUMPRODUCT((nCUENTA=1)*(nASIG=B42)*(nNOTA=5)) -> 0 | Q42: =SUMPRODUCT((nCUENTA=1)*(nASIG=B42)*(nNOTA=6)) -> 0 | R42: =SUMPRODUCT((nCUENTA=1)*(nASIG=B42)*(nNOTA=7)) -> 0 | S42: =SUMPRODUCT((nCUENTA=1)*(nASIG=B42)*(nNOTA=8)) -> 0 | T42: =SUMPRODUCT((nCUENTA=1)*(nASIG=B42)*(nNOTA=9)) -> 0 | U42: =SUMPRODUCT((nCUENTA=1)*(nASIG=B42)*(nNOTA=10)) -> 0
A43: GLOBAL | B43: {=IFERROR(INDEX(_xlfn._xlws.FILTER(CONFIG_ASIGNATURAS!$B$2:$B$91,CONFIG_ASIGNATURAS!$G$2:$G$91="Sí"),38),"")} | C43: =IF(B43="","",IFERROR(VLOOKUP(B43,CONFIG_ASIGNATURAS!$B$2:$D$91,3,FALSE()),"Asignatura")) | D43: =SUMPRODUCT((nCUENTA=1)*(nASIG=B43)) -> 0 | E43: =IFERROR(SUMPRODUCT((nCUENTA=1)*(nASIG=B43)*(nNOTA))/D43,"—") -> — | F43: {=IFERROR(_xlfn.STDEV.P(_xlfn._xlws.FILTER(nNOTA,(nCUENTA=1)*(nASIG=B43))),"—")} -> — | G43: {=IFERROR(_xlfn.MODE.SNGL(_xlfn._xlws.FILTER(nNOTA,(nCUENTA=1)*(nASIG=B43))),"—")} -> — | H43: =IFERROR(SUMPRODUCT((nCUENTA=1)*(nASIG=B43)*(nAPTO="S"))/D43,"—") -> — | I43: =IFERROR(SUMPRODUCT((nCUENTA=1)*(nASIG=B43)*(nAPTO="N"))/D43,"—") -> — | J43: {=IFERROR(_xlfn.MODE.SNGL(_xlfn._xlws.FILTER(nNOTA,(nCUENTA=1)*(nASIG=B43)*(nAPTO="S"))),"—")} -> — | K43: {=IFERROR(_xlfn.MODE.SNGL(_xlfn._xlws.FILTER(nNOTA,(nCUENTA=1)*(nASIG=B43)*(nAPTO="N"))),"—")} -> — | L43: =SUMPRODUCT((nCUENTA=1)*(nASIG=B43)*(nNOTA=1)) -> 0 | M43: =SUMPRODUCT((nCUENTA=1)*(nASIG=B43)*(nNOTA=2)) -> 0 | N43: =SUMPRODUCT((nCUENTA=1)*(nASIG=B43)*(nNOTA=3)) -> 0 | O43: =SUMPRODUCT((nCUENTA=1)*(nASIG=B43)*(nNOTA=4)) -> 0 | P43: =SUMPRODUCT((nCUENTA=1)*(nASIG=B43)*(nNOTA=5)) -> 0 | Q43: =SUMPRODUCT((nCUENTA=1)*(nASIG=B43)*(nNOTA=6)) -> 0 | R43: =SUMPRODUCT((nCUENTA=1)*(nASIG=B43)*(nNOTA=7)) -> 0 | S43: =SUMPRODUCT((nCUENTA=1)*(nASIG=B43)*(nNOTA=8)) -> 0 | T43: =SUMPRODUCT((nCUENTA=1)*(nASIG=B43)*(nNOTA=9)) -> 0 | U43: =SUMPRODUCT((nCUENTA=1)*(nASIG=B43)*(nNOTA=10)) -> 0
A44: GLOBAL | B44: {=IFERROR(INDEX(_xlfn._xlws.FILTER(CONFIG_ASIGNATURAS!$B$2:$B$91,CONFIG_ASIGNATURAS!$G$2:$G$91="Sí"),39),"")} | C44: =IF(B44="","",IFERROR(VLOOKUP(B44,CONFIG_ASIGNATURAS!$B$2:$D$91,3,FALSE()),"Asignatura")) | D44: =SUMPRODUCT((nCUENTA=1)*(nASIG=B44)) -> 0 | E44: =IFERROR(SUMPRODUCT((nCUENTA=1)*(nASIG=B44)*(nNOTA))/D44,"—") -> — | F44: {=IFERROR(_xlfn.STDEV.P(_xlfn._xlws.FILTER(nNOTA,(nCUENTA=1)*(nASIG=B44))),"—")} -> — | G44: {=IFERROR(_xlfn.MODE.SNGL(_xlfn._xlws.FILTER(nNOTA,(nCUENTA=1)*(nASIG=B44))),"—")} -> — | H44: =IFERROR(SUMPRODUCT((nCUENTA=1)*(nASIG=B44)*(nAPTO="S"))/D44,"—") -> — | I44: =IFERROR(SUMPRODUCT((nCUENTA=1)*(nASIG=B44)*(nAPTO="N"))/D44,"—") -> — | J44: {=IFERROR(_xlfn.MODE.SNGL(_xlfn._xlws.FILTER(nNOTA,(nCUENTA=1)*(nASIG=B44)*(nAPTO="S"))),"—")} -> — | K44: {=IFERROR(_xlfn.MODE.SNGL(_xlfn._xlws.FILTER(nNOTA,(nCUENTA=1)*(nASIG=B44)*(nAPTO="N"))),"—")} -> — | L44: =SUMPRODUCT((nCUENTA=1)*(nASIG=B44)*(nNOTA=1)) -> 0 | M44: =SUMPRODUCT((nCUENTA=1)*(nASIG=B44)*(nNOTA=2)) -> 0 | N44: =SUMPRODUCT((nCUENTA=1)*(nASIG=B44)*(nNOTA=3)) -> 0 | O44: =SUMPRODUCT((nCUENTA=1)*(nASIG=B44)*(nNOTA=4)) -> 0 | P44: =SUMPRODUCT((nCUENTA=1)*(nASIG=B44)*(nNOTA=5)) -> 0 | Q44: =SUMPRODUCT((nCUENTA=1)*(nASIG=B44)*(nNOTA=6)) -> 0 | R44: =SUMPRODUCT((nCUENTA=1)*(nASIG=B44)*(nNOTA=7)) -> 0 | S44: =SUMPRODUCT((nCUENTA=1)*(nASIG=B44)*(nNOTA=8)) -> 0 | T44: =SUMPRODUCT((nCUENTA=1)*(nASIG=B44)*(nNOTA=9)) -> 0 | U44: =SUMPRODUCT((nCUENTA=1)*(nASIG=B44)*(nNOTA=10)) -> 0
A45: GLOBAL | B45: {=IFERROR(INDEX(_xlfn._xlws.FILTER(CONFIG_ASIGNATURAS!$B$2:$B$91,CONFIG_ASIGNATURAS!$G$2:$G$91="Sí"),40),"")} | C45: =IF(B45="","",IFERROR(VLOOKUP(B45,CONFIG_ASIGNATURAS!$B$2:$D$91,3,FALSE()),"Asignatura")) | D45: =SUMPRODUCT((nCUENTA=1)*(nASIG=B45)) -> 0 | E45: =IFERROR(SUMPRODUCT((nCUENTA=1)*(nASIG=B45)*(nNOTA))/D45,"—") -> — | F45: {=IFERROR(_xlfn.STDEV.P(_xlfn._xlws.FILTER(nNOTA,(nCUENTA=1)*(nASIG=B45))),"—")} -> — | G45: {=IFERROR(_xlfn.MODE.SNGL(_xlfn._xlws.FILTER(nNOTA,(nCUENTA=1)*(nASIG=B45))),"—")} -> — | H45: =IFERROR(SUMPRODUCT((nCUENTA=1)*(nASIG=B45)*(nAPTO="S"))/D45,"—") -> — | I45: =IFERROR(SUMPRODUCT((nCUENTA=1)*(nASIG=B45)*(nAPTO="N"))/D45,"—") -> — | J45: {=IFERROR(_xlfn.MODE.SNGL(_xlfn._xlws.FILTER(nNOTA,(nCUENTA=1)*(nASIG=B45)*(nAPTO="S"))),"—")} -> — | K45: {=IFERROR(_xlfn.MODE.SNGL(_xlfn._xlws.FILTER(nNOTA,(nCUENTA=1)*(nASIG=B45)*(nAPTO="N"))),"—")} -> — | L45: =SUMPRODUCT((nCUENTA=1)*(nASIG=B45)*(nNOTA=1)) -> 0 | M45: =SUMPRODUCT((nCUENTA=1)*(nASIG=B45)*(nNOTA=2)) -> 0 | N45: =SUMPRODUCT((nCUENTA=1)*(nASIG=B45)*(nNOTA=3)) -> 0 | O45: =SUMPRODUCT((nCUENTA=1)*(nASIG=B45)*(nNOTA=4)) -> 0 | P45: =SUMPRODUCT((nCUENTA=1)*(nASIG=B45)*(nNOTA=5)) -> 0 | Q45: =SUMPRODUCT((nCUENTA=1)*(nASIG=B45)*(nNOTA=6)) -> 0 | R45: =SUMPRODUCT((nCUENTA=1)*(nASIG=B45)*(nNOTA=7)) -> 0 | S45: =SUMPRODUCT((nCUENTA=1)*(nASIG=B45)*(nNOTA=8)) -> 0 | T45: =SUMPRODUCT((nCUENTA=1)*(nASIG=B45)*(nNOTA=9)) -> 0 | U45: =SUMPRODUCT((nCUENTA=1)*(nASIG=B45)*(nNOTA=10)) -> 0
A46: GLOBAL | B46: {=IFERROR(INDEX(_xlfn._xlws.FILTER(CONFIG_ASIGNATURAS!$B$2:$B$91,CONFIG_ASIGNATURAS!$G$2:$G$91="Sí"),41),"")} | C46: =IF(B46="","",IFERROR(VLOOKUP(B46,CONFIG_ASIGNATURAS!$B$2:$D$91,3,FALSE()),"Asignatura")) | D46: =SUMPRODUCT((nCUENTA=1)*(nASIG=B46)) -> 0 | E46: =IFERROR(SUMPRODUCT((nCUENTA=1)*(nASIG=B46)*(nNOTA))/D46,"—") -> — | F46: {=IFERROR(_xlfn.STDEV.P(_xlfn._xlws.FILTER(nNOTA,(nCUENTA=1)*(nASIG=B46))),"—")} -> — | G46: {=IFERROR(_xlfn.MODE.SNGL(_xlfn._xlws.FILTER(nNOTA,(nCUENTA=1)*(nASIG=B46))),"—")} -> — | H46: =IFERROR(SUMPRODUCT((nCUENTA=1)*(nASIG=B46)*(nAPTO="S"))/D46,"—") -> — | I46: =IFERROR(SUMPRODUCT((nCUENTA=1)*(nASIG=B46)*(nAPTO="N"))/D46,"—") -> — | J46: {=IFERROR(_xlfn.MODE.SNGL(_xlfn._xlws.FILTER(nNOTA,(nCUENTA=1)*(nASIG=B46)*(nAPTO="S"))),"—")} -> — | K46: {=IFERROR(_xlfn.MODE.SNGL(_xlfn._xlws.FILTER(nNOTA,(nCUENTA=1)*(nASIG=B46)*(nAPTO="N"))),"—")} -> — | L46: =SUMPRODUCT((nCUENTA=1)*(nASIG=B46)*(nNOTA=1)) -> 0 | M46: =SUMPRODUCT((nCUENTA=1)*(nASIG=B46)*(nNOTA=2)) -> 0 | N46: =SUMPRODUCT((nCUENTA=1)*(nASIG=B46)*(nNOTA=3)) -> 0 | O46: =SUMPRODUCT((nCUENTA=1)*(nASIG=B46)*(nNOTA=4)) -> 0 | P46: =SUMPRODUCT((nCUENTA=1)*(nASIG=B46)*(nNOTA=5)) -> 0 | Q46: =SUMPRODUCT((nCUENTA=1)*(nASIG=B46)*(nNOTA=6)) -> 0 | R46: =SUMPRODUCT((nCUENTA=1)*(nASIG=B46)*(nNOTA=7)) -> 0 | S46: =SUMPRODUCT((nCUENTA=1)*(nASIG=B46)*(nNOTA=8)) -> 0 | T46: =SUMPRODUCT((nCUENTA=1)*(nASIG=B46)*(nNOTA=9)) -> 0 | U46: =SUMPRODUCT((nCUENTA=1)*(nASIG=B46)*(nNOTA=10)) -> 0
A47: GLOBAL | B47: {=IFERROR(INDEX(_xlfn._xlws.FILTER(CONFIG_ASIGNATURAS!$B$2:$B$91,CONFIG_ASIGNATURAS!$G$2:$G$91="Sí"),42),"")} | C47: =IF(B47="","",IFERROR(VLOOKUP(B47,CONFIG_ASIGNATURAS!$B$2:$D$91,3,FALSE()),"Asignatura")) | D47: =SUMPRODUCT((nCUENTA=1)*(nASIG=B47)) -> 0 | E47: =IFERROR(SUMPRODUCT((nCUENTA=1)*(nASIG=B47)*(nNOTA))/D47,"—") -> — | F47: {=IFERROR(_xlfn.STDEV.P(_xlfn._xlws.FILTER(nNOTA,(nCUENTA=1)*(nASIG=B47))),"—")} -> — | G47: {=IFERROR(_xlfn.MODE.SNGL(_xlfn._xlws.FILTER(nNOTA,(nCUENTA=1)*(nASIG=B47))),"—")} -> — | H47: =IFERROR(SUMPRODUCT((nCUENTA=1)*(nASIG=B47)*(nAPTO="S"))/D47,"—") -> — | I47: =IFERROR(SUMPRODUCT((nCUENTA=1)*(nASIG=B47)*(nAPTO="N"))/D47,"—") -> — | J47: {=IFERROR(_xlfn.MODE.SNGL(_xlfn._xlws.FILTER(nNOTA,(nCUENTA=1)*(nASIG=B47)*(nAPTO="S"))),"—")} -> — | K47: {=IFERROR(_xlfn.MODE.SNGL(_xlfn._xlws.FILTER(nNOTA,(nCUENTA=1)*(nASIG=B47)*(nAPTO="N"))),"—")} -> — | L47: =SUMPRODUCT((nCUENTA=1)*(nASIG=B47)*(nNOTA=1)) -> 0 | M47: =SUMPRODUCT((nCUENTA=1)*(nASIG=B47)*(nNOTA=2)) -> 0 | N47: =SUMPRODUCT((nCUENTA=1)*(nASIG=B47)*(nNOTA=3)) -> 0 | O47: =SUMPRODUCT((nCUENTA=1)*(nASIG=B47)*(nNOTA=4)) -> 0 | P47: =SUMPRODUCT((nCUENTA=1)*(nASIG=B47)*(nNOTA=5)) -> 0 | Q47: =SUMPRODUCT((nCUENTA=1)*(nASIG=B47)*(nNOTA=6)) -> 0 | R47: =SUMPRODUCT((nCUENTA=1)*(nASIG=B47)*(nNOTA=7)) -> 0 | S47: =SUMPRODUCT((nCUENTA=1)*(nASIG=B47)*(nNOTA=8)) -> 0 | T47: =SUMPRODUCT((nCUENTA=1)*(nASIG=B47)*(nNOTA=9)) -> 0 | U47: =SUMPRODUCT((nCUENTA=1)*(nASIG=B47)*(nNOTA=10)) -> 0
A48: GLOBAL | B48: {=IFERROR(INDEX(_xlfn._xlws.FILTER(CONFIG_ASIGNATURAS!$B$2:$B$91,CONFIG_ASIGNATURAS!$G$2:$G$91="Sí"),43),"")} | C48: =IF(B48="","",IFERROR(VLOOKUP(B48,CONFIG_ASIGNATURAS!$B$2:$D$91,3,FALSE()),"Asignatura")) | D48: =SUMPRODUCT((nCUENTA=1)*(nASIG=B48)) -> 0 | E48: =IFERROR(SUMPRODUCT((nCUENTA=1)*(nASIG=B48)*(nNOTA))/D48,"—") -> — | F48: {=IFERROR(_xlfn.STDEV.P(_xlfn._xlws.FILTER(nNOTA,(nCUENTA=1)*(nASIG=B48))),"—")} -> — | G48: {=IFERROR(_xlfn.MODE.SNGL(_xlfn._xlws.FILTER(nNOTA,(nCUENTA=1)*(nASIG=B48))),"—")} -> — | H48: =IFERROR(SUMPRODUCT((nCUENTA=1)*(nASIG=B48)*(nAPTO="S"))/D48,"—") -> — | I48: =IFERROR(SUMPRODUCT((nCUENTA=1)*(nASIG=B48)*(nAPTO="N"))/D48,"—") -> — | J48: {=IFERROR(_xlfn.MODE.SNGL(_xlfn._xlws.FILTER(nNOTA,(nCUENTA=1)*(nASIG=B48)*(nAPTO="S"))),"—")} -> — | K48: {=IFERROR(_xlfn.MODE.SNGL(_xlfn._xlws.FILTER(nNOTA,(nCUENTA=1)*(nASIG=B48)*(nAPTO="N"))),"—")} -> — | L48: =SUMPRODUCT((nCUENTA=1)*(nASIG=B48)*(nNOTA=1)) -> 0 | M48: =SUMPRODUCT((nCUENTA=1)*(nASIG=B48)*(nNOTA=2)) -> 0 | N48: =SUMPRODUCT((nCUENTA=1)*(nASIG=B48)*(nNOTA=3)) -> 0 | O48: =SUMPRODUCT((nCUENTA=1)*(nASIG=B48)*(nNOTA=4)) -> 0 | P48: =SUMPRODUCT((nCUENTA=1)*(nASIG=B48)*(nNOTA=5)) -> 0 | Q48: =SUMPRODUCT((nCUENTA=1)*(nASIG=B48)*(nNOTA=6)) -> 0 | R48: =SUMPRODUCT((nCUENTA=1)*(nASIG=B48)*(nNOTA=7)) -> 0 | S48: =SUMPRODUCT((nCUENTA=1)*(nASIG=B48)*(nNOTA=8)) -> 0 | T48: =SUMPRODUCT((nCUENTA=1)*(nASIG=B48)*(nNOTA=9)) -> 0 | U48: =SUMPRODUCT((nCUENTA=1)*(nASIG=B48)*(nNOTA=10)) -> 0
A49: GLOBAL | B49: {=IFERROR(INDEX(_xlfn._xlws.FILTER(CONFIG_ASIGNATURAS!$B$2:$B$91,CONFIG_ASIGNATURAS!$G$2:$G$91="Sí"),44),"")} | C49: =IF(B49="","",IFERROR(VLOOKUP(B49,CONFIG_ASIGNATURAS!$B$2:$D$91,3,FALSE()),"Asignatura")) | D49: =SUMPRODUCT((nCUENTA=1)*(nASIG=B49)) -> 0 | E49: =IFERROR(SUMPRODUCT((nCUENTA=1)*(nASIG=B49)*(nNOTA))/D49,"—") -> — | F49: {=IFERROR(_xlfn.STDEV.P(_xlfn._xlws.FILTER(nNOTA,(nCUENTA=1)*(nASIG=B49))),"—")} -> — | G49: {=IFERROR(_xlfn.MODE.SNGL(_xlfn._xlws.FILTER(nNOTA,(nCUENTA=1)*(nASIG=B49))),"—")} -> — | H49: =IFERROR(SUMPRODUCT((nCUENTA=1)*(nASIG=B49)*(nAPTO="S"))/D49,"—") -> — | I49: =IFERROR(SUMPRODUCT((nCUENTA=1)*(nASIG=B49)*(nAPTO="N"))/D49,"—") -> — | J49: {=IFERROR(_xlfn.MODE.SNGL(_xlfn._xlws.FILTER(nNOTA,(nCUENTA=1)*(nASIG=B49)*(nAPTO="S"))),"—")} -> — | K49: {=IFERROR(_xlfn.MODE.SNGL(_xlfn._xlws.FILTER(nNOTA,(nCUENTA=1)*(nASIG=B49)*(nAPTO="N"))),"—")} -> — | L49: =SUMPRODUCT((nCUENTA=1)*(nASIG=B49)*(nNOTA=1)) -> 0 | M49: =SUMPRODUCT((nCUENTA=1)*(nASIG=B49)*(nNOTA=2)) -> 0 | N49: =SUMPRODUCT((nCUENTA=1)*(nASIG=B49)*(nNOTA=3)) -> 0 | O49: =SUMPRODUCT((nCUENTA=1)*(nASIG=B49)*(nNOTA=4)) -> 0 | P49: =SUMPRODUCT((nCUENTA=1)*(nASIG=B49)*(nNOTA=5)) -> 0 | Q49: =SUMPRODUCT((nCUENTA=1)*(nASIG=B49)*(nNOTA=6)) -> 0 | R49: =SUMPRODUCT((nCUENTA=1)*(nASIG=B49)*(nNOTA=7)) -> 0 | S49: =SUMPRODUCT((nCUENTA=1)*(nASIG=B49)*(nNOTA=8)) -> 0 | T49: =SUMPRODUCT((nCUENTA=1)*(nASIG=B49)*(nNOTA=9)) -> 0 | U49: =SUMPRODUCT((nCUENTA=1)*(nASIG=B49)*(nNOTA=10)) -> 0
A50: GLOBAL | B50: {=IFERROR(INDEX(_xlfn._xlws.FILTER(CONFIG_ASIGNATURAS!$B$2:$B$91,CONFIG_ASIGNATURAS!$G$2:$G$91="Sí"),45),"")} | C50: =IF(B50="","",IFERROR(VLOOKUP(B50,CONFIG_ASIGNATURAS!$B$2:$D$91,3,FALSE()),"Asignatura")) | D50: =SUMPRODUCT((nCUENTA=1)*(nASIG=B50)) -> 0 | E50: =IFERROR(SUMPRODUCT((nCUENTA=1)*(nASIG=B50)*(nNOTA))/D50,"—") -> — | F50: {=IFERROR(_xlfn.STDEV.P(_xlfn._xlws.FILTER(nNOTA,(nCUENTA=1)*(nASIG=B50))),"—")} -> — | G50: {=IFERROR(_xlfn.MODE.SNGL(_xlfn._xlws.FILTER(nNOTA,(nCUENTA=1)*(nASIG=B50))),"—")} -> — | H50: =IFERROR(SUMPRODUCT((nCUENTA=1)*(nASIG=B50)*(nAPTO="S"))/D50,"—") -> — | I50: =IFERROR(SUMPRODUCT((nCUENTA=1)*(nASIG=B50)*(nAPTO="N"))/D50,"—") -> — | J50: {=IFERROR(_xlfn.MODE.SNGL(_xlfn._xlws.FILTER(nNOTA,(nCUENTA=1)*(nASIG=B50)*(nAPTO="S"))),"—")} -> — | K50: {=IFERROR(_xlfn.MODE.SNGL(_xlfn._xlws.FILTER(nNOTA,(nCUENTA=1)*(nASIG=B50)*(nAPTO="N"))),"—")} -> — | L50: =SUMPRODUCT((nCUENTA=1)*(nASIG=B50)*(nNOTA=1)) -> 0 | M50: =SUMPRODUCT((nCUENTA=1)*(nASIG=B50)*(nNOTA=2)) -> 0 | N50: =SUMPRODUCT((nCUENTA=1)*(nASIG=B50)*(nNOTA=3)) -> 0 | O50: =SUMPRODUCT((nCUENTA=1)*(nASIG=B50)*(nNOTA=4)) -> 0 | P50: =SUMPRODUCT((nCUENTA=1)*(nASIG=B50)*(nNOTA=5)) -> 0 | Q50: =SUMPRODUCT((nCUENTA=1)*(nASIG=B50)*(nNOTA=6)) -> 0 | R50: =SUMPRODUCT((nCUENTA=1)*(nASIG=B50)*(nNOTA=7)) -> 0 | S50: =SUMPRODUCT((nCUENTA=1)*(nASIG=B50)*(nNOTA=8)) -> 0 | T50: =SUMPRODUCT((nCUENTA=1)*(nASIG=B50)*(nNOTA=9)) -> 0 | U50: =SUMPRODUCT((nCUENTA=1)*(nASIG=B50)*(nNOTA=10)) -> 0
A51: GLOBAL | B51: {=IFERROR(INDEX(_xlfn._xlws.FILTER(CONFIG_ASIGNATURAS!$B$2:$B$91,CONFIG_ASIGNATURAS!$G$2:$G$91="Sí"),46),"")} | C51: =IF(B51="","",IFERROR(VLOOKUP(B51,CONFIG_ASIGNATURAS!$B$2:$D$91,3,FALSE()),"Asignatura")) | D51: =SUMPRODUCT((nCUENTA=1)*(nASIG=B51)) -> 0 | E51: =IFERROR(SUMPRODUCT((nCUENTA=1)*(nASIG=B51)*(nNOTA))/D51,"—") -> — | F51: {=IFERROR(_xlfn.STDEV.P(_xlfn._xlws.FILTER(nNOTA,(nCUENTA=1)*(nASIG=B51))),"—")} -> — | G51: {=IFERROR(_xlfn.MODE.SNGL(_xlfn._xlws.FILTER(nNOTA,(nCUENTA=1)*(nASIG=B51))),"—")} -> — | H51: =IFERROR(SUMPRODUCT((nCUENTA=1)*(nASIG=B51)*(nAPTO="S"))/D51,"—") -> — | I51: =IFERROR(SUMPRODUCT((nCUENTA=1)*(nASIG=B51)*(nAPTO="N"))/D51,"—") -> — | J51: {=IFERROR(_xlfn.MODE.SNGL(_xlfn._xlws.FILTER(nNOTA,(nCUENTA=1)*(nASIG=B51)*(nAPTO="S"))),"—")} -> — | K51: {=IFERROR(_xlfn.MODE.SNGL(_xlfn._xlws.FILTER(nNOTA,(nCUENTA=1)*(nASIG=B51)*(nAPTO="N"))),"—")} -> — | L51: =SUMPRODUCT((nCUENTA=1)*(nASIG=B51)*(nNOTA=1)) -> 0 | M51: =SUMPRODUCT((nCUENTA=1)*(nASIG=B51)*(nNOTA=2)) -> 0 | N51: =SUMPRODUCT((nCUENTA=1)*(nASIG=B51)*(nNOTA=3)) -> 0 | O51: =SUMPRODUCT((nCUENTA=1)*(nASIG=B51)*(nNOTA=4)) -> 0 | P51: =SUMPRODUCT((nCUENTA=1)*(nASIG=B51)*(nNOTA=5)) -> 0 | Q51: =SUMPRODUCT((nCUENTA=1)*(nASIG=B51)*(nNOTA=6)) -> 0 | R51: =SUMPRODUCT((nCUENTA=1)*(nASIG=B51)*(nNOTA=7)) -> 0 | S51: =SUMPRODUCT((nCUENTA=1)*(nASIG=B51)*(nNOTA=8)) -> 0 | T51: =SUMPRODUCT((nCUENTA=1)*(nASIG=B51)*(nNOTA=9)) -> 0 | U51: =SUMPRODUCT((nCUENTA=1)*(nASIG=B51)*(nNOTA=10)) -> 0
A52: GLOBAL | B52: {=IFERROR(INDEX(_xlfn._xlws.FILTER(CONFIG_ASIGNATURAS!$B$2:$B$91,CONFIG_ASIGNATURAS!$G$2:$G$91="Sí"),47),"")} | C52: =IF(B52="","",IFERROR(VLOOKUP(B52,CONFIG_ASIGNATURAS!$B$2:$D$91,3,FALSE()),"Asignatura")) | D52: =SUMPRODUCT((nCUENTA=1)*(nASIG=B52)) -> 0 | E52: =IFERROR(SUMPRODUCT((nCUENTA=1)*(nASIG=B52)*(nNOTA))/D52,"—") -> — | F52: {=IFERROR(_xlfn.STDEV.P(_xlfn._xlws.FILTER(nNOTA,(nCUENTA=1)*(nASIG=B52))),"—")} -> — | G52: {=IFERROR(_xlfn.MODE.SNGL(_xlfn._xlws.FILTER(nNOTA,(nCUENTA=1)*(nASIG=B52))),"—")} -> — | H52: =IFERROR(SUMPRODUCT((nCUENTA=1)*(nASIG=B52)*(nAPTO="S"))/D52,"—") -> — | I52: =IFERROR(SUMPRODUCT((nCUENTA=1)*(nASIG=B52)*(nAPTO="N"))/D52,"—") -> — | J52: {=IFERROR(_xlfn.MODE.SNGL(_xlfn._xlws.FILTER(nNOTA,(nCUENTA=1)*(nASIG=B52)*(nAPTO="S"))),"—")} -> — | K52: {=IFERROR(_xlfn.MODE.SNGL(_xlfn._xlws.FILTER(nNOTA,(nCUENTA=1)*(nASIG=B52)*(nAPTO="N"))),"—")} -> — | L52: =SUMPRODUCT((nCUENTA=1)*(nASIG=B52)*(nNOTA=1)) -> 0 | M52: =SUMPRODUCT((nCUENTA=1)*(nASIG=B52)*(nNOTA=2)) -> 0 | N52: =SUMPRODUCT((nCUENTA=1)*(nASIG=B52)*(nNOTA=3)) -> 0 | O52: =SUMPRODUCT((nCUENTA=1)*(nASIG=B52)*(nNOTA=4)) -> 0 | P52: =SUMPRODUCT((nCUENTA=1)*(nASIG=B52)*(nNOTA=5)) -> 0 | Q52: =SUMPRODUCT((nCUENTA=1)*(nASIG=B52)*(nNOTA=6)) -> 0 | R52: =SUMPRODUCT((nCUENTA=1)*(nASIG=B52)*(nNOTA=7)) -> 0 | S52: =SUMPRODUCT((nCUENTA=1)*(nASIG=B52)*(nNOTA=8)) -> 0 | T52: =SUMPRODUCT((nCUENTA=1)*(nASIG=B52)*(nNOTA=9)) -> 0 | U52: =SUMPRODUCT((nCUENTA=1)*(nASIG=B52)*(nNOTA=10)) -> 0
A53: GLOBAL | B53: {=IFERROR(INDEX(_xlfn._xlws.FILTER(CONFIG_ASIGNATURAS!$B$2:$B$91,CONFIG_ASIGNATURAS!$G$2:$G$91="Sí"),48),"")} | C53: =IF(B53="","",IFERROR(VLOOKUP(B53,CONFIG_ASIGNATURAS!$B$2:$D$91,3,FALSE()),"Asignatura")) | D53: =SUMPRODUCT((nCUENTA=1)*(nASIG=B53)) -> 0 | E53: =IFERROR(SUMPRODUCT((nCUENTA=1)*(nASIG=B53)*(nNOTA))/D53,"—") -> — | F53: {=IFERROR(_xlfn.STDEV.P(_xlfn._xlws.FILTER(nNOTA,(nCUENTA=1)*(nASIG=B53))),"—")} -> — | G53: {=IFERROR(_xlfn.MODE.SNGL(_xlfn._xlws.FILTER(nNOTA,(nCUENTA=1)*(nASIG=B53))),"—")} -> — | H53: =IFERROR(SUMPRODUCT((nCUENTA=1)*(nASIG=B53)*(nAPTO="S"))/D53,"—") -> — | I53: =IFERROR(SUMPRODUCT((nCUENTA=1)*(nASIG=B53)*(nAPTO="N"))/D53,"—") -> — | J53: {=IFERROR(_xlfn.MODE.SNGL(_xlfn._xlws.FILTER(nNOTA,(nCUENTA=1)*(nASIG=B53)*(nAPTO="S"))),"—")} -> — | K53: {=IFERROR(_xlfn.MODE.SNGL(_xlfn._xlws.FILTER(nNOTA,(nCUENTA=1)*(nASIG=B53)*(nAPTO="N"))),"—")} -> — | L53: =SUMPRODUCT((nCUENTA=1)*(nASIG=B53)*(nNOTA=1)) -> 0 | M53: =SUMPRODUCT((nCUENTA=1)*(nASIG=B53)*(nNOTA=2)) -> 0 | N53: =SUMPRODUCT((nCUENTA=1)*(nASIG=B53)*(nNOTA=3)) -> 0 | O53: =SUMPRODUCT((nCUENTA=1)*(nASIG=B53)*(nNOTA=4)) -> 0 | P53: =SUMPRODUCT((nCUENTA=1)*(nASIG=B53)*(nNOTA=5)) -> 0 | Q53: =SUMPRODUCT((nCUENTA=1)*(nASIG=B53)*(nNOTA=6)) -> 0 | R53: =SUMPRODUCT((nCUENTA=1)*(nASIG=B53)*(nNOTA=7)) -> 0 | S53: =SUMPRODUCT((nCUENTA=1)*(nASIG=B53)*(nNOTA=8)) -> 0 | T53: =SUMPRODUCT((nCUENTA=1)*(nASIG=B53)*(nNOTA=9)) -> 0 | U53: =SUMPRODUCT((nCUENTA=1)*(nASIG=B53)*(nNOTA=10)) -> 0
A54: GLOBAL | B54: {=IFERROR(INDEX(_xlfn._xlws.FILTER(CONFIG_ASIGNATURAS!$B$2:$B$91,CONFIG_ASIGNATURAS!$G$2:$G$91="Sí"),49),"")} | C54: =IF(B54="","",IFERROR(VLOOKUP(B54,CONFIG_ASIGNATURAS!$B$2:$D$91,3,FALSE()),"Asignatura")) | D54: =SUMPRODUCT((nCUENTA=1)*(nASIG=B54)) -> 0 | E54: =IFERROR(SUMPRODUCT((nCUENTA=1)*(nASIG=B54)*(nNOTA))/D54,"—") -> — | F54: {=IFERROR(_xlfn.STDEV.P(_xlfn._xlws.FILTER(nNOTA,(nCUENTA=1)*(nASIG=B54))),"—")} -> — | G54: {=IFERROR(_xlfn.MODE.SNGL(_xlfn._xlws.FILTER(nNOTA,(nCUENTA=1)*(nASIG=B54))),"—")} -> — | H54: =IFERROR(SUMPRODUCT((nCUENTA=1)*(nASIG=B54)*(nAPTO="S"))/D54,"—") -> — | I54: =IFERROR(SUMPRODUCT((nCUENTA=1)*(nASIG=B54)*(nAPTO="N"))/D54,"—") -> — | J54: {=IFERROR(_xlfn.MODE.SNGL(_xlfn._xlws.FILTER(nNOTA,(nCUENTA=1)*(nASIG=B54)*(nAPTO="S"))),"—")} -> — | K54: {=IFERROR(_xlfn.MODE.SNGL(_xlfn._xlws.FILTER(nNOTA,(nCUENTA=1)*(nASIG=B54)*(nAPTO="N"))),"—")} -> — | L54: =SUMPRODUCT((nCUENTA=1)*(nASIG=B54)*(nNOTA=1)) -> 0 | M54: =SUMPRODUCT((nCUENTA=1)*(nASIG=B54)*(nNOTA=2)) -> 0 | N54: =SUMPRODUCT((nCUENTA=1)*(nASIG=B54)*(nNOTA=3)) -> 0 | O54: =SUMPRODUCT((nCUENTA=1)*(nASIG=B54)*(nNOTA=4)) -> 0 | P54: =SUMPRODUCT((nCUENTA=1)*(nASIG=B54)*(nNOTA=5)) -> 0 | Q54: =SUMPRODUCT((nCUENTA=1)*(nASIG=B54)*(nNOTA=6)) -> 0 | R54: =SUMPRODUCT((nCUENTA=1)*(nASIG=B54)*(nNOTA=7)) -> 0 | S54: =SUMPRODUCT((nCUENTA=1)*(nASIG=B54)*(nNOTA=8)) -> 0 | T54: =SUMPRODUCT((nCUENTA=1)*(nASIG=B54)*(nNOTA=9)) -> 0 | U54: =SUMPRODUCT((nCUENTA=1)*(nASIG=B54)*(nNOTA=10)) -> 0
A55: GLOBAL | B55: {=IFERROR(INDEX(_xlfn._xlws.FILTER(CONFIG_ASIGNATURAS!$B$2:$B$91,CONFIG_ASIGNATURAS!$G$2:$G$91="Sí"),50),"")} | C55: =IF(B55="","",IFERROR(VLOOKUP(B55,CONFIG_ASIGNATURAS!$B$2:$D$91,3,FALSE()),"Asignatura")) | D55: =SUMPRODUCT((nCUENTA=1)*(nASIG=B55)) -> 0 | E55: =IFERROR(SUMPRODUCT((nCUENTA=1)*(nASIG=B55)*(nNOTA))/D55,"—") -> — | F55: {=IFERROR(_xlfn.STDEV.P(_xlfn._xlws.FILTER(nNOTA,(nCUENTA=1)*(nASIG=B55))),"—")} -> — | G55: {=IFERROR(_xlfn.MODE.SNGL(_xlfn._xlws.FILTER(nNOTA,(nCUENTA=1)*(nASIG=B55))),"—")} -> — | H55: =IFERROR(SUMPRODUCT((nCUENTA=1)*(nASIG=B55)*(nAPTO="S"))/D55,"—") -> — | I55: =IFERROR(SUMPRODUCT((nCUENTA=1)*(nASIG=B55)*(nAPTO="N"))/D55,"—") -> — | J55: {=IFERROR(_xlfn.MODE.SNGL(_xlfn._xlws.FILTER(nNOTA,(nCUENTA=1)*(nASIG=B55)*(nAPTO="S"))),"—")} -> — | K55: {=IFERROR(_xlfn.MODE.SNGL(_xlfn._xlws.FILTER(nNOTA,(nCUENTA=1)*(nASIG=B55)*(nAPTO="N"))),"—")} -> — | L55: =SUMPRODUCT((nCUENTA=1)*(nASIG=B55)*(nNOTA=1)) -> 0 | M55: =SUMPRODUCT((nCUENTA=1)*(nASIG=B55)*(nNOTA=2)) -> 0 | N55: =SUMPRODUCT((nCUENTA=1)*(nASIG=B55)*(nNOTA=3)) -> 0 | O55: =SUMPRODUCT((nCUENTA=1)*(nASIG=B55)*(nNOTA=4)) -> 0 | P55: =SUMPRODUCT((nCUENTA=1)*(nASIG=B55)*(nNOTA=5)) -> 0 | Q55: =SUMPRODUCT((nCUENTA=1)*(nASIG=B55)*(nNOTA=6)) -> 0 | R55: =SUMPRODUCT((nCUENTA=1)*(nASIG=B55)*(nNOTA=7)) -> 0 | S55: =SUMPRODUCT((nCUENTA=1)*(nASIG=B55)*(nNOTA=8)) -> 0 | T55: =SUMPRODUCT((nCUENTA=1)*(nASIG=B55)*(nNOTA=9)) -> 0 | U55: =SUMPRODUCT((nCUENTA=1)*(nASIG=B55)*(nNOTA=10)) -> 0
A56: GLOBAL | B56: {=IFERROR(INDEX(_xlfn._xlws.FILTER(CONFIG_ASIGNATURAS!$B$2:$B$91,CONFIG_ASIGNATURAS!$G$2:$G$91="Sí"),51),"")} | C56: =IF(B56="","",IFERROR(VLOOKUP(B56,CONFIG_ASIGNATURAS!$B$2:$D$91,3,FALSE()),"Asignatura")) | D56: =SUMPRODUCT((nCUENTA=1)*(nASIG=B56)) -> 0 | E56: =IFERROR(SUMPRODUCT((nCUENTA=1)*(nASIG=B56)*(nNOTA))/D56,"—") -> — | F56: {=IFERROR(_xlfn.STDEV.P(_xlfn._xlws.FILTER(nNOTA,(nCUENTA=1)*(nASIG=B56))),"—")} -> — | G56: {=IFERROR(_xlfn.MODE.SNGL(_xlfn._xlws.FILTER(nNOTA,(nCUENTA=1)*(nASIG=B56))),"—")} -> — | H56: =IFERROR(SUMPRODUCT((nCUENTA=1)*(nASIG=B56)*(nAPTO="S"))/D56,"—") -> — | I56: =IFERROR(SUMPRODUCT((nCUENTA=1)*(nASIG=B56)*(nAPTO="N"))/D56,"—") -> — | J56: {=IFERROR(_xlfn.MODE.SNGL(_xlfn._xlws.FILTER(nNOTA,(nCUENTA=1)*(nASIG=B56)*(nAPTO="S"))),"—")} -> — | K56: {=IFERROR(_xlfn.MODE.SNGL(_xlfn._xlws.FILTER(nNOTA,(nCUENTA=1)*(nASIG=B56)*(nAPTO="N"))),"—")} -> — | L56: =SUMPRODUCT((nCUENTA=1)*(nASIG=B56)*(nNOTA=1)) -> 0 | M56: =SUMPRODUCT((nCUENTA=1)*(nASIG=B56)*(nNOTA=2)) -> 0 | N56: =SUMPRODUCT((nCUENTA=1)*(nASIG=B56)*(nNOTA=3)) -> 0 | O56: =SUMPRODUCT((nCUENTA=1)*(nASIG=B56)*(nNOTA=4)) -> 0 | P56: =SUMPRODUCT((nCUENTA=1)*(nASIG=B56)*(nNOTA=5)) -> 0 | Q56: =SUMPRODUCT((nCUENTA=1)*(nASIG=B56)*(nNOTA=6)) -> 0 | R56: =SUMPRODUCT((nCUENTA=1)*(nASIG=B56)*(nNOTA=7)) -> 0 | S56: =SUMPRODUCT((nCUENTA=1)*(nASIG=B56)*(nNOTA=8)) -> 0 | T56: =SUMPRODUCT((nCUENTA=1)*(nASIG=B56)*(nNOTA=9)) -> 0 | U56: =SUMPRODUCT((nCUENTA=1)*(nASIG=B56)*(nNOTA=10)) -> 0
A57: GLOBAL | B57: {=IFERROR(INDEX(_xlfn._xlws.FILTER(CONFIG_ASIGNATURAS!$B$2:$B$91,CONFIG_ASIGNATURAS!$G$2:$G$91="Sí"),52),"")} | C57: =IF(B57="","",IFERROR(VLOOKUP(B57,CONFIG_ASIGNATURAS!$B$2:$D$91,3,FALSE()),"Asignatura")) | D57: =SUMPRODUCT((nCUENTA=1)*(nASIG=B57)) -> 0 | E57: =IFERROR(SUMPRODUCT((nCUENTA=1)*(nASIG=B57)*(nNOTA))/D57,"—") -> — | F57: {=IFERROR(_xlfn.STDEV.P(_xlfn._xlws.FILTER(nNOTA,(nCUENTA=1)*(nASIG=B57))),"—")} -> — | G57: {=IFERROR(_xlfn.MODE.SNGL(_xlfn._xlws.FILTER(nNOTA,(nCUENTA=1)*(nASIG=B57))),"—")} -> — | H57: =IFERROR(SUMPRODUCT((nCUENTA=1)*(nASIG=B57)*(nAPTO="S"))/D57,"—") -> — | I57: =IFERROR(SUMPRODUCT((nCUENTA=1)*(nASIG=B57)*(nAPTO="N"))/D57,"—") -> — | J57: {=IFERROR(_xlfn.MODE.SNGL(_xlfn._xlws.FILTER(nNOTA,(nCUENTA=1)*(nASIG=B57)*(nAPTO="S"))),"—")} -> — | K57: {=IFERROR(_xlfn.MODE.SNGL(_xlfn._xlws.FILTER(nNOTA,(nCUENTA=1)*(nASIG=B57)*(nAPTO="N"))),"—")} -> — | L57: =SUMPRODUCT((nCUENTA=1)*(nASIG=B57)*(nNOTA=1)) -> 0 | M57: =SUMPRODUCT((nCUENTA=1)*(nASIG=B57)*(nNOTA=2)) -> 0 | N57: =SUMPRODUCT((nCUENTA=1)*(nASIG=B57)*(nNOTA=3)) -> 0 | O57: =SUMPRODUCT((nCUENTA=1)*(nASIG=B57)*(nNOTA=4)) -> 0 | P57: =SUMPRODUCT((nCUENTA=1)*(nASIG=B57)*(nNOTA=5)) -> 0 | Q57: =SUMPRODUCT((nCUENTA=1)*(nASIG=B57)*(nNOTA=6)) -> 0 | R57: =SUMPRODUCT((nCUENTA=1)*(nASIG=B57)*(nNOTA=7)) -> 0 | S57: =SUMPRODUCT((nCUENTA=1)*(nASIG=B57)*(nNOTA=8)) -> 0 | T57: =SUMPRODUCT((nCUENTA=1)*(nASIG=B57)*(nNOTA=9)) -> 0 | U57: =SUMPRODUCT((nCUENTA=1)*(nASIG=B57)*(nNOTA=10)) -> 0
A58: GLOBAL | B58: {=IFERROR(INDEX(_xlfn._xlws.FILTER(CONFIG_ASIGNATURAS!$B$2:$B$91,CONFIG_ASIGNATURAS!$G$2:$G$91="Sí"),53),"")} | C58: =IF(B58="","",IFERROR(VLOOKUP(B58,CONFIG_ASIGNATURAS!$B$2:$D$91,3,FALSE()),"Asignatura")) | D58: =SUMPRODUCT((nCUENTA=1)*(nASIG=B58)) -> 0 | E58: =IFERROR(SUMPRODUCT((nCUENTA=1)*(nASIG=B58)*(nNOTA))/D58,"—") -> — | F58: {=IFERROR(_xlfn.STDEV.P(_xlfn._xlws.FILTER(nNOTA,(nCUENTA=1)*(nASIG=B58))),"—")} -> — | G58: {=IFERROR(_xlfn.MODE.SNGL(_xlfn._xlws.FILTER(nNOTA,(nCUENTA=1)*(nASIG=B58))),"—")} -> — | H58: =IFERROR(SUMPRODUCT((nCUENTA=1)*(nASIG=B58)*(nAPTO="S"))/D58,"—") -> — | I58: =IFERROR(SUMPRODUCT((nCUENTA=1)*(nASIG=B58)*(nAPTO="N"))/D58,"—") -> — | J58: {=IFERROR(_xlfn.MODE.SNGL(_xlfn._xlws.FILTER(nNOTA,(nCUENTA=1)*(nASIG=B58)*(nAPTO="S"))),"—")} -> — | K58: {=IFERROR(_xlfn.MODE.SNGL(_xlfn._xlws.FILTER(nNOTA,(nCUENTA=1)*(nASIG=B58)*(nAPTO="N"))),"—")} -> — | L58: =SUMPRODUCT((nCUENTA=1)*(nASIG=B58)*(nNOTA=1)) -> 0 | M58: =SUMPRODUCT((nCUENTA=1)*(nASIG=B58)*(nNOTA=2)) -> 0 | N58: =SUMPRODUCT((nCUENTA=1)*(nASIG=B58)*(nNOTA=3)) -> 0 | O58: =SUMPRODUCT((nCUENTA=1)*(nASIG=B58)*(nNOTA=4)) -> 0 | P58: =SUMPRODUCT((nCUENTA=1)*(nASIG=B58)*(nNOTA=5)) -> 0 | Q58: =SUMPRODUCT((nCUENTA=1)*(nASIG=B58)*(nNOTA=6)) -> 0 | R58: =SUMPRODUCT((nCUENTA=1)*(nASIG=B58)*(nNOTA=7)) -> 0 | S58: =SUMPRODUCT((nCUENTA=1)*(nASIG=B58)*(nNOTA=8)) -> 0 | T58: =SUMPRODUCT((nCUENTA=1)*(nASIG=B58)*(nNOTA=9)) -> 0 | U58: =SUMPRODUCT((nCUENTA=1)*(nASIG=B58)*(nNOTA=10)) -> 0
A59: GLOBAL | B59: {=IFERROR(INDEX(_xlfn._xlws.FILTER(CONFIG_ASIGNATURAS!$B$2:$B$91,CONFIG_ASIGNATURAS!$G$2:$G$91="Sí"),54),"")} | C59: =IF(B59="","",IFERROR(VLOOKUP(B59,CONFIG_ASIGNATURAS!$B$2:$D$91,3,FALSE()),"Asignatura")) | D59: =SUMPRODUCT((nCUENTA=1)*(nASIG=B59)) -> 0 | E59: =IFERROR(SUMPRODUCT((nCUENTA=1)*(nASIG=B59)*(nNOTA))/D59,"—") -> — | F59: {=IFERROR(_xlfn.STDEV.P(_xlfn._xlws.FILTER(nNOTA,(nCUENTA=1)*(nASIG=B59))),"—")} -> — | G59: {=IFERROR(_xlfn.MODE.SNGL(_xlfn._xlws.FILTER(nNOTA,(nCUENTA=1)*(nASIG=B59))),"—")} -> — | H59: =IFERROR(SUMPRODUCT((nCUENTA=1)*(nASIG=B59)*(nAPTO="S"))/D59,"—") -> — | I59: =IFERROR(SUMPRODUCT((nCUENTA=1)*(nASIG=B59)*(nAPTO="N"))/D59,"—") -> — | J59: {=IFERROR(_xlfn.MODE.SNGL(_xlfn._xlws.FILTER(nNOTA,(nCUENTA=1)*(nASIG=B59)*(nAPTO="S"))),"—")} -> — | K59: {=IFERROR(_xlfn.MODE.SNGL(_xlfn._xlws.FILTER(nNOTA,(nCUENTA=1)*(nASIG=B59)*(nAPTO="N"))),"—")} -> — | L59: =SUMPRODUCT((nCUENTA=1)*(nASIG=B59)*(nNOTA=1)) -> 0 | M59: =SUMPRODUCT((nCUENTA=1)*(nASIG=B59)*(nNOTA=2)) -> 0 | N59: =SUMPRODUCT((nCUENTA=1)*(nASIG=B59)*(nNOTA=3)) -> 0 | O59: =SUMPRODUCT((nCUENTA=1)*(nASIG=B59)*(nNOTA=4)) -> 0 | P59: =SUMPRODUCT((nCUENTA=1)*(nASIG=B59)*(nNOTA=5)) -> 0 | Q59: =SUMPRODUCT((nCUENTA=1)*(nASIG=B59)*(nNOTA=6)) -> 0 | R59: =SUMPRODUCT((nCUENTA=1)*(nASIG=B59)*(nNOTA=7)) -> 0 | S59: =SUMPRODUCT((nCUENTA=1)*(nASIG=B59)*(nNOTA=8)) -> 0 | T59: =SUMPRODUCT((nCUENTA=1)*(nASIG=B59)*(nNOTA=9)) -> 0 | U59: =SUMPRODUCT((nCUENTA=1)*(nASIG=B59)*(nNOTA=10)) -> 0
A60: GLOBAL | B60: {=IFERROR(INDEX(_xlfn._xlws.FILTER(CONFIG_ASIGNATURAS!$B$2:$B$91,CONFIG_ASIGNATURAS!$G$2:$G$91="Sí"),55),"")} | C60: =IF(B60="","",IFERROR(VLOOKUP(B60,CONFIG_ASIGNATURAS!$B$2:$D$91,3,FALSE()),"Asignatura")) | D60: =SUMPRODUCT((nCUENTA=1)*(nASIG=B60)) -> 0 | E60: =IFERROR(SUMPRODUCT((nCUENTA=1)*(nASIG=B60)*(nNOTA))/D60,"—") -> — | F60: {=IFERROR(_xlfn.STDEV.P(_xlfn._xlws.FILTER(nNOTA,(nCUENTA=1)*(nASIG=B60))),"—")} -> — | G60: {=IFERROR(_xlfn.MODE.SNGL(_xlfn._xlws.FILTER(nNOTA,(nCUENTA=1)*(nASIG=B60))),"—")} -> — | H60: =IFERROR(SUMPRODUCT((nCUENTA=1)*(nASIG=B60)*(nAPTO="S"))/D60,"—") -> — | I60: =IFERROR(SUMPRODUCT((nCUENTA=1)*(nASIG=B60)*(nAPTO="N"))/D60,"—") -> — | J60: {=IFERROR(_xlfn.MODE.SNGL(_xlfn._xlws.FILTER(nNOTA,(nCUENTA=1)*(nASIG=B60)*(nAPTO="S"))),"—")} -> — | K60: {=IFERROR(_xlfn.MODE.SNGL(_xlfn._xlws.FILTER(nNOTA,(nCUENTA=1)*(nASIG=B60)*(nAPTO="N"))),"—")} -> — | L60: =SUMPRODUCT((nCUENTA=1)*(nASIG=B60)*(nNOTA=1)) -> 0 | M60: =SUMPRODUCT((nCUENTA=1)*(nASIG=B60)*(nNOTA=2)) -> 0 | N60: =SUMPRODUCT((nCUENTA=1)*(nASIG=B60)*(nNOTA=3)) -> 0 | O60: =SUMPRODUCT((nCUENTA=1)*(nASIG=B60)*(nNOTA=4)) -> 0 | P60: =SUMPRODUCT((nCUENTA=1)*(nASIG=B60)*(nNOTA=5)) -> 0 | Q60: =SUMPRODUCT((nCUENTA=1)*(nASIG=B60)*(nNOTA=6)) -> 0 | R60: =SUMPRODUCT((nCUENTA=1)*(nASIG=B60)*(nNOTA=7)) -> 0 | S60: =SUMPRODUCT((nCUENTA=1)*(nASIG=B60)*(nNOTA=8)) -> 0 | T60: =SUMPRODUCT((nCUENTA=1)*(nASIG=B60)*(nNOTA=9)) -> 0 | U60: =SUMPRODUCT((nCUENTA=1)*(nASIG=B60)*(nNOTA=10)) -> 0
A61: GLOBAL | B61: {=IFERROR(INDEX(_xlfn._xlws.FILTER(CONFIG_ASIGNATURAS!$B$2:$B$91,CONFIG_ASIGNATURAS!$G$2:$G$91="Sí"),56),"")} | C61: =IF(B61="","",IFERROR(VLOOKUP(B61,CONFIG_ASIGNATURAS!$B$2:$D$91,3,FALSE()),"Asignatura")) | D61: =SUMPRODUCT((nCUENTA=1)*(nASIG=B61)) -> 0 | E61: =IFERROR(SUMPRODUCT((nCUENTA=1)*(nASIG=B61)*(nNOTA))/D61,"—") -> — | F61: {=IFERROR(_xlfn.STDEV.P(_xlfn._xlws.FILTER(nNOTA,(nCUENTA=1)*(nASIG=B61))),"—")} -> — | G61: {=IFERROR(_xlfn.MODE.SNGL(_xlfn._xlws.FILTER(nNOTA,(nCUENTA=1)*(nASIG=B61))),"—")} -> — | H61: =IFERROR(SUMPRODUCT((nCUENTA=1)*(nASIG=B61)*(nAPTO="S"))/D61,"—") -> — | I61: =IFERROR(SUMPRODUCT((nCUENTA=1)*(nASIG=B61)*(nAPTO="N"))/D61,"—") -> — | J61: {=IFERROR(_xlfn.MODE.SNGL(_xlfn._xlws.FILTER(nNOTA,(nCUENTA=1)*(nASIG=B61)*(nAPTO="S"))),"—")} -> — | K61: {=IFERROR(_xlfn.MODE.SNGL(_xlfn._xlws.FILTER(nNOTA,(nCUENTA=1)*(nASIG=B61)*(nAPTO="N"))),"—")} -> — | L61: =SUMPRODUCT((nCUENTA=1)*(nASIG=B61)*(nNOTA=1)) -> 0 | M61: =SUMPRODUCT((nCUENTA=1)*(nASIG=B61)*(nNOTA=2)) -> 0 | N61: =SUMPRODUCT((nCUENTA=1)*(nASIG=B61)*(nNOTA=3)) -> 0 | O61: =SUMPRODUCT((nCUENTA=1)*(nASIG=B61)*(nNOTA=4)) -> 0 | P61: =SUMPRODUCT((nCUENTA=1)*(nASIG=B61)*(nNOTA=5)) -> 0 | Q61: =SUMPRODUCT((nCUENTA=1)*(nASIG=B61)*(nNOTA=6)) -> 0 | R61: =SUMPRODUCT((nCUENTA=1)*(nASIG=B61)*(nNOTA=7)) -> 0 | S61: =SUMPRODUCT((nCUENTA=1)*(nASIG=B61)*(nNOTA=8)) -> 0 | T61: =SUMPRODUCT((nCUENTA=1)*(nASIG=B61)*(nNOTA=9)) -> 0 | U61: =SUMPRODUCT((nCUENTA=1)*(nASIG=B61)*(nNOTA=10)) -> 0
A62: GLOBAL | B62: {=IFERROR(INDEX(_xlfn._xlws.FILTER(CONFIG_ASIGNATURAS!$B$2:$B$91,CONFIG_ASIGNATURAS!$G$2:$G$91="Sí"),57),"")} | C62: =IF(B62="","",IFERROR(VLOOKUP(B62,CONFIG_ASIGNATURAS!$B$2:$D$91,3,FALSE()),"Asignatura")) | D62: =SUMPRODUCT((nCUENTA=1)*(nASIG=B62)) -> 0 | E62: =IFERROR(SUMPRODUCT((nCUENTA=1)*(nASIG=B62)*(nNOTA))/D62,"—") -> — | F62: {=IFERROR(_xlfn.STDEV.P(_xlfn._xlws.FILTER(nNOTA,(nCUENTA=1)*(nASIG=B62))),"—")} -> — | G62: {=IFERROR(_xlfn.MODE.SNGL(_xlfn._xlws.FILTER(nNOTA,(nCUENTA=1)*(nASIG=B62))),"—")} -> — | H62: =IFERROR(SUMPRODUCT((nCUENTA=1)*(nASIG=B62)*(nAPTO="S"))/D62,"—") -> — | I62: =IFERROR(SUMPRODUCT((nCUENTA=1)*(nASIG=B62)*(nAPTO="N"))/D62,"—") -> — | J62: {=IFERROR(_xlfn.MODE.SNGL(_xlfn._xlws.FILTER(nNOTA,(nCUENTA=1)*(nASIG=B62)*(nAPTO="S"))),"—")} -> — | K62: {=IFERROR(_xlfn.MODE.SNGL(_xlfn._xlws.FILTER(nNOTA,(nCUENTA=1)*(nASIG=B62)*(nAPTO="N"))),"—")} -> — | L62: =SUMPRODUCT((nCUENTA=1)*(nASIG=B62)*(nNOTA=1)) -> 0 | M62: =SUMPRODUCT((nCUENTA=1)*(nASIG=B62)*(nNOTA=2)) -> 0 | N62: =SUMPRODUCT((nCUENTA=1)*(nASIG=B62)*(nNOTA=3)) -> 0 | O62: =SUMPRODUCT((nCUENTA=1)*(nASIG=B62)*(nNOTA=4)) -> 0 | P62: =SUMPRODUCT((nCUENTA=1)*(nASIG=B62)*(nNOTA=5)) -> 0 | Q62: =SUMPRODUCT((nCUENTA=1)*(nASIG=B62)*(nNOTA=6)) -> 0 | R62: =SUMPRODUCT((nCUENTA=1)*(nASIG=B62)*(nNOTA=7)) -> 0 | S62: =SUMPRODUCT((nCUENTA=1)*(nASIG=B62)*(nNOTA=8)) -> 0 | T62: =SUMPRODUCT((nCUENTA=1)*(nASIG=B62)*(nNOTA=9)) -> 0 | U62: =SUMPRODUCT((nCUENTA=1)*(nASIG=B62)*(nNOTA=10)) -> 0
A63: GLOBAL | B63: {=IFERROR(INDEX(_xlfn._xlws.FILTER(CONFIG_ASIGNATURAS!$B$2:$B$91,CONFIG_ASIGNATURAS!$G$2:$G$91="Sí"),58),"")} | C63: =IF(B63="","",IFERROR(VLOOKUP(B63,CONFIG_ASIGNATURAS!$B$2:$D$91,3,FALSE()),"Asignatura")) | D63: =SUMPRODUCT((nCUENTA=1)*(nASIG=B63)) -> 0 | E63: =IFERROR(SUMPRODUCT((nCUENTA=1)*(nASIG=B63)*(nNOTA))/D63,"—") -> — | F63: {=IFERROR(_xlfn.STDEV.P(_xlfn._xlws.FILTER(nNOTA,(nCUENTA=1)*(nASIG=B63))),"—")} -> — | G63: {=IFERROR(_xlfn.MODE.SNGL(_xlfn._xlws.FILTER(nNOTA,(nCUENTA=1)*(nASIG=B63))),"—")} -> — | H63: =IFERROR(SUMPRODUCT((nCUENTA=1)*(nASIG=B63)*(nAPTO="S"))/D63,"—") -> — | I63: =IFERROR(SUMPRODUCT((nCUENTA=1)*(nASIG=B63)*(nAPTO="N"))/D63,"—") -> — | J63: {=IFERROR(_xlfn.MODE.SNGL(_xlfn._xlws.FILTER(nNOTA,(nCUENTA=1)*(nASIG=B63)*(nAPTO="S"))),"—")} -> — | K63: {=IFERROR(_xlfn.MODE.SNGL(_xlfn._xlws.FILTER(nNOTA,(nCUENTA=1)*(nASIG=B63)*(nAPTO="N"))),"—")} -> — | L63: =SUMPRODUCT((nCUENTA=1)*(nASIG=B63)*(nNOTA=1)) -> 0 | M63: =SUMPRODUCT((nCUENTA=1)*(nASIG=B63)*(nNOTA=2)) -> 0 | N63: =SUMPRODUCT((nCUENTA=1)*(nASIG=B63)*(nNOTA=3)) -> 0 | O63: =SUMPRODUCT((nCUENTA=1)*(nASIG=B63)*(nNOTA=4)) -> 0 | P63: =SUMPRODUCT((nCUENTA=1)*(nASIG=B63)*(nNOTA=5)) -> 0 | Q63: =SUMPRODUCT((nCUENTA=1)*(nASIG=B63)*(nNOTA=6)) -> 0 | R63: =SUMPRODUCT((nCUENTA=1)*(nASIG=B63)*(nNOTA=7)) -> 0 | S63: =SUMPRODUCT((nCUENTA=1)*(nASIG=B63)*(nNOTA=8)) -> 0 | T63: =SUMPRODUCT((nCUENTA=1)*(nASIG=B63)*(nNOTA=9)) -> 0 | U63: =SUMPRODUCT((nCUENTA=1)*(nASIG=B63)*(nNOTA=10)) -> 0
A64: GLOBAL | B64: {=IFERROR(INDEX(_xlfn._xlws.FILTER(CONFIG_ASIGNATURAS!$B$2:$B$91,CONFIG_ASIGNATURAS!$G$2:$G$91="Sí"),59),"")} | C64: =IF(B64="","",IFERROR(VLOOKUP(B64,CONFIG_ASIGNATURAS!$B$2:$D$91,3,FALSE()),"Asignatura")) | D64: =SUMPRODUCT((nCUENTA=1)*(nASIG=B64)) -> 0 | E64: =IFERROR(SUMPRODUCT((nCUENTA=1)*(nASIG=B64)*(nNOTA))/D64,"—") -> — | F64: {=IFERROR(_xlfn.STDEV.P(_xlfn._xlws.FILTER(nNOTA,(nCUENTA=1)*(nASIG=B64))),"—")} -> — | G64: {=IFERROR(_xlfn.MODE.SNGL(_xlfn._xlws.FILTER(nNOTA,(nCUENTA=1)*(nASIG=B64))),"—")} -> — | H64: =IFERROR(SUMPRODUCT((nCUENTA=1)*(nASIG=B64)*(nAPTO="S"))/D64,"—") -> — | I64: =IFERROR(SUMPRODUCT((nCUENTA=1)*(nASIG=B64)*(nAPTO="N"))/D64,"—") -> — | J64: {=IFERROR(_xlfn.MODE.SNGL(_xlfn._xlws.FILTER(nNOTA,(nCUENTA=1)*(nASIG=B64)*(nAPTO="S"))),"—")} -> — | K64: {=IFERROR(_xlfn.MODE.SNGL(_xlfn._xlws.FILTER(nNOTA,(nCUENTA=1)*(nASIG=B64)*(nAPTO="N"))),"—")} -> — | L64: =SUMPRODUCT((nCUENTA=1)*(nASIG=B64)*(nNOTA=1)) -> 0 | M64: =SUMPRODUCT((nCUENTA=1)*(nASIG=B64)*(nNOTA=2)) -> 0 | N64: =SUMPRODUCT((nCUENTA=1)*(nASIG=B64)*(nNOTA=3)) -> 0 | O64: =SUMPRODUCT((nCUENTA=1)*(nASIG=B64)*(nNOTA=4)) -> 0 | P64: =SUMPRODUCT((nCUENTA=1)*(nASIG=B64)*(nNOTA=5)) -> 0 | Q64: =SUMPRODUCT((nCUENTA=1)*(nASIG=B64)*(nNOTA=6)) -> 0 | R64: =SUMPRODUCT((nCUENTA=1)*(nASIG=B64)*(nNOTA=7)) -> 0 | S64: =SUMPRODUCT((nCUENTA=1)*(nASIG=B64)*(nNOTA=8)) -> 0 | T64: =SUMPRODUCT((nCUENTA=1)*(nASIG=B64)*(nNOTA=9)) -> 0 | U64: =SUMPRODUCT((nCUENTA=1)*(nASIG=B64)*(nNOTA=10)) -> 0
A65: GLOBAL | B65: {=IFERROR(INDEX(_xlfn._xlws.FILTER(CONFIG_ASIGNATURAS!$B$2:$B$91,CONFIG_ASIGNATURAS!$G$2:$G$91="Sí"),60),"")} | C65: =IF(B65="","",IFERROR(VLOOKUP(B65,CONFIG_ASIGNATURAS!$B$2:$D$91,3,FALSE()),"Asignatura")) | D65: =SUMPRODUCT((nCUENTA=1)*(nASIG=B65)) -> 0 | E65: =IFERROR(SUMPRODUCT((nCUENTA=1)*(nASIG=B65)*(nNOTA))/D65,"—") -> — | F65: {=IFERROR(_xlfn.STDEV.P(_xlfn._xlws.FILTER(nNOTA,(nCUENTA=1)*(nASIG=B65))),"—")} -> — | G65: {=IFERROR(_xlfn.MODE.SNGL(_xlfn._xlws.FILTER(nNOTA,(nCUENTA=1)*(nASIG=B65))),"—")} -> — | H65: =IFERROR(SUMPRODUCT((nCUENTA=1)*(nASIG=B65)*(nAPTO="S"))/D65,"—") -> — | I65: =IFERROR(SUMPRODUCT((nCUENTA=1)*(nASIG=B65)*(nAPTO="N"))/D65,"—") -> — | J65: {=IFERROR(_xlfn.MODE.SNGL(_xlfn._xlws.FILTER(nNOTA,(nCUENTA=1)*(nASIG=B65)*(nAPTO="S"))),"—")} -> — | K65: {=IFERROR(_xlfn.MODE.SNGL(_xlfn._xlws.FILTER(nNOTA,(nCUENTA=1)*(nASIG=B65)*(nAPTO="N"))),"—")} -> — | L65: =SUMPRODUCT((nCUENTA=1)*(nASIG=B65)*(nNOTA=1)) -> 0 | M65: =SUMPRODUCT((nCUENTA=1)*(nASIG=B65)*(nNOTA=2)) -> 0 | N65: =SUMPRODUCT((nCUENTA=1)*(nASIG=B65)*(nNOTA=3)) -> 0 | O65: =SUMPRODUCT((nCUENTA=1)*(nASIG=B65)*(nNOTA=4)) -> 0 | P65: =SUMPRODUCT((nCUENTA=1)*(nASIG=B65)*(nNOTA=5)) -> 0 | Q65: =SUMPRODUCT((nCUENTA=1)*(nASIG=B65)*(nNOTA=6)) -> 0 | R65: =SUMPRODUCT((nCUENTA=1)*(nASIG=B65)*(nNOTA=7)) -> 0 | S65: =SUMPRODUCT((nCUENTA=1)*(nASIG=B65)*(nNOTA=8)) -> 0 | T65: =SUMPRODUCT((nCUENTA=1)*(nASIG=B65)*(nNOTA=9)) -> 0 | U65: =SUMPRODUCT((nCUENTA=1)*(nASIG=B65)*(nNOTA=10)) -> 0
A66: 1EPM | B66: Total | C66: Total | D66: =SUMPRODUCT((nCUENTA=1)*(nCURSO=A66)) -> 0 | E66: =IFERROR(SUMPRODUCT((nCUENTA=1)*(nCURSO=A66)*(nNOTA))/D66,"—") -> — | F66: {=IFERROR(_xlfn.STDEV.P(_xlfn._xlws.FILTER(nNOTA,(nCUENTA=1)*(nCURSO=A66))),"—")} -> — | G66: {=IFERROR(_xlfn.MODE.SNGL(_xlfn._xlws.FILTER(nNOTA,(nCUENTA=1)*(nCURSO=A66))),"—")} -> — | H66: =IFERROR(SUMPRODUCT((nCUENTA=1)*(nCURSO=A66)*(nAPTO="S"))/D66,"—") -> — | I66: =IFERROR(SUMPRODUCT((nCUENTA=1)*(nCURSO=A66)*(nAPTO="N"))/D66,"—") -> — | J66: {=IFERROR(_xlfn.MODE.SNGL(_xlfn._xlws.FILTER(nNOTA,(nCUENTA=1)*(nCURSO=A66)*(nAPTO="S"))),"—")} -> — | K66: {=IFERROR(_xlfn.MODE.SNGL(_xlfn._xlws.FILTER(nNOTA,(nCUENTA=1)*(nCURSO=A66)*(nAPTO="N"))),"—")} -> — | L66: =SUMPRODUCT((nCUENTA=1)*(nCURSO=A66)*(nNOTA=1)) -> 0 | M66: =SUMPRODUCT((nCUENTA=1)*(nCURSO=A66)*(nNOTA=2)) -> 0 | N66: =SUMPRODUCT((nCUENTA=1)*(nCURSO=A66)*(nNOTA=3)) -> 0 | O66: =SUMPRODUCT((nCUENTA=1)*(nCURSO=A66)*(nNOTA=4)) -> 0 | P66: =SUMPRODUCT((nCUENTA=1)*(nCURSO=A66)*(nNOTA=5)) -> 0 | Q66: =SUMPRODUCT((nCUENTA=1)*(nCURSO=A66)*(nNOTA=6)) -> 0 | R66: =SUMPRODUCT((nCUENTA=1)*(nCURSO=A66)*(nNOTA=7)) -> 0 | S66: =SUMPRODUCT((nCUENTA=1)*(nCURSO=A66)*(nNOTA=8)) -> 0 | T66: =SUMPRODUCT((nCUENTA=1)*(nCURSO=A66)*(nNOTA=9)) -> 0 | U66: =SUMPRODUCT((nCUENTA=1)*(nCURSO=A66)*(nNOTA=10)) -> 0
A67: 1EPM | B67: Total Especialidad | C67: TotalEsp | D67: =SUMPRODUCT((nCUENTA=1)*(nCURSO=A67)*(nCLASE_I="E")*1) | E67: {=IFERROR(AVERAGE(IF((nCUENTA=1)*(nCURSO=A67)*(nCLASE_I="E"),nNOTA)),"—")} | F67: {=IFERROR(_xlfn.STDEV.P(IF((nCUENTA=1)*(nCURSO=A67)*(nCLASE_I="E"),nNOTA)),"—")} | G67: {=IFERROR(_xlfn.MODE.SNGL(IF((nCUENTA=1)*(nCURSO=A67)*(nCLASE_I="E"),nNOTA)),"—")} | H67: =IFERROR(SUMPRODUCT((nCUENTA=1)*(nCURSO=A67)*(nCLASE_I="E")*(nAPTO="S"))/SUMPRODUCT((nCUENTA=1)*(nCURSO=A67)*(nCLASE_I="E")*1),"—") | I67: =IFERROR(SUMPRODUCT((nCUENTA=1)*(nCURSO=A67)*(nCLASE_I="E")*(nAPTO="N"))/SUMPRODUCT((nCUENTA=1)*(nCURSO=A67)*(nCLASE_I="E")*1),"—") | J67: {=IFERROR(_xlfn.MODE.SNGL(IF((nCUENTA=1)*(nCURSO=A67)*(nCLASE_I="E")*(nAPTO="S"),nNOTA)),"—")} | K67: {=IFERROR(_xlfn.MODE.SNGL(IF((nCUENTA=1)*(nCURSO=A67)*(nCLASE_I="E")*(nAPTO="N"),nNOTA)),"—")} | L67: =SUMPRODUCT((nCUENTA=1)*(nCURSO=A67)*(nCLASE_I="E")*(nNOTA=1)) | M67: =SUMPRODUCT((nCUENTA=1)*(nCURSO=A67)*(nCLASE_I="E")*(nNOTA=2)) | N67: =SUMPRODUCT((nCUENTA=1)*(nCURSO=A67)*(nCLASE_I="E")*(nNOTA=3)) | O67: =SUMPRODUCT((nCUENTA=1)*(nCURSO=A67)*(nCLASE_I="E")*(nNOTA=4)) | P67: =SUMPRODUCT((nCUENTA=1)*(nCURSO=A67)*(nCLASE_I="E")*(nNOTA=5)) | Q67: =SUMPRODUCT((nCUENTA=1)*(nCURSO=A67)*(nCLASE_I="E")*(nNOTA=6)) | R67: =SUMPRODUCT((nCUENTA=1)*(nCURSO=A67)*(nCLASE_I="E")*(nNOTA=7)) | S67: =SUMPRODUCT((nCUENTA=1)*(nCURSO=A67)*(nCLASE_I="E")*(nNOTA=8)) | T67: =SUMPRODUCT((nCUENTA=1)*(nCURSO=A67)*(nCLASE_I="E")*(nNOTA=9)) | U67: =SUMPRODUCT((nCUENTA=1)*(nCURSO=A67)*(nCLASE_I="E")*(nNOTA=10))
A68: 1EPM | B68: Total No Especialidad | C68: TotalNoEsp | D68: =SUMPRODUCT((nCUENTA=1)*(nCURSO=A68)*((nCLASE_I<>"")*(nCLASE_I<>"E"))*1) | E68: {=IFERROR(AVERAGE(IF((nCUENTA=1)*(nCURSO=A68)*((nCLASE_I<>"")*(nCLASE_I<>"E")),nNOTA)),"—")} | F68: {=IFERROR(_xlfn.STDEV.P(IF((nCUENTA=1)*(nCURSO=A68)*((nCLASE_I<>"")*(nCLASE_I<>"E")),nNOTA)),"—")} | G68: {=IFERROR(_xlfn.MODE.SNGL(IF((nCUENTA=1)*(nCURSO=A68)*((nCLASE_I<>"")*(nCLASE_I<>"E")),nNOTA)),"—")} | H68: =IFERROR(SUMPRODUCT((nCUENTA=1)*(nCURSO=A68)*((nCLASE_I<>"")*(nCLASE_I<>"E"))*(nAPTO="S"))/SUMPRODUCT((nCUENTA=1)*(nCURSO=A68)*((nCLASE_I<>"")*(nCLASE_I<>"E"))*1),"—") | I68: =IFERROR(SUMPRODUCT((nCUENTA=1)*(nCURSO=A68)*((nCLASE_I<>"")*(nCLASE_I<>"E"))*(nAPTO="N"))/SUMPRODUCT((nCUENTA=1)*(nCURSO=A68)*((nCLASE_I<>"")*(nCLASE_I<>"E"))*1),"—") | J68: {=IFERROR(_xlfn.MODE.SNGL(IF((nCUENTA=1)*(nCURSO=A68)*((nCLASE_I<>"")*(nCLASE_I<>"E"))*(nAPTO="S"),nNOTA)),"—")} | K68: {=IFERROR(_xlfn.MODE.SNGL(IF((nCUENTA=1)*(nCURSO=A68)*((nCLASE_I<>"")*(nCLASE_I<>"E"))*(nAPTO="N"),nNOTA)),"—")} | L68: =SUMPRODUCT((nCUENTA=1)*(nCURSO=A68)*((nCLASE_I<>"")*(nCLASE_I<>"E"))*(nNOTA=1)) | M68: =SUMPRODUCT((nCUENTA=1)*(nCURSO=A68)*((nCLASE_I<>"")*(nCLASE_I<>"E"))*(nNOTA=2)) | N68: =SUMPRODUCT((nCUENTA=1)*(nCURSO=A68)*((nCLASE_I<>"")*(nCLASE_I<>"E"))*(nNOTA=3)) | O68: =SUMPRODUCT((nCUENTA=1)*(nCURSO=A68)*((nCLASE_I<>"")*(nCLASE_I<>"E"))*(nNOTA=4)) | P68: =SUMPRODUCT((nCUENTA=1)*(nCURSO=A68)*((nCLASE_I<>"")*(nCLASE_I<>"E"))*(nNOTA=5)) | Q68: =SUMPRODUCT((nCUENTA=1)*(nCURSO=A68)*((nCLASE_I<>"")*(nCLASE_I<>"E"))*(nNOTA=6)) | R68: =SUMPRODUCT((nCUENTA=1)*(nCURSO=A68)*((nCLASE_I<>"")*(nCLASE_I<>"E"))*(nNOTA=7)) | S68: =SUMPRODUCT((nCUENTA=1)*(nCURSO=A68)*((nCLASE_I<>"")*(nCLASE_I<>"E"))*(nNOTA=8)) | T68: =SUMPRODUCT((nCUENTA=1)*(nCURSO=A68)*((nCLASE_I<>"")*(nCLASE_I<>"E"))*(nNOTA=9)) | U68: =SUMPRODUCT((nCUENTA=1)*(nCURSO=A68)*((nCLASE_I<>"")*(nCLASE_I<>"E"))*(nNOTA=10))
A69: 2EPM | B69: Total | C69: Total | D69: =SUMPRODUCT((nCUENTA=1)*(nCURSO=A69)) -> 0 | E69: =IFERROR(SUMPRODUCT((nCUENTA=1)*(nCURSO=A69)*(nNOTA))/D69,"—") -> — | F69: {=IFERROR(_xlfn.STDEV.P(_xlfn._xlws.FILTER(nNOTA,(nCUENTA=1)*(nCURSO=A69))),"—")} -> — | G69: {=IFERROR(_xlfn.MODE.SNGL(_xlfn._xlws.FILTER(nNOTA,(nCUENTA=1)*(nCURSO=A69))),"—")} -> — | H69: =IFERROR(SUMPRODUCT((nCUENTA=1)*(nCURSO=A69)*(nAPTO="S"))/D69,"—") -> — | I69: =IFERROR(SUMPRODUCT((nCUENTA=1)*(nCURSO=A69)*(nAPTO="N"))/D69,"—") -> — | J69: {=IFERROR(_xlfn.MODE.SNGL(_xlfn._xlws.FILTER(nNOTA,(nCUENTA=1)*(nCURSO=A69)*(nAPTO="S"))),"—")} -> — | K69: {=IFERROR(_xlfn.MODE.SNGL(_xlfn._xlws.FILTER(nNOTA,(nCUENTA=1)*(nCURSO=A69)*(nAPTO="N"))),"—")} -> — | L69: =SUMPRODUCT((nCUENTA=1)*(nCURSO=A69)*(nNOTA=1)) -> 0 | M69: =SUMPRODUCT((nCUENTA=1)*(nCURSO=A69)*(nNOTA=2)) -> 0 | N69: =SUMPRODUCT((nCUENTA=1)*(nCURSO=A69)*(nNOTA=3)) -> 0 | O69: =SUMPRODUCT((nCUENTA=1)*(nCURSO=A69)*(nNOTA=4)) -> 0 | P69: =SUMPRODUCT((nCUENTA=1)*(nCURSO=A69)*(nNOTA=5)) -> 0 | Q69: =SUMPRODUCT((nCUENTA=1)*(nCURSO=A69)*(nNOTA=6)) -> 0 | R69: =SUMPRODUCT((nCUENTA=1)*(nCURSO=A69)*(nNOTA=7)) -> 0 | S69: =SUMPRODUCT((nCUENTA=1)*(nCURSO=A69)*(nNOTA=8)) -> 0 | T69: =SUMPRODUCT((nCUENTA=1)*(nCURSO=A69)*(nNOTA=9)) -> 0 | U69: =SUMPRODUCT((nCUENTA=1)*(nCURSO=A69)*(nNOTA=10)) -> 0
A70: 2EPM | B70: Total Especialidad | C70: TotalEsp | D70: =SUMPRODUCT((nCUENTA=1)*(nCURSO=A70)*(nCLASE_I="E")*1) | E70: {=IFERROR(AVERAGE(IF((nCUENTA=1)*(nCURSO=A70)*(nCLASE_I="E"),nNOTA)),"—")} | F70: {=IFERROR(_xlfn.STDEV.P(IF((nCUENTA=1)*(nCURSO=A70)*(nCLASE_I="E"),nNOTA)),"—")} | G70: {=IFERROR(_xlfn.MODE.SNGL(IF((nCUENTA=1)*(nCURSO=A70)*(nCLASE_I="E"),nNOTA)),"—")} | H70: =IFERROR(SUMPRODUCT((nCUENTA=1)*(nCURSO=A70)*(nCLASE_I="E")*(nAPTO="S"))/SUMPRODUCT((nCUENTA=1)*(nCURSO=A70)*(nCLASE_I="E")*1),"—") | I70: =IFERROR(SUMPRODUCT((nCUENTA=1)*(nCURSO=A70)*(nCLASE_I="E")*(nAPTO="N"))/SUMPRODUCT((nCUENTA=1)*(nCURSO=A70)*(nCLASE_I="E")*1),"—") | J70: {=IFERROR(_xlfn.MODE.SNGL(IF((nCUENTA=1)*(nCURSO=A70)*(nCLASE_I="E")*(nAPTO="S"),nNOTA)),"—")} | K70: {=IFERROR(_xlfn.MODE.SNGL(IF((nCUENTA=1)*(nCURSO=A70)*(nCLASE_I="E")*(nAPTO="N"),nNOTA)),"—")} | L70: =SUMPRODUCT((nCUENTA=1)*(nCURSO=A70)*(nCLASE_I="E")*(nNOTA=1)) | M70: =SUMPRODUCT((nCUENTA=1)*(nCURSO=A70)*(nCLASE_I="E")*(nNOTA=2)) | N70: =SUMPRODUCT((nCUENTA=1)*(nCURSO=A70)*(nCLASE_I="E")*(nNOTA=3)) | O70: =SUMPRODUCT((nCUENTA=1)*(nCURSO=A70)*(nCLASE_I="E")*(nNOTA=4)) | P70: =SUMPRODUCT((nCUENTA=1)*(nCURSO=A70)*(nCLASE_I="E")*(nNOTA=5)) | Q70: =SUMPRODUCT((nCUENTA=1)*(nCURSO=A70)*(nCLASE_I="E")*(nNOTA=6)) | R70: =SUMPRODUCT((nCUENTA=1)*(nCURSO=A70)*(nCLASE_I="E")*(nNOTA=7)) | S70: =SUMPRODUCT((nCUENTA=1)*(nCURSO=A70)*(nCLASE_I="E")*(nNOTA=8)) | T70: =SUMPRODUCT((nCUENTA=1)*(nCURSO=A70)*(nCLASE_I="E")*(nNOTA=9)) | U70: =SUMPRODUCT((nCUENTA=1)*(nCURSO=A70)*(nCLASE_I="E")*(nNOTA=10))
A71: 2EPM | B71: Total No Especialidad | C71: TotalNoEsp | D71: =SUMPRODUCT((nCUENTA=1)*(nCURSO=A71)*((nCLASE_I<>"")*(nCLASE_I<>"E"))*1) | E71: {=IFERROR(AVERAGE(IF((nCUENTA=1)*(nCURSO=A71)*((nCLASE_I<>"")*(nCLASE_I<>"E")),nNOTA)),"—")} | F71: {=IFERROR(_xlfn.STDEV.P(IF((nCUENTA=1)*(nCURSO=A71)*((nCLASE_I<>"")*(nCLASE_I<>"E")),nNOTA)),"—")} | G71: {=IFERROR(_xlfn.MODE.SNGL(IF((nCUENTA=1)*(nCURSO=A71)*((nCLASE_I<>"")*(nCLASE_I<>"E")),nNOTA)),"—")} | H71: =IFERROR(SUMPRODUCT((nCUENTA=1)*(nCURSO=A71)*((nCLASE_I<>"")*(nCLASE_I<>"E"))*(nAPTO="S"))/SUMPRODUCT((nCUENTA=1)*(nCURSO=A71)*((nCLASE_I<>"")*(nCLASE_I<>"E"))*1),"—") | I71: =IFERROR(SUMPRODUCT((nCUENTA=1)*(nCURSO=A71)*((nCLASE_I<>"")*(nCLASE_I<>"E"))*(nAPTO="N"))/SUMPRODUCT((nCUENTA=1)*(nCURSO=A71)*((nCLASE_I<>"")*(nCLASE_I<>"E"))*1),"—") | J71: {=IFERROR(_xlfn.MODE.SNGL(IF((nCUENTA=1)*(nCURSO=A71)*((nCLASE_I<>"")*(nCLASE_I<>"E"))*(nAPTO="S"),nNOTA)),"—")} | K71: {=IFERROR(_xlfn.MODE.SNGL(IF((nCUENTA=1)*(nCURSO=A71)*((nCLASE_I<>"")*(nCLASE_I<>"E"))*(nAPTO="N"),nNOTA)),"—")} | L71: =SUMPRODUCT((nCUENTA=1)*(nCURSO=A71)*((nCLASE_I<>"")*(nCLASE_I<>"E"))*(nNOTA=1)) | M71: =SUMPRODUCT((nCUENTA=1)*(nCURSO=A71)*((nCLASE_I<>"")*(nCLASE_I<>"E"))*(nNOTA=2)) | N71: =SUMPRODUCT((nCUENTA=1)*(nCURSO=A71)*((nCLASE_I<>"")*(nCLASE_I<>"E"))*(nNOTA=3)) | O71: =SUMPRODUCT((nCUENTA=1)*(nCURSO=A71)*((nCLASE_I<>"")*(nCLASE_I<>"E"))*(nNOTA=4)) | P71: =SUMPRODUCT((nCUENTA=1)*(nCURSO=A71)*((nCLASE_I<>"")*(nCLASE_I<>"E"))*(nNOTA=5)) | Q71: =SUMPRODUCT((nCUENTA=1)*(nCURSO=A71)*((nCLASE_I<>"")*(nCLASE_I<>"E"))*(nNOTA=6)) | R71: =SUMPRODUCT((nCUENTA=1)*(nCURSO=A71)*((nCLASE_I<>"")*(nCLASE_I<>"E"))*(nNOTA=7)) | S71: =SUMPRODUCT((nCUENTA=1)*(nCURSO=A71)*((nCLASE_I<>"")*(nCLASE_I<>"E"))*(nNOTA=8)) | T71: =SUMPRODUCT((nCUENTA=1)*(nCURSO=A71)*((nCLASE_I<>"")*(nCLASE_I<>"E"))*(nNOTA=9)) | U71: =SUMPRODUCT((nCUENTA=1)*(nCURSO=A71)*((nCLASE_I<>"")*(nCLASE_I<>"E"))*(nNOTA=10))
A72: 3EPM | B72: Total | C72: Total | D72: =SUMPRODUCT((nCUENTA=1)*(nCURSO=A72)) -> 0 | E72: =IFERROR(SUMPRODUCT((nCUENTA=1)*(nCURSO=A72)*(nNOTA))/D72,"—") -> — | F72: {=IFERROR(_xlfn.STDEV.P(_xlfn._xlws.FILTER(nNOTA,(nCUENTA=1)*(nCURSO=A72))),"—")} -> — | G72: {=IFERROR(_xlfn.MODE.SNGL(_xlfn._xlws.FILTER(nNOTA,(nCUENTA=1)*(nCURSO=A72))),"—")} -> — | H72: =IFERROR(SUMPRODUCT((nCUENTA=1)*(nCURSO=A72)*(nAPTO="S"))/D72,"—") -> — | I72: =IFERROR(SUMPRODUCT((nCUENTA=1)*(nCURSO=A72)*(nAPTO="N"))/D72,"—") -> — | J72: {=IFERROR(_xlfn.MODE.SNGL(_xlfn._xlws.FILTER(nNOTA,(nCUENTA=1)*(nCURSO=A72)*(nAPTO="S"))),"—")} -> — | K72: {=IFERROR(_xlfn.MODE.SNGL(_xlfn._xlws.FILTER(nNOTA,(nCUENTA=1)*(nCURSO=A72)*(nAPTO="N"))),"—")} -> — | L72: =SUMPRODUCT((nCUENTA=1)*(nCURSO=A72)*(nNOTA=1)) -> 0 | M72: =SUMPRODUCT((nCUENTA=1)*(nCURSO=A72)*(nNOTA=2)) -> 0 | N72: =SUMPRODUCT((nCUENTA=1)*(nCURSO=A72)*(nNOTA=3)) -> 0 | O72: =SUMPRODUCT((nCUENTA=1)*(nCURSO=A72)*(nNOTA=4)) -> 0 | P72: =SUMPRODUCT((nCUENTA=1)*(nCURSO=A72)*(nNOTA=5)) -> 0 | Q72: =SUMPRODUCT((nCUENTA=1)*(nCURSO=A72)*(nNOTA=6)) -> 0 | R72: =SUMPRODUCT((nCUENTA=1)*(nCURSO=A72)*(nNOTA=7)) -> 0 | S72: =SUMPRODUCT((nCUENTA=1)*(nCURSO=A72)*(nNOTA=8)) -> 0 | T72: =SUMPRODUCT((nCUENTA=1)*(nCURSO=A72)*(nNOTA=9)) -> 0 | U72: =SUMPRODUCT((nCUENTA=1)*(nCURSO=A72)*(nNOTA=10)) -> 0
A73: 3EPM | B73: Total Especialidad | C73: TotalEsp | D73: =SUMPRODUCT((nCUENTA=1)*(nCURSO=A73)*(nCLASE_I="E")*1) | E73: {=IFERROR(AVERAGE(IF((nCUENTA=1)*(nCURSO=A73)*(nCLASE_I="E"),nNOTA)),"—")} | F73: {=IFERROR(_xlfn.STDEV.P(IF((nCUENTA=1)*(nCURSO=A73)*(nCLASE_I="E"),nNOTA)),"—")} | G73: {=IFERROR(_xlfn.MODE.SNGL(IF((nCUENTA=1)*(nCURSO=A73)*(nCLASE_I="E"),nNOTA)),"—")} | H73: =IFERROR(SUMPRODUCT((nCUENTA=1)*(nCURSO=A73)*(nCLASE_I="E")*(nAPTO="S"))/SUMPRODUCT((nCUENTA=1)*(nCURSO=A73)*(nCLASE_I="E")*1),"—") | I73: =IFERROR(SUMPRODUCT((nCUENTA=1)*(nCURSO=A73)*(nCLASE_I="E")*(nAPTO="N"))/SUMPRODUCT((nCUENTA=1)*(nCURSO=A73)*(nCLASE_I="E")*1),"—") | J73: {=IFERROR(_xlfn.MODE.SNGL(IF((nCUENTA=1)*(nCURSO=A73)*(nCLASE_I="E")*(nAPTO="S"),nNOTA)),"—")} | K73: {=IFERROR(_xlfn.MODE.SNGL(IF((nCUENTA=1)*(nCURSO=A73)*(nCLASE_I="E")*(nAPTO="N"),nNOTA)),"—")} | L73: =SUMPRODUCT((nCUENTA=1)*(nCURSO=A73)*(nCLASE_I="E")*(nNOTA=1)) | M73: =SUMPRODUCT((nCUENTA=1)*(nCURSO=A73)*(nCLASE_I="E")*(nNOTA=2)) | N73: =SUMPRODUCT((nCUENTA=1)*(nCURSO=A73)*(nCLASE_I="E")*(nNOTA=3)) | O73: =SUMPRODUCT((nCUENTA=1)*(nCURSO=A73)*(nCLASE_I="E")*(nNOTA=4)) | P73: =SUMPRODUCT((nCUENTA=1)*(nCURSO=A73)*(nCLASE_I="E")*(nNOTA=5)) | Q73: =SUMPRODUCT((nCUENTA=1)*(nCURSO=A73)*(nCLASE_I="E")*(nNOTA=6)) | R73: =SUMPRODUCT((nCUENTA=1)*(nCURSO=A73)*(nCLASE_I="E")*(nNOTA=7)) | S73: =SUMPRODUCT((nCUENTA=1)*(nCURSO=A73)*(nCLASE_I="E")*(nNOTA=8)) | T73: =SUMPRODUCT((nCUENTA=1)*(nCURSO=A73)*(nCLASE_I="E")*(nNOTA=9)) | U73: =SUMPRODUCT((nCUENTA=1)*(nCURSO=A73)*(nCLASE_I="E")*(nNOTA=10))
A74: 3EPM | B74: Total No Especialidad | C74: TotalNoEsp | D74: =SUMPRODUCT((nCUENTA=1)*(nCURSO=A74)*((nCLASE_I<>"")*(nCLASE_I<>"E"))*1) | E74: {=IFERROR(AVERAGE(IF((nCUENTA=1)*(nCURSO=A74)*((nCLASE_I<>"")*(nCLASE_I<>"E")),nNOTA)),"—")} | F74: {=IFERROR(_xlfn.STDEV.P(IF((nCUENTA=1)*(nCURSO=A74)*((nCLASE_I<>"")*(nCLASE_I<>"E")),nNOTA)),"—")} | G74: {=IFERROR(_xlfn.MODE.SNGL(IF((nCUENTA=1)*(nCURSO=A74)*((nCLASE_I<>"")*(nCLASE_I<>"E")),nNOTA)),"—")} | H74: =IFERROR(SUMPRODUCT((nCUENTA=1)*(nCURSO=A74)*((nCLASE_I<>"")*(nCLASE_I<>"E"))*(nAPTO="S"))/SUMPRODUCT((nCUENTA=1)*(nCURSO=A74)*((nCLASE_I<>"")*(nCLASE_I<>"E"))*1),"—") | I74: =IFERROR(SUMPRODUCT((nCUENTA=1)*(nCURSO=A74)*((nCLASE_I<>"")*(nCLASE_I<>"E"))*(nAPTO="N"))/SUMPRODUCT((nCUENTA=1)*(nCURSO=A74)*((nCLASE_I<>"")*(nCLASE_I<>"E"))*1),"—") | J74: {=IFERROR(_xlfn.MODE.SNGL(IF((nCUENTA=1)*(nCURSO=A74)*((nCLASE_I<>"")*(nCLASE_I<>"E"))*(nAPTO="S"),nNOTA)),"—")} | K74: {=IFERROR(_xlfn.MODE.SNGL(IF((nCUENTA=1)*(nCURSO=A74)*((nCLASE_I<>"")*(nCLASE_I<>"E"))*(nAPTO="N"),nNOTA)),"—")} | L74: =SUMPRODUCT((nCUENTA=1)*(nCURSO=A74)*((nCLASE_I<>"")*(nCLASE_I<>"E"))*(nNOTA=1)) | M74: =SUMPRODUCT((nCUENTA=1)*(nCURSO=A74)*((nCLASE_I<>"")*(nCLASE_I<>"E"))*(nNOTA=2)) | N74: =SUMPRODUCT((nCUENTA=1)*(nCURSO=A74)*((nCLASE_I<>"")*(nCLASE_I<>"E"))*(nNOTA=3)) | O74: =SUMPRODUCT((nCUENTA=1)*(nCURSO=A74)*((nCLASE_I<>"")*(nCLASE_I<>"E"))*(nNOTA=4)) | P74: =SUMPRODUCT((nCUENTA=1)*(nCURSO=A74)*((nCLASE_I<>"")*(nCLASE_I<>"E"))*(nNOTA=5)) | Q74: =SUMPRODUCT((nCUENTA=1)*(nCURSO=A74)*((nCLASE_I<>"")*(nCLASE_I<>"E"))*(nNOTA=6)) | R74: =SUMPRODUCT((nCUENTA=1)*(nCURSO=A74)*((nCLASE_I<>"")*(nCLASE_I<>"E"))*(nNOTA=7)) | S74: =SUMPRODUCT((nCUENTA=1)*(nCURSO=A74)*((nCLASE_I<>"")*(nCLASE_I<>"E"))*(nNOTA=8)) | T74: =SUMPRODUCT((nCUENTA=1)*(nCURSO=A74)*((nCLASE_I<>"")*(nCLASE_I<>"E"))*(nNOTA=9)) | U74: =SUMPRODUCT((nCUENTA=1)*(nCURSO=A74)*((nCLASE_I<>"")*(nCLASE_I<>"E"))*(nNOTA=10))
A75: 4EPM | B75: Total | C75: Total | D75: =SUMPRODUCT((nCUENTA=1)*(nCURSO=A75)) -> 0 | E75: =IFERROR(SUMPRODUCT((nCUENTA=1)*(nCURSO=A75)*(nNOTA))/D75,"—") -> — | F75: {=IFERROR(_xlfn.STDEV.P(_xlfn._xlws.FILTER(nNOTA,(nCUENTA=1)*(nCURSO=A75))),"—")} -> — | G75: {=IFERROR(_xlfn.MODE.SNGL(_xlfn._xlws.FILTER(nNOTA,(nCUENTA=1)*(nCURSO=A75))),"—")} -> — | H75: =IFERROR(SUMPRODUCT((nCUENTA=1)*(nCURSO=A75)*(nAPTO="S"))/D75,"—") -> — | I75: =IFERROR(SUMPRODUCT((nCUENTA=1)*(nCURSO=A75)*(nAPTO="N"))/D75,"—") -> — | J75: {=IFERROR(_xlfn.MODE.SNGL(_xlfn._xlws.FILTER(nNOTA,(nCUENTA=1)*(nCURSO=A75)*(nAPTO="S"))),"—")} -> — | K75: {=IFERROR(_xlfn.MODE.SNGL(_xlfn._xlws.FILTER(nNOTA,(nCUENTA=1)*(nCURSO=A75)*(nAPTO="N"))),"—")} -> — | L75: =SUMPRODUCT((nCUENTA=1)*(nCURSO=A75)*(nNOTA=1)) -> 0 | M75: =SUMPRODUCT((nCUENTA=1)*(nCURSO=A75)*(nNOTA=2)) -> 0 | N75: =SUMPRODUCT((nCUENTA=1)*(nCURSO=A75)*(nNOTA=3)) -> 0 | O75: =SUMPRODUCT((nCUENTA=1)*(nCURSO=A75)*(nNOTA=4)) -> 0 | P75: =SUMPRODUCT((nCUENTA=1)*(nCURSO=A75)*(nNOTA=5)) -> 0 | Q75: =SUMPRODUCT((nCUENTA=1)*(nCURSO=A75)*(nNOTA=6)) -> 0 | R75: =SUMPRODUCT((nCUENTA=1)*(nCURSO=A75)*(nNOTA=7)) -> 0 | S75: =SUMPRODUCT((nCUENTA=1)*(nCURSO=A75)*(nNOTA=8)) -> 0 | T75: =SUMPRODUCT((nCUENTA=1)*(nCURSO=A75)*(nNOTA=9)) -> 0 | U75: =SUMPRODUCT((nCUENTA=1)*(nCURSO=A75)*(nNOTA=10)) -> 0
A76: 4EPM | B76: Total Especialidad | C76: TotalEsp | D76: =SUMPRODUCT((nCUENTA=1)*(nCURSO=A76)*(nCLASE_I="E")*1) | E76: {=IFERROR(AVERAGE(IF((nCUENTA=1)*(nCURSO=A76)*(nCLASE_I="E"),nNOTA)),"—")} | F76: {=IFERROR(_xlfn.STDEV.P(IF((nCUENTA=1)*(nCURSO=A76)*(nCLASE_I="E"),nNOTA)),"—")} | G76: {=IFERROR(_xlfn.MODE.SNGL(IF((nCUENTA=1)*(nCURSO=A76)*(nCLASE_I="E"),nNOTA)),"—")} | H76: =IFERROR(SUMPRODUCT((nCUENTA=1)*(nCURSO=A76)*(nCLASE_I="E")*(nAPTO="S"))/SUMPRODUCT((nCUENTA=1)*(nCURSO=A76)*(nCLASE_I="E")*1),"—") | I76: =IFERROR(SUMPRODUCT((nCUENTA=1)*(nCURSO=A76)*(nCLASE_I="E")*(nAPTO="N"))/SUMPRODUCT((nCUENTA=1)*(nCURSO=A76)*(nCLASE_I="E")*1),"—") | J76: {=IFERROR(_xlfn.MODE.SNGL(IF((nCUENTA=1)*(nCURSO=A76)*(nCLASE_I="E")*(nAPTO="S"),nNOTA)),"—")} | K76: {=IFERROR(_xlfn.MODE.SNGL(IF((nCUENTA=1)*(nCURSO=A76)*(nCLASE_I="E")*(nAPTO="N"),nNOTA)),"—")} | L76: =SUMPRODUCT((nCUENTA=1)*(nCURSO=A76)*(nCLASE_I="E")*(nNOTA=1)) | M76: =SUMPRODUCT((nCUENTA=1)*(nCURSO=A76)*(nCLASE_I="E")*(nNOTA=2)) | N76: =SUMPRODUCT((nCUENTA=1)*(nCURSO=A76)*(nCLASE_I="E")*(nNOTA=3)) | O76: =SUMPRODUCT((nCUENTA=1)*(nCURSO=A76)*(nCLASE_I="E")*(nNOTA=4)) | P76: =SUMPRODUCT((nCUENTA=1)*(nCURSO=A76)*(nCLASE_I="E")*(nNOTA=5)) | Q76: =SUMPRODUCT((nCUENTA=1)*(nCURSO=A76)*(nCLASE_I="E")*(nNOTA=6)) | R76: =SUMPRODUCT((nCUENTA=1)*(nCURSO=A76)*(nCLASE_I="E")*(nNOTA=7)) | S76: =SUMPRODUCT((nCUENTA=1)*(nCURSO=A76)*(nCLASE_I="E")*(nNOTA=8)) | T76: =SUMPRODUCT((nCUENTA=1)*(nCURSO=A76)*(nCLASE_I="E")*(nNOTA=9)) | U76: =SUMPRODUCT((nCUENTA=1)*(nCURSO=A76)*(nCLASE_I="E")*(nNOTA=10))
A77: 4EPM | B77: Total No Especialidad | C77: TotalNoEsp | D77: =SUMPRODUCT((nCUENTA=1)*(nCURSO=A77)*((nCLASE_I<>"")*(nCLASE_I<>"E"))*1) | E77: {=IFERROR(AVERAGE(IF((nCUENTA=1)*(nCURSO=A77)*((nCLASE_I<>"")*(nCLASE_I<>"E")),nNOTA)),"—")} | F77: {=IFERROR(_xlfn.STDEV.P(IF((nCUENTA=1)*(nCURSO=A77)*((nCLASE_I<>"")*(nCLASE_I<>"E")),nNOTA)),"—")} | G77: {=IFERROR(_xlfn.MODE.SNGL(IF((nCUENTA=1)*(nCURSO=A77)*((nCLASE_I<>"")*(nCLASE_I<>"E")),nNOTA)),"—")} | H77: =IFERROR(SUMPRODUCT((nCUENTA=1)*(nCURSO=A77)*((nCLASE_I<>"")*(nCLASE_I<>"E"))*(nAPTO="S"))/SUMPRODUCT((nCUENTA=1)*(nCURSO=A77)*((nCLASE_I<>"")*(nCLASE_I<>"E"))*1),"—") | I77: =IFERROR(SUMPRODUCT((nCUENTA=1)*(nCURSO=A77)*((nCLASE_I<>"")*(nCLASE_I<>"E"))*(nAPTO="N"))/SUMPRODUCT((nCUENTA=1)*(nCURSO=A77)*((nCLASE_I<>"")*(nCLASE_I<>"E"))*1),"—") | J77: {=IFERROR(_xlfn.MODE.SNGL(IF((nCUENTA=1)*(nCURSO=A77)*((nCLASE_I<>"")*(nCLASE_I<>"E"))*(nAPTO="S"),nNOTA)),"—")} | K77: {=IFERROR(_xlfn.MODE.SNGL(IF((nCUENTA=1)*(nCURSO=A77)*((nCLASE_I<>"")*(nCLASE_I<>"E"))*(nAPTO="N"),nNOTA)),"—")} | L77: =SUMPRODUCT((nCUENTA=1)*(nCURSO=A77)*((nCLASE_I<>"")*(nCLASE_I<>"E"))*(nNOTA=1)) | M77: =SUMPRODUCT((nCUENTA=1)*(nCURSO=A77)*((nCLASE_I<>"")*(nCLASE_I<>"E"))*(nNOTA=2)) | N77: =SUMPRODUCT((nCUENTA=1)*(nCURSO=A77)*((nCLASE_I<>"")*(nCLASE_I<>"E"))*(nNOTA=3)) | O77: =SUMPRODUCT((nCUENTA=1)*(nCURSO=A77)*((nCLASE_I<>"")*(nCLASE_I<>"E"))*(nNOTA=4)) | P77: =SUMPRODUCT((nCUENTA=1)*(nCURSO=A77)*((nCLASE_I<>"")*(nCLASE_I<>"E"))*(nNOTA=5)) | Q77: =SUMPRODUCT((nCUENTA=1)*(nCURSO=A77)*((nCLASE_I<>"")*(nCLASE_I<>"E"))*(nNOTA=6)) | R77: =SUMPRODUCT((nCUENTA=1)*(nCURSO=A77)*((nCLASE_I<>"")*(nCLASE_I<>"E"))*(nNOTA=7)) | S77: =SUMPRODUCT((nCUENTA=1)*(nCURSO=A77)*((nCLASE_I<>"")*(nCLASE_I<>"E"))*(nNOTA=8)) | T77: =SUMPRODUCT((nCUENTA=1)*(nCURSO=A77)*((nCLASE_I<>"")*(nCLASE_I<>"E"))*(nNOTA=9)) | U77: =SUMPRODUCT((nCUENTA=1)*(nCURSO=A77)*((nCLASE_I<>"")*(nCLASE_I<>"E"))*(nNOTA=10))
A78: 5EPM | B78: Total | C78: Total | D78: =SUMPRODUCT((nCUENTA=1)*(nCURSO=A78)) -> 0 | E78: =IFERROR(SUMPRODUCT((nCUENTA=1)*(nCURSO=A78)*(nNOTA))/D78,"—") -> — | F78: {=IFERROR(_xlfn.STDEV.P(_xlfn._xlws.FILTER(nNOTA,(nCUENTA=1)*(nCURSO=A78))),"—")} -> — | G78: {=IFERROR(_xlfn.MODE.SNGL(_xlfn._xlws.FILTER(nNOTA,(nCUENTA=1)*(nCURSO=A78))),"—")} -> — | H78: =IFERROR(SUMPRODUCT((nCUENTA=1)*(nCURSO=A78)*(nAPTO="S"))/D78,"—") -> — | I78: =IFERROR(SUMPRODUCT((nCUENTA=1)*(nCURSO=A78)*(nAPTO="N"))/D78,"—") -> — | J78: {=IFERROR(_xlfn.MODE.SNGL(_xlfn._xlws.FILTER(nNOTA,(nCUENTA=1)*(nCURSO=A78)*(nAPTO="S"))),"—")} -> — | K78: {=IFERROR(_xlfn.MODE.SNGL(_xlfn._xlws.FILTER(nNOTA,(nCUENTA=1)*(nCURSO=A78)*(nAPTO="N"))),"—")} -> — | L78: =SUMPRODUCT((nCUENTA=1)*(nCURSO=A78)*(nNOTA=1)) -> 0 | M78: =SUMPRODUCT((nCUENTA=1)*(nCURSO=A78)*(nNOTA=2)) -> 0 | N78: =SUMPRODUCT((nCUENTA=1)*(nCURSO=A78)*(nNOTA=3)) -> 0 | O78: =SUMPRODUCT((nCUENTA=1)*(nCURSO=A78)*(nNOTA=4)) -> 0 | P78: =SUMPRODUCT((nCUENTA=1)*(nCURSO=A78)*(nNOTA=5)) -> 0 | Q78: =SUMPRODUCT((nCUENTA=1)*(nCURSO=A78)*(nNOTA=6)) -> 0 | R78: =SUMPRODUCT((nCUENTA=1)*(nCURSO=A78)*(nNOTA=7)) -> 0 | S78: =SUMPRODUCT((nCUENTA=1)*(nCURSO=A78)*(nNOTA=8)) -> 0 | T78: =SUMPRODUCT((nCUENTA=1)*(nCURSO=A78)*(nNOTA=9)) -> 0 | U78: =SUMPRODUCT((nCUENTA=1)*(nCURSO=A78)*(nNOTA=10)) -> 0
A79: 5EPM | B79: Total Especialidad | C79: TotalEsp | D79: =SUMPRODUCT((nCUENTA=1)*(nCURSO=A79)*(nCLASE_I="E")*1) | E79: {=IFERROR(AVERAGE(IF((nCUENTA=1)*(nCURSO=A79)*(nCLASE_I="E"),nNOTA)),"—")} | F79: {=IFERROR(_xlfn.STDEV.P(IF((nCUENTA=1)*(nCURSO=A79)*(nCLASE_I="E"),nNOTA)),"—")} | G79: {=IFERROR(_xlfn.MODE.SNGL(IF((nCUENTA=1)*(nCURSO=A79)*(nCLASE_I="E"),nNOTA)),"—")} | H79: =IFERROR(SUMPRODUCT((nCUENTA=1)*(nCURSO=A79)*(nCLASE_I="E")*(nAPTO="S"))/SUMPRODUCT((nCUENTA=1)*(nCURSO=A79)*(nCLASE_I="E")*1),"—") | I79: =IFERROR(SUMPRODUCT((nCUENTA=1)*(nCURSO=A79)*(nCLASE_I="E")*(nAPTO="N"))/SUMPRODUCT((nCUENTA=1)*(nCURSO=A79)*(nCLASE_I="E")*1),"—") | J79: {=IFERROR(_xlfn.MODE.SNGL(IF((nCUENTA=1)*(nCURSO=A79)*(nCLASE_I="E")*(nAPTO="S"),nNOTA)),"—")} | K79: {=IFERROR(_xlfn.MODE.SNGL(IF((nCUENTA=1)*(nCURSO=A79)*(nCLASE_I="E")*(nAPTO="N"),nNOTA)),"—")} | L79: =SUMPRODUCT((nCUENTA=1)*(nCURSO=A79)*(nCLASE_I="E")*(nNOTA=1)) | M79: =SUMPRODUCT((nCUENTA=1)*(nCURSO=A79)*(nCLASE_I="E")*(nNOTA=2)) | N79: =SUMPRODUCT((nCUENTA=1)*(nCURSO=A79)*(nCLASE_I="E")*(nNOTA=3)) | O79: =SUMPRODUCT((nCUENTA=1)*(nCURSO=A79)*(nCLASE_I="E")*(nNOTA=4)) | P79: =SUMPRODUCT((nCUENTA=1)*(nCURSO=A79)*(nCLASE_I="E")*(nNOTA=5)) | Q79: =SUMPRODUCT((nCUENTA=1)*(nCURSO=A79)*(nCLASE_I="E")*(nNOTA=6)) | R79: =SUMPRODUCT((nCUENTA=1)*(nCURSO=A79)*(nCLASE_I="E")*(nNOTA=7)) | S79: =SUMPRODUCT((nCUENTA=1)*(nCURSO=A79)*(nCLASE_I="E")*(nNOTA=8)) | T79: =SUMPRODUCT((nCUENTA=1)*(nCURSO=A79)*(nCLASE_I="E")*(nNOTA=9)) | U79: =SUMPRODUCT((nCUENTA=1)*(nCURSO=A79)*(nCLASE_I="E")*(nNOTA=10))
A80: 5EPM | B80: Total No Especialidad | C80: TotalNoEsp | D80: =SUMPRODUCT((nCUENTA=1)*(nCURSO=A80)*((nCLASE_I<>"")*(nCLASE_I<>"E"))*1) | E80: {=IFERROR(AVERAGE(IF((nCUENTA=1)*(nCURSO=A80)*((nCLASE_I<>"")*(nCLASE_I<>"E")),nNOTA)),"—")} | F80: {=IFERROR(_xlfn.STDEV.P(IF((nCUENTA=1)*(nCURSO=A80)*((nCLASE_I<>"")*(nCLASE_I<>"E")),nNOTA)),"—")} | G80: {=IFERROR(_xlfn.MODE.SNGL(IF((nCUENTA=1)*(nCURSO=A80)*((nCLASE_I<>"")*(nCLASE_I<>"E")),nNOTA)),"—")} | H80: =IFERROR(SUMPRODUCT((nCUENTA=1)*(nCURSO=A80)*((nCLASE_I<>"")*(nCLASE_I<>"E"))*(nAPTO="S"))/SUMPRODUCT((nCUENTA=1)*(nCURSO=A80)*((nCLASE_I<>"")*(nCLASE_I<>"E"))*1),"—") | I80: =IFERROR(SUMPRODUCT((nCUENTA=1)*(nCURSO=A80)*((nCLASE_I<>"")*(nCLASE_I<>"E"))*(nAPTO="N"))/SUMPRODUCT((nCUENTA=1)*(nCURSO=A80)*((nCLASE_I<>"")*(nCLASE_I<>"E"))*1),"—") | J80: {=IFERROR(_xlfn.MODE.SNGL(IF((nCUENTA=1)*(nCURSO=A80)*((nCLASE_I<>"")*(nCLASE_I<>"E"))*(nAPTO="S"),nNOTA)),"—")} | K80: {=IFERROR(_xlfn.MODE.SNGL(IF((nCUENTA=1)*(nCURSO=A80)*((nCLASE_I<>"")*(nCLASE_I<>"E"))*(nAPTO="N"),nNOTA)),"—")} | L80: =SUMPRODUCT((nCUENTA=1)*(nCURSO=A80)*((nCLASE_I<>"")*(nCLASE_I<>"E"))*(nNOTA=1)) | M80: =SUMPRODUCT((nCUENTA=1)*(nCURSO=A80)*((nCLASE_I<>"")*(nCLASE_I<>"E"))*(nNOTA=2)) | N80: =SUMPRODUCT((nCUENTA=1)*(nCURSO=A80)*((nCLASE_I<>"")*(nCLASE_I<>"E"))*(nNOTA=3)) | O80: =SUMPRODUCT((nCUENTA=1)*(nCURSO=A80)*((nCLASE_I<>"")*(nCLASE_I<>"E"))*(nNOTA=4)) | P80: =SUMPRODUCT((nCUENTA=1)*(nCURSO=A80)*((nCLASE_I<>"")*(nCLASE_I<>"E"))*(nNOTA=5)) | Q80: =SUMPRODUCT((nCUENTA=1)*(nCURSO=A80)*((nCLASE_I<>"")*(nCLASE_I<>"E"))*(nNOTA=6)) | R80: =SUMPRODUCT((nCUENTA=1)*(nCURSO=A80)*((nCLASE_I<>"")*(nCLASE_I<>"E"))*(nNOTA=7)) | S80: =SUMPRODUCT((nCUENTA=1)*(nCURSO=A80)*((nCLASE_I<>"")*(nCLASE_I<>"E"))*(nNOTA=8)) | T80: =SUMPRODUCT((nCUENTA=1)*(nCURSO=A80)*((nCLASE_I<>"")*(nCLASE_I<>"E"))*(nNOTA=9)) | U80: =SUMPRODUCT((nCUENTA=1)*(nCURSO=A80)*((nCLASE_I<>"")*(nCLASE_I<>"E"))*(nNOTA=10))
A81: 6EPM | B81: Total | C81: Total | D81: =SUMPRODUCT((nCUENTA=1)*(nCURSO=A81)) -> 0 | E81: =IFERROR(SUMPRODUCT((nCUENTA=1)*(nCURSO=A81)*(nNOTA))/D81,"—") -> — | F81: {=IFERROR(_xlfn.STDEV.P(_xlfn._xlws.FILTER(nNOTA,(nCUENTA=1)*(nCURSO=A81))),"—")} -> — | G81: {=IFERROR(_xlfn.MODE.SNGL(_xlfn._xlws.FILTER(nNOTA,(nCUENTA=1)*(nCURSO=A81))),"—")} -> — | H81: =IFERROR(SUMPRODUCT((nCUENTA=1)*(nCURSO=A81)*(nAPTO="S"))/D81,"—") -> — | I81: =IFERROR(SUMPRODUCT((nCUENTA=1)*(nCURSO=A81)*(nAPTO="N"))/D81,"—") -> — | J81: {=IFERROR(_xlfn.MODE.SNGL(_xlfn._xlws.FILTER(nNOTA,(nCUENTA=1)*(nCURSO=A81)*(nAPTO="S"))),"—")} -> — | K81: {=IFERROR(_xlfn.MODE.SNGL(_xlfn._xlws.FILTER(nNOTA,(nCUENTA=1)*(nCURSO=A81)*(nAPTO="N"))),"—")} -> — | L81: =SUMPRODUCT((nCUENTA=1)*(nCURSO=A81)*(nNOTA=1)) -> 0 | M81: =SUMPRODUCT((nCUENTA=1)*(nCURSO=A81)*(nNOTA=2)) -> 0 | N81: =SUMPRODUCT((nCUENTA=1)*(nCURSO=A81)*(nNOTA=3)) -> 0 | O81: =SUMPRODUCT((nCUENTA=1)*(nCURSO=A81)*(nNOTA=4)) -> 0 | P81: =SUMPRODUCT((nCUENTA=1)*(nCURSO=A81)*(nNOTA=5)) -> 0 | Q81: =SUMPRODUCT((nCUENTA=1)*(nCURSO=A81)*(nNOTA=6)) -> 0 | R81: =SUMPRODUCT((nCUENTA=1)*(nCURSO=A81)*(nNOTA=7)) -> 0 | S81: =SUMPRODUCT((nCUENTA=1)*(nCURSO=A81)*(nNOTA=8)) -> 0 | T81: =SUMPRODUCT((nCUENTA=1)*(nCURSO=A81)*(nNOTA=9)) -> 0 | U81: =SUMPRODUCT((nCUENTA=1)*(nCURSO=A81)*(nNOTA=10)) -> 0
A82: 6EPM | B82: Total Especialidad | C82: TotalEsp | D82: =SUMPRODUCT((nCUENTA=1)*(nCURSO=A82)*(nCLASE_I="E")*1) | E82: {=IFERROR(AVERAGE(IF((nCUENTA=1)*(nCURSO=A82)*(nCLASE_I="E"),nNOTA)),"—")} | F82: {=IFERROR(_xlfn.STDEV.P(IF((nCUENTA=1)*(nCURSO=A82)*(nCLASE_I="E"),nNOTA)),"—")} | G82: {=IFERROR(_xlfn.MODE.SNGL(IF((nCUENTA=1)*(nCURSO=A82)*(nCLASE_I="E"),nNOTA)),"—")} | H82: =IFERROR(SUMPRODUCT((nCUENTA=1)*(nCURSO=A82)*(nCLASE_I="E")*(nAPTO="S"))/SUMPRODUCT((nCUENTA=1)*(nCURSO=A82)*(nCLASE_I="E")*1),"—") | I82: =IFERROR(SUMPRODUCT((nCUENTA=1)*(nCURSO=A82)*(nCLASE_I="E")*(nAPTO="N"))/SUMPRODUCT((nCUENTA=1)*(nCURSO=A82)*(nCLASE_I="E")*1),"—") | J82: {=IFERROR(_xlfn.MODE.SNGL(IF((nCUENTA=1)*(nCURSO=A82)*(nCLASE_I="E")*(nAPTO="S"),nNOTA)),"—")} | K82: {=IFERROR(_xlfn.MODE.SNGL(IF((nCUENTA=1)*(nCURSO=A82)*(nCLASE_I="E")*(nAPTO="N"),nNOTA)),"—")} | L82: =SUMPRODUCT((nCUENTA=1)*(nCURSO=A82)*(nCLASE_I="E")*(nNOTA=1)) | M82: =SUMPRODUCT((nCUENTA=1)*(nCURSO=A82)*(nCLASE_I="E")*(nNOTA=2)) | N82: =SUMPRODUCT((nCUENTA=1)*(nCURSO=A82)*(nCLASE_I="E")*(nNOTA=3)) | O82: =SUMPRODUCT((nCUENTA=1)*(nCURSO=A82)*(nCLASE_I="E")*(nNOTA=4)) | P82: =SUMPRODUCT((nCUENTA=1)*(nCURSO=A82)*(nCLASE_I="E")*(nNOTA=5)) | Q82: =SUMPRODUCT((nCUENTA=1)*(nCURSO=A82)*(nCLASE_I="E")*(nNOTA=6)) | R82: =SUMPRODUCT((nCUENTA=1)*(nCURSO=A82)*(nCLASE_I="E")*(nNOTA=7)) | S82: =SUMPRODUCT((nCUENTA=1)*(nCURSO=A82)*(nCLASE_I="E")*(nNOTA=8)) | T82: =SUMPRODUCT((nCUENTA=1)*(nCURSO=A82)*(nCLASE_I="E")*(nNOTA=9)) | U82: =SUMPRODUCT((nCUENTA=1)*(nCURSO=A82)*(nCLASE_I="E")*(nNOTA=10))
A83: 6EPM | B83: Total No Especialidad | C83: TotalNoEsp | D83: =SUMPRODUCT((nCUENTA=1)*(nCURSO=A83)*((nCLASE_I<>"")*(nCLASE_I<>"E"))*1) | E83: {=IFERROR(AVERAGE(IF((nCUENTA=1)*(nCURSO=A83)*((nCLASE_I<>"")*(nCLASE_I<>"E")),nNOTA)),"—")} | F83: {=IFERROR(_xlfn.STDEV.P(IF((nCUENTA=1)*(nCURSO=A83)*((nCLASE_I<>"")*(nCLASE_I<>"E")),nNOTA)),"—")} | G83: {=IFERROR(_xlfn.MODE.SNGL(IF((nCUENTA=1)*(nCURSO=A83)*((nCLASE_I<>"")*(nCLASE_I<>"E")),nNOTA)),"—")} | H83: =IFERROR(SUMPRODUCT((nCUENTA=1)*(nCURSO=A83)*((nCLASE_I<>"")*(nCLASE_I<>"E"))*(nAPTO="S"))/SUMPRODUCT((nCUENTA=1)*(nCURSO=A83)*((nCLASE_I<>"")*(nCLASE_I<>"E"))*1),"—") | I83: =IFERROR(SUMPRODUCT((nCUENTA=1)*(nCURSO=A83)*((nCLASE_I<>"")*(nCLASE_I<>"E"))*(nAPTO="N"))/SUMPRODUCT((nCUENTA=1)*(nCURSO=A83)*((nCLASE_I<>"")*(nCLASE_I<>"E"))*1),"—") | J83: {=IFERROR(_xlfn.MODE.SNGL(IF((nCUENTA=1)*(nCURSO=A83)*((nCLASE_I<>"")*(nCLASE_I<>"E"))*(nAPTO="S"),nNOTA)),"—")} | K83: {=IFERROR(_xlfn.MODE.SNGL(IF((nCUENTA=1)*(nCURSO=A83)*((nCLASE_I<>"")*(nCLASE_I<>"E"))*(nAPTO="N"),nNOTA)),"—")} | L83: =SUMPRODUCT((nCUENTA=1)*(nCURSO=A83)*((nCLASE_I<>"")*(nCLASE_I<>"E"))*(nNOTA=1)) | M83: =SUMPRODUCT((nCUENTA=1)*(nCURSO=A83)*((nCLASE_I<>"")*(nCLASE_I<>"E"))*(nNOTA=2)) | N83: =SUMPRODUCT((nCUENTA=1)*(nCURSO=A83)*((nCLASE_I<>"")*(nCLASE_I<>"E"))*(nNOTA=3)) | O83: =SUMPRODUCT((nCUENTA=1)*(nCURSO=A83)*((nCLASE_I<>"")*(nCLASE_I<>"E"))*(nNOTA=4)) | P83: =SUMPRODUCT((nCUENTA=1)*(nCURSO=A83)*((nCLASE_I<>"")*(nCLASE_I<>"E"))*(nNOTA=5)) | Q83: =SUMPRODUCT((nCUENTA=1)*(nCURSO=A83)*((nCLASE_I<>"")*(nCLASE_I<>"E"))*(nNOTA=6)) | R83: =SUMPRODUCT((nCUENTA=1)*(nCURSO=A83)*((nCLASE_I<>"")*(nCLASE_I<>"E"))*(nNOTA=7)) | S83: =SUMPRODUCT((nCUENTA=1)*(nCURSO=A83)*((nCLASE_I<>"")*(nCLASE_I<>"E"))*(nNOTA=8)) | T83: =SUMPRODUCT((nCUENTA=1)*(nCURSO=A83)*((nCLASE_I<>"")*(nCLASE_I<>"E"))*(nNOTA=9)) | U83: =SUMPRODUCT((nCUENTA=1)*(nCURSO=A83)*((nCLASE_I<>"")*(nCLASE_I<>"E"))*(nNOTA=10))
A84: 1EPM | B84: {=IFERROR(INDEX(_xlfn._xlws.FILTER(CONFIG_ASIGNATURAS!$B$2:$B$91,(CONFIG_ASIGNATURAS!$G$2:$G$91="Sí")*ISNUMBER(SEARCH("1EPM",CONFIG_ASIGNATURAS!$C$2:$C$91))),1),"")} | C84: =IF(B84="","",IFERROR(VLOOKUP(B84,CONFIG_ASIGNATURAS!$B$2:$D$91,3,FALSE()),"Asignatura")) | D84: =SUMPRODUCT((nCUENTA=1)*(nCURSO=A84)*(nASIG=B84)) -> 0 | E84: =IFERROR(SUMPRODUCT((nCUENTA=1)*(nCURSO=A84)*(nASIG=B84)*(nNOTA))/D84,"—") -> — | F84: {=IFERROR(_xlfn.STDEV.P(_xlfn._xlws.FILTER(nNOTA,(nCUENTA=1)*(nCURSO=A84)*(nASIG=B84))),"—")} -> — | G84: {=IFERROR(_xlfn.MODE.SNGL(_xlfn._xlws.FILTER(nNOTA,(nCUENTA=1)*(nCURSO=A84)*(nASIG=B84))),"—")} -> — | H84: =IFERROR(SUMPRODUCT((nCUENTA=1)*(nCURSO=A84)*(nASIG=B84)*(nAPTO="S"))/D84,"—") -> — | I84: =IFERROR(SUMPRODUCT((nCUENTA=1)*(nCURSO=A84)*(nASIG=B84)*(nAPTO="N"))/D84,"—") -> — | J84: {=IFERROR(_xlfn.MODE.SNGL(_xlfn._xlws.FILTER(nNOTA,(nCUENTA=1)*(nCURSO=A84)*(nASIG=B84)*(nAPTO="S"))),"—")} -> — | K84: {=IFERROR(_xlfn.MODE.SNGL(_xlfn._xlws.FILTER(nNOTA,(nCUENTA=1)*(nCURSO=A84)*(nASIG=B84)*(nAPTO="N"))),"—")} -> — | L84: =SUMPRODUCT((nCUENTA=1)*(nCURSO=A84)*(nASIG=B84)*(nNOTA=1)) -> 0 | M84: =SUMPRODUCT((nCUENTA=1)*(nCURSO=A84)*(nASIG=B84)*(nNOTA=2)) -> 0 | N84: =SUMPRODUCT((nCUENTA=1)*(nCURSO=A84)*(nASIG=B84)*(nNOTA=3)) -> 0 | O84: =SUMPRODUCT((nCUENTA=1)*(nCURSO=A84)*(nASIG=B84)*(nNOTA=4)) -> 0 | P84: =SUMPRODUCT((nCUENTA=1)*(nCURSO=A84)*(nASIG=B84)*(nNOTA=5)) -> 0 | Q84: =SUMPRODUCT((nCUENTA=1)*(nCURSO=A84)*(nASIG=B84)*(nNOTA=6)) -> 0 | R84: =SUMPRODUCT((nCUENTA=1)*(nCURSO=A84)*(nASIG=B84)*(nNOTA=7)) -> 0 | S84: =SUMPRODUCT((nCUENTA=1)*(nCURSO=A84)*(nASIG=B84)*(nNOTA=8)) -> 0 | T84: =SUMPRODUCT((nCUENTA=1)*(nCURSO=A84)*(nASIG=B84)*(nNOTA=9)) -> 0 | U84: =SUMPRODUCT((nCUENTA=1)*(nCURSO=A84)*(nASIG=B84)*(nNOTA=10)) -> 0
A85: 1EPM | B85: {=IFERROR(INDEX(_xlfn._xlws.FILTER(CONFIG_ASIGNATURAS!$B$2:$B$91,(CONFIG_ASIGNATURAS!$G$2:$G$91="Sí")*ISNUMBER(SEARCH("1EPM",CONFIG_ASIGNATURAS!$C$2:$C$91))),2),"")} | C85: =IF(B85="","",IFERROR(VLOOKUP(B85,CONFIG_ASIGNATURAS!$B$2:$D$91,3,FALSE()),"Asignatura")) | D85: =SUMPRODUCT((nCUENTA=1)*(nCURSO=A85)*(nASIG=B85)) -> 0 | E85: =IFERROR(SUMPRODUCT((nCUENTA=1)*(nCURSO=A85)*(nASIG=B85)*(nNOTA))/D85,"—") -> — | F85: {=IFERROR(_xlfn.STDEV.P(_xlfn._xlws.FILTER(nNOTA,(nCUENTA=1)*(nCURSO=A85)*(nASIG=B85))),"—")} -> — | G85: {=IFERROR(_xlfn.MODE.SNGL(_xlfn._xlws.FILTER(nNOTA,(nCUENTA=1)*(nCURSO=A85)*(nASIG=B85))),"—")} -> — | H85: =IFERROR(SUMPRODUCT((nCUENTA=1)*(nCURSO=A85)*(nASIG=B85)*(nAPTO="S"))/D85,"—") -> — | I85: =IFERROR(SUMPRODUCT((nCUENTA=1)*(nCURSO=A85)*(nASIG=B85)*(nAPTO="N"))/D85,"—") -> — | J85: {=IFERROR(_xlfn.MODE.SNGL(_xlfn._xlws.FILTER(nNOTA,(nCUENTA=1)*(nCURSO=A85)*(nASIG=B85)*(nAPTO="S"))),"—")} -> — | K85: {=IFERROR(_xlfn.MODE.SNGL(_xlfn._xlws.FILTER(nNOTA,(nCUENTA=1)*(nCURSO=A85)*(nASIG=B85)*(nAPTO="N"))),"—")} -> — | L85: =SUMPRODUCT((nCUENTA=1)*(nCURSO=A85)*(nASIG=B85)*(nNOTA=1)) -> 0 | M85: =SUMPRODUCT((nCUENTA=1)*(nCURSO=A85)*(nASIG=B85)*(nNOTA=2)) -> 0 | N85: =SUMPRODUCT((nCUENTA=1)*(nCURSO=A85)*(nASIG=B85)*(nNOTA=3)) -> 0 | O85: =SUMPRODUCT((nCUENTA=1)*(nCURSO=A85)*(nASIG=B85)*(nNOTA=4)) -> 0 | P85: =SUMPRODUCT((nCUENTA=1)*(nCURSO=A85)*(nASIG=B85)*(nNOTA=5)) -> 0 | Q85: =SUMPRODUCT((nCUENTA=1)*(nCURSO=A85)*(nASIG=B85)*(nNOTA=6)) -> 0 | R85: =SUMPRODUCT((nCUENTA=1)*(nCURSO=A85)*(nASIG=B85)*(nNOTA=7)) -> 0 | S85: =SUMPRODUCT((nCUENTA=1)*(nCURSO=A85)*(nASIG=B85)*(nNOTA=8)) -> 0 | T85: =SUMPRODUCT((nCUENTA=1)*(nCURSO=A85)*(nASIG=B85)*(nNOTA=9)) -> 0 | U85: =SUMPRODUCT((nCUENTA=1)*(nCURSO=A85)*(nASIG=B85)*(nNOTA=10)) -> 0
A86: 1EPM | B86: {=IFERROR(INDEX(_xlfn._xlws.FILTER(CONFIG_ASIGNATURAS!$B$2:$B$91,(CONFIG_ASIGNATURAS!$G$2:$G$91="Sí")*ISNUMBER(SEARCH("1EPM",CONFIG_ASIGNATURAS!$C$2:$C$91))),3),"")} | C86: =IF(B86="","",IFERROR(VLOOKUP(B86,CONFIG_ASIGNATURAS!$B$2:$D$91,3,FALSE()),"Asignatura")) | D86: =SUMPRODUCT((nCUENTA=1)*(nCURSO=A86)*(nASIG=B86)) -> 0 | E86: =IFERROR(SUMPRODUCT((nCUENTA=1)*(nCURSO=A86)*(nASIG=B86)*(nNOTA))/D86,"—") -> — | F86: {=IFERROR(_xlfn.STDEV.P(_xlfn._xlws.FILTER(nNOTA,(nCUENTA=1)*(nCURSO=A86)*(nASIG=B86))),"—")} -> — | G86: {=IFERROR(_xlfn.MODE.SNGL(_xlfn._xlws.FILTER(nNOTA,(nCUENTA=1)*(nCURSO=A86)*(nASIG=B86))),"—")} -> — | H86: =IFERROR(SUMPRODUCT((nCUENTA=1)*(nCURSO=A86)*(nASIG=B86)*(nAPTO="S"))/D86,"—") -> — | I86: =IFERROR(SUMPRODUCT((nCUENTA=1)*(nCURSO=A86)*(nASIG=B86)*(nAPTO="N"))/D86,"—") -> — | J86: {=IFERROR(_xlfn.MODE.SNGL(_xlfn._xlws.FILTER(nNOTA,(nCUENTA=1)*(nCURSO=A86)*(nASIG=B86)*(nAPTO="S"))),"—")} -> — | K86: {=IFERROR(_xlfn.MODE.SNGL(_xlfn._xlws.FILTER(nNOTA,(nCUENTA=1)*(nCURSO=A86)*(nASIG=B86)*(nAPTO="N"))),"—")} -> — | L86: =SUMPRODUCT((nCUENTA=1)*(nCURSO=A86)*(nASIG=B86)*(nNOTA=1)) -> 0 | M86: =SUMPRODUCT((nCUENTA=1)*(nCURSO=A86)*(nASIG=B86)*(nNOTA=2)) -> 0 | N86: =SUMPRODUCT((nCUENTA=1)*(nCURSO=A86)*(nASIG=B86)*(nNOTA=3)) -> 0 | O86: =SUMPRODUCT((nCUENTA=1)*(nCURSO=A86)*(nASIG=B86)*(nNOTA=4)) -> 0 | P86: =SUMPRODUCT((nCUENTA=1)*(nCURSO=A86)*(nASIG=B86)*(nNOTA=5)) -> 0 | Q86: =SUMPRODUCT((nCUENTA=1)*(nCURSO=A86)*(nASIG=B86)*(nNOTA=6)) -> 0 | R86: =SUMPRODUCT((nCUENTA=1)*(nCURSO=A86)*(nASIG=B86)*(nNOTA=7)) -> 0 | S86: =SUMPRODUCT((nCUENTA=1)*(nCURSO=A86)*(nASIG=B86)*(nNOTA=8)) -> 0 | T86: =SUMPRODUCT((nCUENTA=1)*(nCURSO=A86)*(nASIG=B86)*(nNOTA=9)) -> 0 | U86: =SUMPRODUCT((nCUENTA=1)*(nCURSO=A86)*(nASIG=B86)*(nNOTA=10)) -> 0
A87: 1EPM | B87: {=IFERROR(INDEX(_xlfn._xlws.FILTER(CONFIG_ASIGNATURAS!$B$2:$B$91,(CONFIG_ASIGNATURAS!$G$2:$G$91="Sí")*ISNUMBER(SEARCH("1EPM",CONFIG_ASIGNATURAS!$C$2:$C$91))),4),"")} | C87: =IF(B87="","",IFERROR(VLOOKUP(B87,CONFIG_ASIGNATURAS!$B$2:$D$91,3,FALSE()),"Asignatura")) | D87: =SUMPRODUCT((nCUENTA=1)*(nCURSO=A87)*(nASIG=B87)) -> 0 | E87: =IFERROR(SUMPRODUCT((nCUENTA=1)*(nCURSO=A87)*(nASIG=B87)*(nNOTA))/D87,"—") -> — | F87: {=IFERROR(_xlfn.STDEV.P(_xlfn._xlws.FILTER(nNOTA,(nCUENTA=1)*(nCURSO=A87)*(nASIG=B87))),"—")} -> — | G87: {=IFERROR(_xlfn.MODE.SNGL(_xlfn._xlws.FILTER(nNOTA,(nCUENTA=1)*(nCURSO=A87)*(nASIG=B87))),"—")} -> — | H87: =IFERROR(SUMPRODUCT((nCUENTA=1)*(nCURSO=A87)*(nASIG=B87)*(nAPTO="S"))/D87,"—") -> — | I87: =IFERROR(SUMPRODUCT((nCUENTA=1)*(nCURSO=A87)*(nASIG=B87)*(nAPTO="N"))/D87,"—") -> — | J87: {=IFERROR(_xlfn.MODE.SNGL(_xlfn._xlws.FILTER(nNOTA,(nCUENTA=1)*(nCURSO=A87)*(nASIG=B87)*(nAPTO="S"))),"—")} -> — | K87: {=IFERROR(_xlfn.MODE.SNGL(_xlfn._xlws.FILTER(nNOTA,(nCUENTA=1)*(nCURSO=A87)*(nASIG=B87)*(nAPTO="N"))),"—")} -> — | L87: =SUMPRODUCT((nCUENTA=1)*(nCURSO=A87)*(nASIG=B87)*(nNOTA=1)) -> 0 | M87: =SUMPRODUCT((nCUENTA=1)*(nCURSO=A87)*(nASIG=B87)*(nNOTA=2)) -> 0 | N87: =SUMPRODUCT((nCUENTA=1)*(nCURSO=A87)*(nASIG=B87)*(nNOTA=3)) -> 0 | O87: =SUMPRODUCT((nCUENTA=1)*(nCURSO=A87)*(nASIG=B87)*(nNOTA=4)) -> 0 | P87: =SUMPRODUCT((nCUENTA=1)*(nCURSO=A87)*(nASIG=B87)*(nNOTA=5)) -> 0 | Q87: =SUMPRODUCT((nCUENTA=1)*(nCURSO=A87)*(nASIG=B87)*(nNOTA=6)) -> 0 | R87: =SUMPRODUCT((nCUENTA=1)*(nCURSO=A87)*(nASIG=B87)*(nNOTA=7)) -> 0 | S87: =SUMPRODUCT((nCUENTA=1)*(nCURSO=A87)*(nASIG=B87)*(nNOTA=8)) -> 0 | T87: =SUMPRODUCT((nCUENTA=1)*(nCURSO=A87)*(nASIG=B87)*(nNOTA=9)) -> 0 | U87: =SUMPRODUCT((nCUENTA=1)*(nCURSO=A87)*(nASIG=B87)*(nNOTA=10)) -> 0
A88: 1EPM | B88: {=IFERROR(INDEX(_xlfn._xlws.FILTER(CONFIG_ASIGNATURAS!$B$2:$B$91,(CONFIG_ASIGNATURAS!$G$2:$G$91="Sí")*ISNUMBER(SEARCH("1EPM",CONFIG_ASIGNATURAS!$C$2:$C$91))),5),"")} | C88: =IF(B88="","",IFERROR(VLOOKUP(B88,CONFIG_ASIGNATURAS!$B$2:$D$91,3,FALSE()),"Asignatura")) | D88: =SUMPRODUCT((nCUENTA=1)*(nCURSO=A88)*(nASIG=B88)) -> 0 | E88: =IFERROR(SUMPRODUCT((nCUENTA=1)*(nCURSO=A88)*(nASIG=B88)*(nNOTA))/D88,"—") -> — | F88: {=IFERROR(_xlfn.STDEV.P(_xlfn._xlws.FILTER(nNOTA,(nCUENTA=1)*(nCURSO=A88)*(nASIG=B88))),"—")} -> — | G88: {=IFERROR(_xlfn.MODE.SNGL(_xlfn._xlws.FILTER(nNOTA,(nCUENTA=1)*(nCURSO=A88)*(nASIG=B88))),"—")} -> — | H88: =IFERROR(SUMPRODUCT((nCUENTA=1)*(nCURSO=A88)*(nASIG=B88)*(nAPTO="S"))/D88,"—") -> — | I88: =IFERROR(SUMPRODUCT((nCUENTA=1)*(nCURSO=A88)*(nASIG=B88)*(nAPTO="N"))/D88,"—") -> — | J88: {=IFERROR(_xlfn.MODE.SNGL(_xlfn._xlws.FILTER(nNOTA,(nCUENTA=1)*(nCURSO=A88)*(nASIG=B88)*(nAPTO="S"))),"—")} -> — | K88: {=IFERROR(_xlfn.MODE.SNGL(_xlfn._xlws.FILTER(nNOTA,(nCUENTA=1)*(nCURSO=A88)*(nASIG=B88)*(nAPTO="N"))),"—")} -> — | L88: =SUMPRODUCT((nCUENTA=1)*(nCURSO=A88)*(nASIG=B88)*(nNOTA=1)) -> 0 | M88: =SUMPRODUCT((nCUENTA=1)*(nCURSO=A88)*(nASIG=B88)*(nNOTA=2)) -> 0 | N88: =SUMPRODUCT((nCUENTA=1)*(nCURSO=A88)*(nASIG=B88)*(nNOTA=3)) -> 0 | O88: =SUMPRODUCT((nCUENTA=1)*(nCURSO=A88)*(nASIG=B88)*(nNOTA=4)) -> 0 | P88: =SUMPRODUCT((nCUENTA=1)*(nCURSO=A88)*(nASIG=B88)*(nNOTA=5)) -> 0 | Q88: =SUMPRODUCT((nCUENTA=1)*(nCURSO=A88)*(nASIG=B88)*(nNOTA=6)) -> 0 | R88: =SUMPRODUCT((nCUENTA=1)*(nCURSO=A88)*(nASIG=B88)*(nNOTA=7)) -> 0 | S88: =SUMPRODUCT((nCUENTA=1)*(nCURSO=A88)*(nASIG=B88)*(nNOTA=8)) -> 0 | T88: =SUMPRODUCT((nCUENTA=1)*(nCURSO=A88)*(nASIG=B88)*(nNOTA=9)) -> 0 | U88: =SUMPRODUCT((nCUENTA=1)*(nCURSO=A88)*(nASIG=B88)*(nNOTA=10)) -> 0
A89: 1EPM | B89: {=IFERROR(INDEX(_xlfn._xlws.FILTER(CONFIG_ASIGNATURAS!$B$2:$B$91,(CONFIG_ASIGNATURAS!$G$2:$G$91="Sí")*ISNUMBER(SEARCH("1EPM",CONFIG_ASIGNATURAS!$C$2:$C$91))),6),"")} | C89: =IF(B89="","",IFERROR(VLOOKUP(B89,CONFIG_ASIGNATURAS!$B$2:$D$91,3,FALSE()),"Asignatura")) | D89: =SUMPRODUCT((nCUENTA=1)*(nCURSO=A89)*(nASIG=B89)) -> 0 | E89: =IFERROR(SUMPRODUCT((nCUENTA=1)*(nCURSO=A89)*(nASIG=B89)*(nNOTA))/D89,"—") -> — | F89: {=IFERROR(_xlfn.STDEV.P(_xlfn._xlws.FILTER(nNOTA,(nCUENTA=1)*(nCURSO=A89)*(nASIG=B89))),"—")} -> — | G89: {=IFERROR(_xlfn.MODE.SNGL(_xlfn._xlws.FILTER(nNOTA,(nCUENTA=1)*(nCURSO=A89)*(nASIG=B89))),"—")} -> — | H89: =IFERROR(SUMPRODUCT((nCUENTA=1)*(nCURSO=A89)*(nASIG=B89)*(nAPTO="S"))/D89,"—") -> — | I89: =IFERROR(SUMPRODUCT((nCUENTA=1)*(nCURSO=A89)*(nASIG=B89)*(nAPTO="N"))/D89,"—") -> — | J89: {=IFERROR(_xlfn.MODE.SNGL(_xlfn._xlws.FILTER(nNOTA,(nCUENTA=1)*(nCURSO=A89)*(nASIG=B89)*(nAPTO="S"))),"—")} -> — | K89: {=IFERROR(_xlfn.MODE.SNGL(_xlfn._xlws.FILTER(nNOTA,(nCUENTA=1)*(nCURSO=A89)*(nASIG=B89)*(nAPTO="N"))),"—")} -> — | L89: =SUMPRODUCT((nCUENTA=1)*(nCURSO=A89)*(nASIG=B89)*(nNOTA=1)) -> 0 | M89: =SUMPRODUCT((nCUENTA=1)*(nCURSO=A89)*(nASIG=B89)*(nNOTA=2)) -> 0 | N89: =SUMPRODUCT((nCUENTA=1)*(nCURSO=A89)*(nASIG=B89)*(nNOTA=3)) -> 0 | O89: =SUMPRODUCT((nCUENTA=1)*(nCURSO=A89)*(nASIG=B89)*(nNOTA=4)) -> 0 | P89: =SUMPRODUCT((nCUENTA=1)*(nCURSO=A89)*(nASIG=B89)*(nNOTA=5)) -> 0 | Q89: =SUMPRODUCT((nCUENTA=1)*(nCURSO=A89)*(nASIG=B89)*(nNOTA=6)) -> 0 | R89: =SUMPRODUCT((nCUENTA=1)*(nCURSO=A89)*(nASIG=B89)*(nNOTA=7)) -> 0 | S89: =SUMPRODUCT((nCUENTA=1)*(nCURSO=A89)*(nASIG=B89)*(nNOTA=8)) -> 0 | T89: =SUMPRODUCT((nCUENTA=1)*(nCURSO=A89)*(nASIG=B89)*(nNOTA=9)) -> 0 | U89: =SUMPRODUCT((nCUENTA=1)*(nCURSO=A89)*(nASIG=B89)*(nNOTA=10)) -> 0
A90: 1EPM | B90: {=IFERROR(INDEX(_xlfn._xlws.FILTER(CONFIG_ASIGNATURAS!$B$2:$B$91,(CONFIG_ASIGNATURAS!$G$2:$G$91="Sí")*ISNUMBER(SEARCH("1EPM",CONFIG_ASIGNATURAS!$C$2:$C$91))),7),"")} | C90: =IF(B90="","",IFERROR(VLOOKUP(B90,CONFIG_ASIGNATURAS!$B$2:$D$91,3,FALSE()),"Asignatura")) | D90: =SUMPRODUCT((nCUENTA=1)*(nCURSO=A90)*(nASIG=B90)) -> 0 | E90: =IFERROR(SUMPRODUCT((nCUENTA=1)*(nCURSO=A90)*(nASIG=B90)*(nNOTA))/D90,"—") -> — | F90: {=IFERROR(_xlfn.STDEV.P(_xlfn._xlws.FILTER(nNOTA,(nCUENTA=1)*(nCURSO=A90)*(nASIG=B90))),"—")} -> — | G90: {=IFERROR(_xlfn.MODE.SNGL(_xlfn._xlws.FILTER(nNOTA,(nCUENTA=1)*(nCURSO=A90)*(nASIG=B90))),"—")} -> — | H90: =IFERROR(SUMPRODUCT((nCUENTA=1)*(nCURSO=A90)*(nASIG=B90)*(nAPTO="S"))/D90,"—") -> — | I90: =IFERROR(SUMPRODUCT((nCUENTA=1)*(nCURSO=A90)*(nASIG=B90)*(nAPTO="N"))/D90,"—") -> — | J90: {=IFERROR(_xlfn.MODE.SNGL(_xlfn._xlws.FILTER(nNOTA,(nCUENTA=1)*(nCURSO=A90)*(nASIG=B90)*(nAPTO="S"))),"—")} -> — | K90: {=IFERROR(_xlfn.MODE.SNGL(_xlfn._xlws.FILTER(nNOTA,(nCUENTA=1)*(nCURSO=A90)*(nASIG=B90)*(nAPTO="N"))),"—")} -> — | L90: =SUMPRODUCT((nCUENTA=1)*(nCURSO=A90)*(nASIG=B90)*(nNOTA=1)) -> 0 | M90: =SUMPRODUCT((nCUENTA=1)*(nCURSO=A90)*(nASIG=B90)*(nNOTA=2)) -> 0 | N90: =SUMPRODUCT((nCUENTA=1)*(nCURSO=A90)*(nASIG=B90)*(nNOTA=3)) -> 0 | O90: =SUMPRODUCT((nCUENTA=1)*(nCURSO=A90)*(nASIG=B90)*(nNOTA=4)) -> 0 | P90: =SUMPRODUCT((nCUENTA=1)*(nCURSO=A90)*(nASIG=B90)*(nNOTA=5)) -> 0 | Q90: =SUMPRODUCT((nCUENTA=1)*(nCURSO=A90)*(nASIG=B90)*(nNOTA=6)) -> 0 | R90: =SUMPRODUCT((nCUENTA=1)*(nCURSO=A90)*(nASIG=B90)*(nNOTA=7)) -> 0 | S90: =SUMPRODUCT((nCUENTA=1)*(nCURSO=A90)*(nASIG=B90)*(nNOTA=8)) -> 0 | T90: =SUMPRODUCT((nCUENTA=1)*(nCURSO=A90)*(nASIG=B90)*(nNOTA=9)) -> 0 | U90: =SUMPRODUCT((nCUENTA=1)*(nCURSO=A90)*(nASIG=B90)*(nNOTA=10)) -> 0
A91: 1EPM | B91: {=IFERROR(INDEX(_xlfn._xlws.FILTER(CONFIG_ASIGNATURAS!$B$2:$B$91,(CONFIG_ASIGNATURAS!$G$2:$G$91="Sí")*ISNUMBER(SEARCH("1EPM",CONFIG_ASIGNATURAS!$C$2:$C$91))),8),"")} | C91: =IF(B91="","",IFERROR(VLOOKUP(B91,CONFIG_ASIGNATURAS!$B$2:$D$91,3,FALSE()),"Asignatura")) | D91: =SUMPRODUCT((nCUENTA=1)*(nCURSO=A91)*(nASIG=B91)) -> 0 | E91: =IFERROR(SUMPRODUCT((nCUENTA=1)*(nCURSO=A91)*(nASIG=B91)*(nNOTA))/D91,"—") -> — | F91: {=IFERROR(_xlfn.STDEV.P(_xlfn._xlws.FILTER(nNOTA,(nCUENTA=1)*(nCURSO=A91)*(nASIG=B91))),"—")} -> — | G91: {=IFERROR(_xlfn.MODE.SNGL(_xlfn._xlws.FILTER(nNOTA,(nCUENTA=1)*(nCURSO=A91)*(nASIG=B91))),"—")} -> — | H91: =IFERROR(SUMPRODUCT((nCUENTA=1)*(nCURSO=A91)*(nASIG=B91)*(nAPTO="S"))/D91,"—") -> — | I91: =IFERROR(SUMPRODUCT((nCUENTA=1)*(nCURSO=A91)*(nASIG=B91)*(nAPTO="N"))/D91,"—") -> — | J91: {=IFERROR(_xlfn.MODE.SNGL(_xlfn._xlws.FILTER(nNOTA,(nCUENTA=1)*(nCURSO=A91)*(nASIG=B91)*(nAPTO="S"))),"—")} -> — | K91: {=IFERROR(_xlfn.MODE.SNGL(_xlfn._xlws.FILTER(nNOTA,(nCUENTA=1)*(nCURSO=A91)*(nASIG=B91)*(nAPTO="N"))),"—")} -> — | L91: =SUMPRODUCT((nCUENTA=1)*(nCURSO=A91)*(nASIG=B91)*(nNOTA=1)) -> 0 | M91: =SUMPRODUCT((nCUENTA=1)*(nCURSO=A91)*(nASIG=B91)*(nNOTA=2)) -> 0 | N91: =SUMPRODUCT((nCUENTA=1)*(nCURSO=A91)*(nASIG=B91)*(nNOTA=3)) -> 0 | O91: =SUMPRODUCT((nCUENTA=1)*(nCURSO=A91)*(nASIG=B91)*(nNOTA=4)) -> 0 | P91: =SUMPRODUCT((nCUENTA=1)*(nCURSO=A91)*(nASIG=B91)*(nNOTA=5)) -> 0 | Q91: =SUMPRODUCT((nCUENTA=1)*(nCURSO=A91)*(nASIG=B91)*(nNOTA=6)) -> 0 | R91: =SUMPRODUCT((nCUENTA=1)*(nCURSO=A91)*(nASIG=B91)*(nNOTA=7)) -> 0 | S91: =SUMPRODUCT((nCUENTA=1)*(nCURSO=A91)*(nASIG=B91)*(nNOTA=8)) -> 0 | T91: =SUMPRODUCT((nCUENTA=1)*(nCURSO=A91)*(nASIG=B91)*(nNOTA=9)) -> 0 | U91: =SUMPRODUCT((nCUENTA=1)*(nCURSO=A91)*(nASIG=B91)*(nNOTA=10)) -> 0
A92: 1EPM | B92: {=IFERROR(INDEX(_xlfn._xlws.FILTER(CONFIG_ASIGNATURAS!$B$2:$B$91,(CONFIG_ASIGNATURAS!$G$2:$G$91="Sí")*ISNUMBER(SEARCH("1EPM",CONFIG_ASIGNATURAS!$C$2:$C$91))),9),"")} | C92: =IF(B92="","",IFERROR(VLOOKUP(B92,CONFIG_ASIGNATURAS!$B$2:$D$91,3,FALSE()),"Asignatura")) | D92: =SUMPRODUCT((nCUENTA=1)*(nCURSO=A92)*(nASIG=B92)) -> 0 | E92: =IFERROR(SUMPRODUCT((nCUENTA=1)*(nCURSO=A92)*(nASIG=B92)*(nNOTA))/D92,"—") -> — | F92: {=IFERROR(_xlfn.STDEV.P(_xlfn._xlws.FILTER(nNOTA,(nCUENTA=1)*(nCURSO=A92)*(nASIG=B92))),"—")} -> — | G92: {=IFERROR(_xlfn.MODE.SNGL(_xlfn._xlws.FILTER(nNOTA,(nCUENTA=1)*(nCURSO=A92)*(nASIG=B92))),"—")} -> — | H92: =IFERROR(SUMPRODUCT((nCUENTA=1)*(nCURSO=A92)*(nASIG=B92)*(nAPTO="S"))/D92,"—") -> — | I92: =IFERROR(SUMPRODUCT((nCUENTA=1)*(nCURSO=A92)*(nASIG=B92)*(nAPTO="N"))/D92,"—") -> — | J92: {=IFERROR(_xlfn.MODE.SNGL(_xlfn._xlws.FILTER(nNOTA,(nCUENTA=1)*(nCURSO=A92)*(nASIG=B92)*(nAPTO="S"))),"—")} -> — | K92: {=IFERROR(_xlfn.MODE.SNGL(_xlfn._xlws.FILTER(nNOTA,(nCUENTA=1)*(nCURSO=A92)*(nASIG=B92)*(nAPTO="N"))),"—")} -> — | L92: =SUMPRODUCT((nCUENTA=1)*(nCURSO=A92)*(nASIG=B92)*(nNOTA=1)) -> 0 | M92: =SUMPRODUCT((nCUENTA=1)*(nCURSO=A92)*(nASIG=B92)*(nNOTA=2)) -> 0 | N92: =SUMPRODUCT((nCUENTA=1)*(nCURSO=A92)*(nASIG=B92)*(nNOTA=3)) -> 0 | O92: =SUMPRODUCT((nCUENTA=1)*(nCURSO=A92)*(nASIG=B92)*(nNOTA=4)) -> 0 | P92: =SUMPRODUCT((nCUENTA=1)*(nCURSO=A92)*(nASIG=B92)*(nNOTA=5)) -> 0 | Q92: =SUMPRODUCT((nCUENTA=1)*(nCURSO=A92)*(nASIG=B92)*(nNOTA=6)) -> 0 | R92: =SUMPRODUCT((nCUENTA=1)*(nCURSO=A92)*(nASIG=B92)*(nNOTA=7)) -> 0 | S92: =SUMPRODUCT((nCUENTA=1)*(nCURSO=A92)*(nASIG=B92)*(nNOTA=8)) -> 0 | T92: =SUMPRODUCT((nCUENTA=1)*(nCURSO=A92)*(nASIG=B92)*(nNOTA=9)) -> 0 | U92: =SUMPRODUCT((nCUENTA=1)*(nCURSO=A92)*(nASIG=B92)*(nNOTA=10)) -> 0
A93: 1EPM | B93: {=IFERROR(INDEX(_xlfn._xlws.FILTER(CONFIG_ASIGNATURAS!$B$2:$B$91,(CONFIG_ASIGNATURAS!$G$2:$G$91="Sí")*ISNUMBER(SEARCH("1EPM",CONFIG_ASIGNATURAS!$C$2:$C$91))),10),"")} | C93: =IF(B93="","",IFERROR(VLOOKUP(B93,CONFIG_ASIGNATURAS!$B$2:$D$91,3,FALSE()),"Asignatura")) | D93: =SUMPRODUCT((nCUENTA=1)*(nCURSO=A93)*(nASIG=B93)) -> 0 | E93: =IFERROR(SUMPRODUCT((nCUENTA=1)*(nCURSO=A93)*(nASIG=B93)*(nNOTA))/D93,"—") -> — | F93: {=IFERROR(_xlfn.STDEV.P(_xlfn._xlws.FILTER(nNOTA,(nCUENTA=1)*(nCURSO=A93)*(nASIG=B93))),"—")} -> — | G93: {=IFERROR(_xlfn.MODE.SNGL(_xlfn._xlws.FILTER(nNOTA,(nCUENTA=1)*(nCURSO=A93)*(nASIG=B93))),"—")} -> — | H93: =IFERROR(SUMPRODUCT((nCUENTA=1)*(nCURSO=A93)*(nASIG=B93)*(nAPTO="S"))/D93,"—") -> — | I93: =IFERROR(SUMPRODUCT((nCUENTA=1)*(nCURSO=A93)*(nASIG=B93)*(nAPTO="N"))/D93,"—") -> — | J93: {=IFERROR(_xlfn.MODE.SNGL(_xlfn._xlws.FILTER(nNOTA,(nCUENTA=1)*(nCURSO=A93)*(nASIG=B93)*(nAPTO="S"))),"—")} -> — | K93: {=IFERROR(_xlfn.MODE.SNGL(_xlfn._xlws.FILTER(nNOTA,(nCUENTA=1)*(nCURSO=A93)*(nASIG=B93)*(nAPTO="N"))),"—")} -> — | L93: =SUMPRODUCT((nCUENTA=1)*(nCURSO=A93)*(nASIG=B93)*(nNOTA=1)) -> 0 | M93: =SUMPRODUCT((nCUENTA=1)*(nCURSO=A93)*(nASIG=B93)*(nNOTA=2)) -> 0 | N93: =SUMPRODUCT((nCUENTA=1)*(nCURSO=A93)*(nASIG=B93)*(nNOTA=3)) -> 0 | O93: =SUMPRODUCT((nCUENTA=1)*(nCURSO=A93)*(nASIG=B93)*(nNOTA=4)) -> 0 | P93: =SUMPRODUCT((nCUENTA=1)*(nCURSO=A93)*(nASIG=B93)*(nNOTA=5)) -> 0 | Q93: =SUMPRODUCT((nCUENTA=1)*(nCURSO=A93)*(nASIG=B93)*(nNOTA=6)) -> 0 | R93: =SUMPRODUCT((nCUENTA=1)*(nCURSO=A93)*(nASIG=B93)*(nNOTA=7)) -> 0 | S93: =SUMPRODUCT((nCUENTA=1)*(nCURSO=A93)*(nASIG=B93)*(nNOTA=8)) -> 0 | T93: =SUMPRODUCT((nCUENTA=1)*(nCURSO=A93)*(nASIG=B93)*(nNOTA=9)) -> 0 | U93: =SUMPRODUCT((nCUENTA=1)*(nCURSO=A93)*(nASIG=B93)*(nNOTA=10)) -> 0
A94: 1EPM | B94: {=IFERROR(INDEX(_xlfn._xlws.FILTER(CONFIG_ASIGNATURAS!$B$2:$B$91,(CONFIG_ASIGNATURAS!$G$2:$G$91="Sí")*ISNUMBER(SEARCH("1EPM",CONFIG_ASIGNATURAS!$C$2:$C$91))),11),"")} | C94: =IF(B94="","",IFERROR(VLOOKUP(B94,CONFIG_ASIGNATURAS!$B$2:$D$91,3,FALSE()),"Asignatura")) | D94: =SUMPRODUCT((nCUENTA=1)*(nCURSO=A94)*(nASIG=B94)) -> 0 | E94: =IFERROR(SUMPRODUCT((nCUENTA=1)*(nCURSO=A94)*(nASIG=B94)*(nNOTA))/D94,"—") -> — | F94: {=IFERROR(_xlfn.STDEV.P(_xlfn._xlws.FILTER(nNOTA,(nCUENTA=1)*(nCURSO=A94)*(nASIG=B94))),"—")} -> — | G94: {=IFERROR(_xlfn.MODE.SNGL(_xlfn._xlws.FILTER(nNOTA,(nCUENTA=1)*(nCURSO=A94)*(nASIG=B94))),"—")} -> — | H94: =IFERROR(SUMPRODUCT((nCUENTA=1)*(nCURSO=A94)*(nASIG=B94)*(nAPTO="S"))/D94,"—") -> — | I94: =IFERROR(SUMPRODUCT((nCUENTA=1)*(nCURSO=A94)*(nASIG=B94)*(nAPTO="N"))/D94,"—") -> — | J94: {=IFERROR(_xlfn.MODE.SNGL(_xlfn._xlws.FILTER(nNOTA,(nCUENTA=1)*(nCURSO=A94)*(nASIG=B94)*(nAPTO="S"))),"—")} -> — | K94: {=IFERROR(_xlfn.MODE.SNGL(_xlfn._xlws.FILTER(nNOTA,(nCUENTA=1)*(nCURSO=A94)*(nASIG=B94)*(nAPTO="N"))),"—")} -> — | L94: =SUMPRODUCT((nCUENTA=1)*(nCURSO=A94)*(nASIG=B94)*(nNOTA=1)) -> 0 | M94: =SUMPRODUCT((nCUENTA=1)*(nCURSO=A94)*(nASIG=B94)*(nNOTA=2)) -> 0 | N94: =SUMPRODUCT((nCUENTA=1)*(nCURSO=A94)*(nASIG=B94)*(nNOTA=3)) -> 0 | O94: =SUMPRODUCT((nCUENTA=1)*(nCURSO=A94)*(nASIG=B94)*(nNOTA=4)) -> 0 | P94: =SUMPRODUCT((nCUENTA=1)*(nCURSO=A94)*(nASIG=B94)*(nNOTA=5)) -> 0 | Q94: =SUMPRODUCT((nCUENTA=1)*(nCURSO=A94)*(nASIG=B94)*(nNOTA=6)) -> 0 | R94: =SUMPRODUCT((nCUENTA=1)*(nCURSO=A94)*(nASIG=B94)*(nNOTA=7)) -> 0 | S94: =SUMPRODUCT((nCUENTA=1)*(nCURSO=A94)*(nASIG=B94)*(nNOTA=8)) -> 0 | T94: =SUMPRODUCT((nCUENTA=1)*(nCURSO=A94)*(nASIG=B94)*(nNOTA=9)) -> 0 | U94: =SUMPRODUCT((nCUENTA=1)*(nCURSO=A94)*(nASIG=B94)*(nNOTA=10)) -> 0
A95: 1EPM | B95: {=IFERROR(INDEX(_xlfn._xlws.FILTER(CONFIG_ASIGNATURAS!$B$2:$B$91,(CONFIG_ASIGNATURAS!$G$2:$G$91="Sí")*ISNUMBER(SEARCH("1EPM",CONFIG_ASIGNATURAS!$C$2:$C$91))),12),"")} | C95: =IF(B95="","",IFERROR(VLOOKUP(B95,CONFIG_ASIGNATURAS!$B$2:$D$91,3,FALSE()),"Asignatura")) | D95: =SUMPRODUCT((nCUENTA=1)*(nCURSO=A95)*(nASIG=B95)) -> 0 | E95: =IFERROR(SUMPRODUCT((nCUENTA=1)*(nCURSO=A95)*(nASIG=B95)*(nNOTA))/D95,"—") -> — | F95: {=IFERROR(_xlfn.STDEV.P(_xlfn._xlws.FILTER(nNOTA,(nCUENTA=1)*(nCURSO=A95)*(nASIG=B95))),"—")} -> — | G95: {=IFERROR(_xlfn.MODE.SNGL(_xlfn._xlws.FILTER(nNOTA,(nCUENTA=1)*(nCURSO=A95)*(nASIG=B95))),"—")} -> — | H95: =IFERROR(SUMPRODUCT((nCUENTA=1)*(nCURSO=A95)*(nASIG=B95)*(nAPTO="S"))/D95,"—") -> — | I95: =IFERROR(SUMPRODUCT((nCUENTA=1)*(nCURSO=A95)*(nASIG=B95)*(nAPTO="N"))/D95,"—") -> — | J95: {=IFERROR(_xlfn.MODE.SNGL(_xlfn._xlws.FILTER(nNOTA,(nCUENTA=1)*(nCURSO=A95)*(nASIG=B95)*(nAPTO="S"))),"—")} -> — | K95: {=IFERROR(_xlfn.MODE.SNGL(_xlfn._xlws.FILTER(nNOTA,(nCUENTA=1)*(nCURSO=A95)*(nASIG=B95)*(nAPTO="N"))),"—")} -> — | L95: =SUMPRODUCT((nCUENTA=1)*(nCURSO=A95)*(nASIG=B95)*(nNOTA=1)) -> 0 | M95: =SUMPRODUCT((nCUENTA=1)*(nCURSO=A95)*(nASIG=B95)*(nNOTA=2)) -> 0 | N95: =SUMPRODUCT((nCUENTA=1)*(nCURSO=A95)*(nASIG=B95)*(nNOTA=3)) -> 0 | O95: =SUMPRODUCT((nCUENTA=1)*(nCURSO=A95)*(nASIG=B95)*(nNOTA=4)) -> 0 | P95: =SUMPRODUCT((nCUENTA=1)*(nCURSO=A95)*(nASIG=B95)*(nNOTA=5)) -> 0 | Q95: =SUMPRODUCT((nCUENTA=1)*(nCURSO=A95)*(nASIG=B95)*(nNOTA=6)) -> 0 | R95: =SUMPRODUCT((nCUENTA=1)*(nCURSO=A95)*(nASIG=B95)*(nNOTA=7)) -> 0 | S95: =SUMPRODUCT((nCUENTA=1)*(nCURSO=A95)*(nASIG=B95)*(nNOTA=8)) -> 0 | T95: =SUMPRODUCT((nCUENTA=1)*(nCURSO=A95)*(nASIG=B95)*(nNOTA=9)) -> 0 | U95: =SUMPRODUCT((nCUENTA=1)*(nCURSO=A95)*(nASIG=B95)*(nNOTA=10)) -> 0
A96: 1EPM | B96: {=IFERROR(INDEX(_xlfn._xlws.FILTER(CONFIG_ASIGNATURAS!$B$2:$B$91,(CONFIG_ASIGNATURAS!$G$2:$G$91="Sí")*ISNUMBER(SEARCH("1EPM",CONFIG_ASIGNATURAS!$C$2:$C$91))),13),"")} | C96: =IF(B96="","",IFERROR(VLOOKUP(B96,CONFIG_ASIGNATURAS!$B$2:$D$91,3,FALSE()),"Asignatura")) | D96: =SUMPRODUCT((nCUENTA=1)*(nCURSO=A96)*(nASIG=B96)) -> 0 | E96: =IFERROR(SUMPRODUCT((nCUENTA=1)*(nCURSO=A96)*(nASIG=B96)*(nNOTA))/D96,"—") -> — | F96: {=IFERROR(_xlfn.STDEV.P(_xlfn._xlws.FILTER(nNOTA,(nCUENTA=1)*(nCURSO=A96)*(nASIG=B96))),"—")} -> — | G96: {=IFERROR(_xlfn.MODE.SNGL(_xlfn._xlws.FILTER(nNOTA,(nCUENTA=1)*(nCURSO=A96)*(nASIG=B96))),"—")} -> — | H96: =IFERROR(SUMPRODUCT((nCUENTA=1)*(nCURSO=A96)*(nASIG=B96)*(nAPTO="S"))/D96,"—") -> — | I96: =IFERROR(SUMPRODUCT((nCUENTA=1)*(nCURSO=A96)*(nASIG=B96)*(nAPTO="N"))/D96,"—") -> — | J96: {=IFERROR(_xlfn.MODE.SNGL(_xlfn._xlws.FILTER(nNOTA,(nCUENTA=1)*(nCURSO=A96)*(nASIG=B96)*(nAPTO="S"))),"—")} -> — | K96: {=IFERROR(_xlfn.MODE.SNGL(_xlfn._xlws.FILTER(nNOTA,(nCUENTA=1)*(nCURSO=A96)*(nASIG=B96)*(nAPTO="N"))),"—")} -> — | L96: =SUMPRODUCT((nCUENTA=1)*(nCURSO=A96)*(nASIG=B96)*(nNOTA=1)) -> 0 | M96: =SUMPRODUCT((nCUENTA=1)*(nCURSO=A96)*(nASIG=B96)*(nNOTA=2)) -> 0 | N96: =SUMPRODUCT((nCUENTA=1)*(nCURSO=A96)*(nASIG=B96)*(nNOTA=3)) -> 0 | O96: =SUMPRODUCT((nCUENTA=1)*(nCURSO=A96)*(nASIG=B96)*(nNOTA=4)) -> 0 | P96: =SUMPRODUCT((nCUENTA=1)*(nCURSO=A96)*(nASIG=B96)*(nNOTA=5)) -> 0 | Q96: =SUMPRODUCT((nCUENTA=1)*(nCURSO=A96)*(nASIG=B96)*(nNOTA=6)) -> 0 | R96: =SUMPRODUCT((nCUENTA=1)*(nCURSO=A96)*(nASIG=B96)*(nNOTA=7)) -> 0 | S96: =SUMPRODUCT((nCUENTA=1)*(nCURSO=A96)*(nASIG=B96)*(nNOTA=8)) -> 0 | T96: =SUMPRODUCT((nCUENTA=1)*(nCURSO=A96)*(nASIG=B96)*(nNOTA=9)) -> 0 | U96: =SUMPRODUCT((nCUENTA=1)*(nCURSO=A96)*(nASIG=B96)*(nNOTA=10)) -> 0
A97: 1EPM | B97: {=IFERROR(INDEX(_xlfn._xlws.FILTER(CONFIG_ASIGNATURAS!$B$2:$B$91,(CONFIG_ASIGNATURAS!$G$2:$G$91="Sí")*ISNUMBER(SEARCH("1EPM",CONFIG_ASIGNATURAS!$C$2:$C$91))),14),"")} | C97: =IF(B97="","",IFERROR(VLOOKUP(B97,CONFIG_ASIGNATURAS!$B$2:$D$91,3,FALSE()),"Asignatura")) | D97: =SUMPRODUCT((nCUENTA=1)*(nCURSO=A97)*(nASIG=B97)) -> 0 | E97: =IFERROR(SUMPRODUCT((nCUENTA=1)*(nCURSO=A97)*(nASIG=B97)*(nNOTA))/D97,"—") -> — | F97: {=IFERROR(_xlfn.STDEV.P(_xlfn._xlws.FILTER(nNOTA,(nCUENTA=1)*(nCURSO=A97)*(nASIG=B97))),"—")} -> — | G97: {=IFERROR(_xlfn.MODE.SNGL(_xlfn._xlws.FILTER(nNOTA,(nCUENTA=1)*(nCURSO=A97)*(nASIG=B97))),"—")} -> — | H97: =IFERROR(SUMPRODUCT((nCUENTA=1)*(nCURSO=A97)*(nASIG=B97)*(nAPTO="S"))/D97,"—") -> — | I97: =IFERROR(SUMPRODUCT((nCUENTA=1)*(nCURSO=A97)*(nASIG=B97)*(nAPTO="N"))/D97,"—") -> — | J97: {=IFERROR(_xlfn.MODE.SNGL(_xlfn._xlws.FILTER(nNOTA,(nCUENTA=1)*(nCURSO=A97)*(nASIG=B97)*(nAPTO="S"))),"—")} -> — | K97: {=IFERROR(_xlfn.MODE.SNGL(_xlfn._xlws.FILTER(nNOTA,(nCUENTA=1)*(nCURSO=A97)*(nASIG=B97)*(nAPTO="N"))),"—")} -> — | L97: =SUMPRODUCT((nCUENTA=1)*(nCURSO=A97)*(nASIG=B97)*(nNOTA=1)) -> 0 | M97: =SUMPRODUCT((nCUENTA=1)*(nCURSO=A97)*(nASIG=B97)*(nNOTA=2)) -> 0 | N97: =SUMPRODUCT((nCUENTA=1)*(nCURSO=A97)*(nASIG=B97)*(nNOTA=3)) -> 0 | O97: =SUMPRODUCT((nCUENTA=1)*(nCURSO=A97)*(nASIG=B97)*(nNOTA=4)) -> 0 | P97: =SUMPRODUCT((nCUENTA=1)*(nCURSO=A97)*(nASIG=B97)*(nNOTA=5)) -> 0 | Q97: =SUMPRODUCT((nCUENTA=1)*(nCURSO=A97)*(nASIG=B97)*(nNOTA=6)) -> 0 | R97: =SUMPRODUCT((nCUENTA=1)*(nCURSO=A97)*(nASIG=B97)*(nNOTA=7)) -> 0 | S97: =SUMPRODUCT((nCUENTA=1)*(nCURSO=A97)*(nASIG=B97)*(nNOTA=8)) -> 0 | T97: =SUMPRODUCT((nCUENTA=1)*(nCURSO=A97)*(nASIG=B97)*(nNOTA=9)) -> 0 | U97: =SUMPRODUCT((nCUENTA=1)*(nCURSO=A97)*(nASIG=B97)*(nNOTA=10)) -> 0
A98: 1EPM | B98: {=IFERROR(INDEX(_xlfn._xlws.FILTER(CONFIG_ASIGNATURAS!$B$2:$B$91,(CONFIG_ASIGNATURAS!$G$2:$G$91="Sí")*ISNUMBER(SEARCH("1EPM",CONFIG_ASIGNATURAS!$C$2:$C$91))),15),"")} | C98: =IF(B98="","",IFERROR(VLOOKUP(B98,CONFIG_ASIGNATURAS!$B$2:$D$91,3,FALSE()),"Asignatura")) | D98: =SUMPRODUCT((nCUENTA=1)*(nCURSO=A98)*(nASIG=B98)) -> 0 | E98: =IFERROR(SUMPRODUCT((nCUENTA=1)*(nCURSO=A98)*(nASIG=B98)*(nNOTA))/D98,"—") -> — | F98: {=IFERROR(_xlfn.STDEV.P(_xlfn._xlws.FILTER(nNOTA,(nCUENTA=1)*(nCURSO=A98)*(nASIG=B98))),"—")} -> — | G98: {=IFERROR(_xlfn.MODE.SNGL(_xlfn._xlws.FILTER(nNOTA,(nCUENTA=1)*(nCURSO=A98)*(nASIG=B98))),"—")} -> — | H98: =IFERROR(SUMPRODUCT((nCUENTA=1)*(nCURSO=A98)*(nASIG=B98)*(nAPTO="S"))/D98,"—") -> — | I98: =IFERROR(SUMPRODUCT((nCUENTA=1)*(nCURSO=A98)*(nASIG=B98)*(nAPTO="N"))/D98,"—") -> — | J98: {=IFERROR(_xlfn.MODE.SNGL(_xlfn._xlws.FILTER(nNOTA,(nCUENTA=1)*(nCURSO=A98)*(nASIG=B98)*(nAPTO="S"))),"—")} -> — | K98: {=IFERROR(_xlfn.MODE.SNGL(_xlfn._xlws.FILTER(nNOTA,(nCUENTA=1)*(nCURSO=A98)*(nASIG=B98)*(nAPTO="N"))),"—")} -> — | L98: =SUMPRODUCT((nCUENTA=1)*(nCURSO=A98)*(nASIG=B98)*(nNOTA=1)) -> 0 | M98: =SUMPRODUCT((nCUENTA=1)*(nCURSO=A98)*(nASIG=B98)*(nNOTA=2)) -> 0 | N98: =SUMPRODUCT((nCUENTA=1)*(nCURSO=A98)*(nASIG=B98)*(nNOTA=3)) -> 0 | O98: =SUMPRODUCT((nCUENTA=1)*(nCURSO=A98)*(nASIG=B98)*(nNOTA=4)) -> 0 | P98: =SUMPRODUCT((nCUENTA=1)*(nCURSO=A98)*(nASIG=B98)*(nNOTA=5)) -> 0 | Q98: =SUMPRODUCT((nCUENTA=1)*(nCURSO=A98)*(nASIG=B98)*(nNOTA=6)) -> 0 | R98: =SUMPRODUCT((nCUENTA=1)*(nCURSO=A98)*(nASIG=B98)*(nNOTA=7)) -> 0 | S98: =SUMPRODUCT((nCUENTA=1)*(nCURSO=A98)*(nASIG=B98)*(nNOTA=8)) -> 0 | T98: =SUMPRODUCT((nCUENTA=1)*(nCURSO=A98)*(nASIG=B98)*(nNOTA=9)) -> 0 | U98: =SUMPRODUCT((nCUENTA=1)*(nCURSO=A98)*(nASIG=B98)*(nNOTA=10)) -> 0
A99: 1EPM | B99: {=IFERROR(INDEX(_xlfn._xlws.FILTER(CONFIG_ASIGNATURAS!$B$2:$B$91,(CONFIG_ASIGNATURAS!$G$2:$G$91="Sí")*ISNUMBER(SEARCH("1EPM",CONFIG_ASIGNATURAS!$C$2:$C$91))),16),"")} | C99: =IF(B99="","",IFERROR(VLOOKUP(B99,CONFIG_ASIGNATURAS!$B$2:$D$91,3,FALSE()),"Asignatura")) | D99: =SUMPRODUCT((nCUENTA=1)*(nCURSO=A99)*(nASIG=B99)) -> 0 | E99: =IFERROR(SUMPRODUCT((nCUENTA=1)*(nCURSO=A99)*(nASIG=B99)*(nNOTA))/D99,"—") -> — | F99: {=IFERROR(_xlfn.STDEV.P(_xlfn._xlws.FILTER(nNOTA,(nCUENTA=1)*(nCURSO=A99)*(nASIG=B99))),"—")} -> — | G99: {=IFERROR(_xlfn.MODE.SNGL(_xlfn._xlws.FILTER(nNOTA,(nCUENTA=1)*(nCURSO=A99)*(nASIG=B99))),"—")} -> — | H99: =IFERROR(SUMPRODUCT((nCUENTA=1)*(nCURSO=A99)*(nASIG=B99)*(nAPTO="S"))/D99,"—") -> — | I99: =IFERROR(SUMPRODUCT((nCUENTA=1)*(nCURSO=A99)*(nASIG=B99)*(nAPTO="N"))/D99,"—") -> — | J99: {=IFERROR(_xlfn.MODE.SNGL(_xlfn._xlws.FILTER(nNOTA,(nCUENTA=1)*(nCURSO=A99)*(nASIG=B99)*(nAPTO="S"))),"—")} -> — | K99: {=IFERROR(_xlfn.MODE.SNGL(_xlfn._xlws.FILTER(nNOTA,(nCUENTA=1)*(nCURSO=A99)*(nASIG=B99)*(nAPTO="N"))),"—")} -> — | L99: =SUMPRODUCT((nCUENTA=1)*(nCURSO=A99)*(nASIG=B99)*(nNOTA=1)) -> 0 | M99: =SUMPRODUCT((nCUENTA=1)*(nCURSO=A99)*(nASIG=B99)*(nNOTA=2)) -> 0 | N99: =SUMPRODUCT((nCUENTA=1)*(nCURSO=A99)*(nASIG=B99)*(nNOTA=3)) -> 0 | O99: =SUMPRODUCT((nCUENTA=1)*(nCURSO=A99)*(nASIG=B99)*(nNOTA=4)) -> 0 | P99: =SUMPRODUCT((nCUENTA=1)*(nCURSO=A99)*(nASIG=B99)*(nNOTA=5)) -> 0 | Q99: =SUMPRODUCT((nCUENTA=1)*(nCURSO=A99)*(nASIG=B99)*(nNOTA=6)) -> 0 | R99: =SUMPRODUCT((nCUENTA=1)*(nCURSO=A99)*(nASIG=B99)*(nNOTA=7)) -> 0 | S99: =SUMPRODUCT((nCUENTA=1)*(nCURSO=A99)*(nASIG=B99)*(nNOTA=8)) -> 0 | T99: =SUMPRODUCT((nCUENTA=1)*(nCURSO=A99)*(nASIG=B99)*(nNOTA=9)) -> 0 | U99: =SUMPRODUCT((nCUENTA=1)*(nCURSO=A99)*(nASIG=B99)*(nNOTA=10)) -> 0
A100: 1EPM | B100: {=IFERROR(INDEX(_xlfn._xlws.FILTER(CONFIG_ASIGNATURAS!$B$2:$B$91,(CONFIG_ASIGNATURAS!$G$2:$G$91="Sí")*ISNUMBER(SEARCH("1EPM",CONFIG_ASIGNATURAS!$C$2:$C$91))),17),"")} | C100: =IF(B100="","",IFERROR(VLOOKUP(B100,CONFIG_ASIGNATURAS!$B$2:$D$91,3,FALSE()),"Asignatura")) | D100: =SUMPRODUCT((nCUENTA=1)*(nCURSO=A100)*(nASIG=B100)) -> 0 | E100: =IFERROR(SUMPRODUCT((nCUENTA=1)*(nCURSO=A100)*(nASIG=B100)*(nNOTA))/D100,"—") -> — | F100: {=IFERROR(_xlfn.STDEV.P(_xlfn._xlws.FILTER(nNOTA,(nCUENTA=1)*(nCURSO=A100)*(nASIG=B100))),"—")} -> — | G100: {=IFERROR(_xlfn.MODE.SNGL(_xlfn._xlws.FILTER(nNOTA,(nCUENTA=1)*(nCURSO=A100)*(nASIG=B100))),"—")} -> — | H100: =IFERROR(SUMPRODUCT((nCUENTA=1)*(nCURSO=A100)*(nASIG=B100)*(nAPTO="S"))/D100,"—") -> — | I100: =IFERROR(SUMPRODUCT((nCUENTA=1)*(nCURSO=A100)*(nASIG=B100)*(nAPTO="N"))/D100,"—") -> — | J100: {=IFERROR(_xlfn.MODE.SNGL(_xlfn._xlws.FILTER(nNOTA,(nCUENTA=1)*(nCURSO=A100)*(nASIG=B100)*(nAPTO="S"))),"—")} -> — | K100: {=IFERROR(_xlfn.MODE.SNGL(_xlfn._xlws.FILTER(nNOTA,(nCUENTA=1)*(nCURSO=A100)*(nASIG=B100)*(nAPTO="N"))),"—")} -> — | L100: =SUMPRODUCT((nCUENTA=1)*(nCURSO=A100)*(nASIG=B100)*(nNOTA=1)) -> 0 | M100: =SUMPRODUCT((nCUENTA=1)*(nCURSO=A100)*(nASIG=B100)*(nNOTA=2)) -> 0 | N100: =SUMPRODUCT((nCUENTA=1)*(nCURSO=A100)*(nASIG=B100)*(nNOTA=3)) -> 0 | O100: =SUMPRODUCT((nCUENTA=1)*(nCURSO=A100)*(nASIG=B100)*(nNOTA=4)) -> 0 | P100: =SUMPRODUCT((nCUENTA=1)*(nCURSO=A100)*(nASIG=B100)*(nNOTA=5)) -> 0 | Q100: =SUMPRODUCT((nCUENTA=1)*(nCURSO=A100)*(nASIG=B100)*(nNOTA=6)) -> 0 | R100: =SUMPRODUCT((nCUENTA=1)*(nCURSO=A100)*(nASIG=B100)*(nNOTA=7)) -> 0 | S100: =SUMPRODUCT((nCUENTA=1)*(nCURSO=A100)*(nASIG=B100)*(nNOTA=8)) -> 0 | T100: =SUMPRODUCT((nCUENTA=1)*(nCURSO=A100)*(nASIG=B100)*(nNOTA=9)) -> 0 | U100: =SUMPRODUCT((nCUENTA=1)*(nCURSO=A100)*(nASIG=B100)*(nNOTA=10)) -> 0
...

Sheet DAT_CORRELACION
A1: DATOS PIVOTEADOS PARA CORRELACIONES
A2: ⚠️ IMPORTANTE: Las celdas amarillas (A6, G6, M6, S6, Y6, AE6) requieren fórmulas manuales - ver INSTRUCCIONES
A4: CURSO | B4: 1EPM | G4: CURSO | H4: 2EPM | M4: CURSO | N4: 3EPM | S4: CURSO | T4: 4EPM | Y4: CURSO | Z4: 5EPM | AE4: CURSO | AF4: 6EPM
A5: NIA | B5: Teórica | C5: Orquesta | D5: Conjun | E5: Esp | G5: NIA | H5: Teórica | I5: Orquesta | J5: Conjun | K5: Esp | M5: NIA | N5: Teórica | O5: Orquesta | P5: Música | Q5: Esp | S5: NIA | T5: Teórica | U5: Orquesta | V5: Música | W5: Esp | Y5: NIA | Z5: Teórica | AA5: Orquesta | AB5: Música | AC5: Esp | AE5: NIA | AF5: Teórica | AG5: Orquesta | AH5: Música | AI5: Esp
A6: {=IFERROR(_xlfn.UNIQUE(_xlfn._xlws.FILTER(nNIA,(nCUENTA=1)*(nCURSO="1EPM"))),"")} | B6: =IF(A6="","",IF(A6="[FÓRMULA MANUAL]","",IFERROR(AVERAGEIFS(nNOTA,nNIA,A6,nCUENTA,1,nASIG,"Lenguaje Musical"),""))) | C6: =IF(A6="","",IF(A6="[FÓRMULA MANUAL]","",IFERROR(AVERAGEIFS(nNOTA,nNIA,A6,nCUENTA,1,nASIG,"Orquesta/Banda/Conjunto"),""))) | D6: =IF(A6="","",IF(A6="[FÓRMULA MANUAL]","",IFERROR(AVERAGEIFS(nNOTA,nNIA,A6,nCUENTA,1,nASIG,"Conjunto"),""))) | E6: =IF(A6="","",IF(A6="[FÓRMULA MANUAL]","",IFERROR(SUMPRODUCT((nNIA=A6)*(nCUENTA=1)*(COUNTIF(CONFIG_ASIGNATURAS!$B$7:$B$27,nASIG)>0)*(nNOTA))/SUMPRODUCT((nNIA=A6)*(nCUENTA=1)*(COUNTIF(CONFIG_ASIGNATURAS!$B$7:$B$27,nASIG)>0)*1),""))) | G6: {=IFERROR(_xlfn.UNIQUE(_xlfn._xlws.FILTER(nNIA,(nCUENTA=1)*(nCURSO="2EPM"))),"")} | H6: =IF(G6="","",IF(G6="[FÓRMULA MANUAL]","",IFERROR(AVERAGEIFS(nNOTA,nNIA,G6,nCUENTA,1,nASIG,"Lenguaje Musical"),""))) | I6: =IF(G6="","",IF(G6="[FÓRMULA MANUAL]","",IFERROR(AVERAGEIFS(nNOTA,nNIA,G6,nCUENTA,1,nASIG,"Orquesta/Banda/Conjunto"),""))) | J6: =IF(G6="","",IF(G6="[FÓRMULA MANUAL]","",IFERROR(AVERAGEIFS(nNOTA,nNIA,G6,nCUENTA,1,nASIG,"Conjunto"),""))) | K6: =IF(G6="","",IF(G6="[FÓRMULA MANUAL]","",IFERROR(SUMPRODUCT((nNIA=G6)*(nCUENTA=1)*(COUNTIF(CONFIG_ASIGNATURAS!$B$7:$B$27,nASIG)>0)*(nNOTA))/SUMPRODUCT((nNIA=G6)*(nCUENTA=1)*(COUNTIF(CONFIG_ASIGNATURAS!$B$7:$B$27,nASIG)>0)*1),""))) | M6: {=IFERROR(_xlfn.UNIQUE(_xlfn._xlws.FILTER(nNIA,(nCUENTA=1)*(nCURSO="3EPM"))),"")} | N6: =IF(M6="","",IF(M6="[FÓRMULA MANUAL]","",IFERROR(AVERAGEIFS(nNOTA,nNIA,M6,nCUENTA,1,nASIG,"Armonía"),""))) | O6: =IF(M6="","",IF(M6="[FÓRMULA MANUAL]","",IFERROR(AVERAGEIFS(nNOTA,nNIA,M6,nCUENTA,1,nASIG,"Orquesta/Banda/Conjunto"),""))) | P6: =IF(M6="","",IF(M6="[FÓRMULA MANUAL]","",IFERROR(AVERAGEIFS(nNOTA,nNIA,M6,nCUENTA,1,nASIG,"Música de Cámara"),""))) | Q6: =IF(M6="","",IF(M6="[FÓRMULA MANUAL]","",IFERROR(SUMPRODUCT((nNIA=M6)*(nCUENTA=1)*(COUNTIF(CONFIG_ASIGNATURAS!$B$7:$B$27,nASIG)>0)*(nNOTA))/SUMPRODUCT((nNIA=M6)*(nCUENTA=1)*(COUNTIF(CONFIG_ASIGNATURAS!$B$7:$B$27,nASIG)>0)*1),""))) | S6: {=IFERROR(_xlfn.UNIQUE(_xlfn._xlws.FILTER(nNIA,(nCUENTA=1)*(nCURSO="4EPM"))),"")} | T6: =IF(S6="","",IF(S6="[FÓRMULA MANUAL]","",IFERROR(AVERAGEIFS(nNOTA,nNIA,S6,nCUENTA,1,nASIG,"Armonía"),""))) | U6: =IF(S6="","",IF(S6="[FÓRMULA MANUAL]","",IFERROR(AVERAGEIFS(nNOTA,nNIA,S6,nCUENTA,1,nASIG,"Orquesta/Banda/Conjunto"),""))) | V6: =IF(S6="","",IF(S6="[FÓRMULA MANUAL]","",IFERROR(AVERAGEIFS(nNOTA,nNIA,S6,nCUENTA,1,nASIG,"Música de Cámara"),""))) | W6: =IF(S6="","",IF(S6="[FÓRMULA MANUAL]","",IFERROR(SUMPRODUCT((nNIA=S6)*(nCUENTA=1)*(COUNTIF(CONFIG_ASIGNATURAS!$B$7:$B$27,nASIG)>0)*(nNOTA))/SUMPRODUCT((nNIA=S6)*(nCUENTA=1)*(COUNTIF(CONFIG_ASIGNATURAS!$B$7:$B$27,nASIG)>0)*1),""))) | Y6: {=IFERROR(_xlfn.UNIQUE(_xlfn._xlws.FILTER(nNIA,(nCUENTA=1)*(nCURSO="5EPM"))),"")} | Z6: =IF(Y6="","",IF(Y6="[FÓRMULA MANUAL]","",IFERROR(AVERAGEIFS(nNOTA,nNIA,Y6,nCUENTA,1,nASIG,"Análisis"),""))) | AA6: =IF(Y6="","",IF(Y6="[FÓRMULA MANUAL]","",IFERROR(AVERAGEIFS(nNOTA,nNIA,Y6,nCUENTA,1,nASIG,"Orquesta/Banda/Conjunto"),""))) | AB6: =IF(Y6="","",IF(Y6="[FÓRMULA MANUAL]","",IFERROR(AVERAGEIFS(nNOTA,nNIA,Y6,nCUENTA,1,nASIG,"Música de Cámara"),""))) | AC6: =IF(Y6="","",IF(Y6="[FÓRMULA MANUAL]","",IFERROR(SUMPRODUCT((nNIA=Y6)*(nCUENTA=1)*(COUNTIF(CONFIG_ASIGNATURAS!$B$7:$B$27,nASIG)>0)*(nNOTA))/SUMPRODUCT((nNIA=Y6)*(nCUENTA=1)*(COUNTIF(CONFIG_ASIGNATURAS!$B$7:$B$27,nASIG)>0)*1),""))) | AE6: {=IFERROR(_xlfn.UNIQUE(_xlfn._xlws.FILTER(nNIA,(nCUENTA=1)*(nCURSO="6EPM"))),"")} | AF6: =IF(AE6="","",IF(AE6="[FÓRMULA MANUAL]","",IFERROR(AVERAGEIFS(nNOTA,nNIA,AE6,nCUENTA,1,nASIG,"Análisis"),""))) | AG6: =IF(AE6="","",IF(AE6="[FÓRMULA MANUAL]","",IFERROR(AVERAGEIFS(nNOTA,nNIA,AE6,nCUENTA,1,nASIG,"Orquesta/Banda/Conjunto"),""))) | AH6: =IF(AE6="","",IF(AE6="[FÓRMULA MANUAL]","",IFERROR(AVERAGEIFS(nNOTA,nNIA,AE6,nCUENTA,1,nASIG,"Música de Cámara"),""))) | AI6: =IF(AE6="","",IF(AE6="[FÓRMULA MANUAL]","",IFERROR(SUMPRODUCT((nNIA=AE6)*(nCUENTA=1)*(COUNTIF(CONFIG_ASIGNATURAS!$B$7:$B$27,nASIG)>0)*(nNOTA))/SUMPRODUCT((nNIA=AE6)*(nCUENTA=1)*(COUNTIF(CONFIG_ASIGNATURAS!$B$7:$B$27,nASIG)>0)*1),"")))
B7: =IF(A7="","",IF(A7="[FÓRMULA MANUAL]","",IFERROR(AVERAGEIFS(nNOTA,nNIA,A7,nCUENTA,1,nASIG,"Lenguaje Musical"),""))) | C7: =IF(A7="","",IF(A7="[FÓRMULA MANUAL]","",IFERROR(AVERAGEIFS(nNOTA,nNIA,A7,nCUENTA,1,nASIG,"Orquesta/Banda/Conjunto"),""))) | D7: =IF(A7="","",IF(A7="[FÓRMULA MANUAL]","",IFERROR(AVERAGEIFS(nNOTA,nNIA,A7,nCUENTA,1,nASIG,"Conjunto"),""))) | E7: =IF(A7="","",IF(A7="[FÓRMULA MANUAL]","",IFERROR(SUMPRODUCT((nNIA=A7)*(nCUENTA=1)*(COUNTIF(CONFIG_ASIGNATURAS!$B$7:$B$27,nASIG)>0)*(nNOTA))/SUMPRODUCT((nNIA=A7)*(nCUENTA=1)*(COUNTIF(CONFIG_ASIGNATURAS!$B$7:$B$27,nASIG)>0)*1),""))) | H7: =IF(G7="","",IF(G7="[FÓRMULA MANUAL]","",IFERROR(AVERAGEIFS(nNOTA,nNIA,G7,nCUENTA,1,nASIG,"Lenguaje Musical"),""))) | I7: =IF(G7="","",IF(G7="[FÓRMULA MANUAL]","",IFERROR(AVERAGEIFS(nNOTA,nNIA,G7,nCUENTA,1,nASIG,"Orquesta/Banda/Conjunto"),""))) | J7: =IF(G7="","",IF(G7="[FÓRMULA MANUAL]","",IFERROR(AVERAGEIFS(nNOTA,nNIA,G7,nCUENTA,1,nASIG,"Conjunto"),""))) | K7: =IF(G7="","",IF(G7="[FÓRMULA MANUAL]","",IFERROR(SUMPRODUCT((nNIA=G7)*(nCUENTA=1)*(COUNTIF(CONFIG_ASIGNATURAS!$B$7:$B$27,nASIG)>0)*(nNOTA))/SUMPRODUCT((nNIA=G7)*(nCUENTA=1)*(COUNTIF(CONFIG_ASIGNATURAS!$B$7:$B$27,nASIG)>0)*1),""))) | N7: =IF(M7="","",IF(M7="[FÓRMULA MANUAL]","",IFERROR(AVERAGEIFS(nNOTA,nNIA,M7,nCUENTA,1,nASIG,"Armonía"),""))) | O7: =IF(M7="","",IF(M7="[FÓRMULA MANUAL]","",IFERROR(AVERAGEIFS(nNOTA,nNIA,M7,nCUENTA,1,nASIG,"Orquesta/Banda/Conjunto"),""))) | P7: =IF(M7="","",IF(M7="[FÓRMULA MANUAL]","",IFERROR(AVERAGEIFS(nNOTA,nNIA,M7,nCUENTA,1,nASIG,"Música de Cámara"),""))) | Q7: =IF(M7="","",IF(M7="[FÓRMULA MANUAL]","",IFERROR(SUMPRODUCT((nNIA=M7)*(nCUENTA=1)*(COUNTIF(CONFIG_ASIGNATURAS!$B$7:$B$27,nASIG)>0)*(nNOTA))/SUMPRODUCT((nNIA=M7)*(nCUENTA=1)*(COUNTIF(CONFIG_ASIGNATURAS!$B$7:$B$27,nASIG)>0)*1),""))) | T7: =IF(S7="","",IF(S7="[FÓRMULA MANUAL]","",IFERROR(AVERAGEIFS(nNOTA,nNIA,S7,nCUENTA,1,nASIG,"Armonía"),""))) | U7: =IF(S7="","",IF(S7="[FÓRMULA MANUAL]","",IFERROR(AVERAGEIFS(nNOTA,nNIA,S7,nCUENTA,1,nASIG,"Orquesta/Banda/Conjunto"),""))) | V7: =IF(S7="","",IF(S7="[FÓRMULA MANUAL]","",IFERROR(AVERAGEIFS(nNOTA,nNIA,S7,nCUENTA,1,nASIG,"Música de Cámara"),""))) | W7: =IF(S7="","",IF(S7="[FÓRMULA MANUAL]","",IFERROR(SUMPRODUCT((nNIA=S7)*(nCUENTA=1)*(COUNTIF(CONFIG_ASIGNATURAS!$B$7:$B$27,nASIG)>0)*(nNOTA))/SUMPRODUCT((nNIA=S7)*(nCUENTA=1)*(COUNTIF(CONFIG_ASIGNATURAS!$B$7:$B$27,nASIG)>0)*1),""))) | Z7: =IF(Y7="","",IF(Y7="[FÓRMULA MANUAL]","",IFERROR(AVERAGEIFS(nNOTA,nNIA,Y7,nCUENTA,1,nASIG,"Análisis"),""))) | AA7: =IF(Y7="","",IF(Y7="[FÓRMULA MANUAL]","",IFERROR(AVERAGEIFS(nNOTA,nNIA,Y7,nCUENTA,1,nASIG,"Orquesta/Banda/Conjunto"),""))) | AB7: =IF(Y7="","",IF(Y7="[FÓRMULA MANUAL]","",IFERROR(AVERAGEIFS(nNOTA,nNIA,Y7,nCUENTA,1,nASIG,"Música de Cámara"),""))) | AC7: =IF(Y7="","",IF(Y7="[FÓRMULA MANUAL]","",IFERROR(SUMPRODUCT((nNIA=Y7)*(nCUENTA=1)*(COUNTIF(CONFIG_ASIGNATURAS!$B$7:$B$27,nASIG)>0)*(nNOTA))/SUMPRODUCT((nNIA=Y7)*(nCUENTA=1)*(COUNTIF(CONFIG_ASIGNATURAS!$B$7:$B$27,nASIG)>0)*1),""))) | AF7: =IF(AE7="","",IF(AE7="[FÓRMULA MANUAL]","",IFERROR(AVERAGEIFS(nNOTA,nNIA,AE7,nCUENTA,1,nASIG,"Análisis"),""))) | AG7: =IF(AE7="","",IF(AE7="[FÓRMULA MANUAL]","",IFERROR(AVERAGEIFS(nNOTA,nNIA,AE7,nCUENTA,1,nASIG,"Orquesta/Banda/Conjunto"),""))) | AH7: =IF(AE7="","",IF(AE7="[FÓRMULA MANUAL]","",IFERROR(AVERAGEIFS(nNOTA,nNIA,AE7,nCUENTA,1,nASIG,"Música de Cámara"),""))) | AI7: =IF(AE7="","",IF(AE7="[FÓRMULA MANUAL]","",IFERROR(SUMPRODUCT((nNIA=AE7)*(nCUENTA=1)*(COUNTIF(CONFIG_ASIGNATURAS!$B$7:$B$27,nASIG)>0)*(nNOTA))/SUMPRODUCT((nNIA=AE7)*(nCUENTA=1)*(COUNTIF(CONFIG_ASIGNATURAS!$B$7:$B$27,nASIG)>0)*1),"")))
B8: =IF(A8="","",IF(A8="[FÓRMULA MANUAL]","",IFERROR(AVERAGEIFS(nNOTA,nNIA,A8,nCUENTA,1,nASIG,"Lenguaje Musical"),""))) | C8: =IF(A8="","",IF(A8="[FÓRMULA MANUAL]","",IFERROR(AVERAGEIFS(nNOTA,nNIA,A8,nCUENTA,1,nASIG,"Orquesta/Banda/Conjunto"),""))) | D8: =IF(A8="","",IF(A8="[FÓRMULA MANUAL]","",IFERROR(AVERAGEIFS(nNOTA,nNIA,A8,nCUENTA,1,nASIG,"Conjunto"),""))) | E8: =IF(A8="","",IF(A8="[FÓRMULA MANUAL]","",IFERROR(SUMPRODUCT((nNIA=A8)*(nCUENTA=1)*(COUNTIF(CONFIG_ASIGNATURAS!$B$7:$B$27,nASIG)>0)*(nNOTA))/SUMPRODUCT((nNIA=A8)*(nCUENTA=1)*(COUNTIF(CONFIG_ASIGNATURAS!$B$7:$B$27,nASIG)>0)*1),""))) | H8: =IF(G8="","",IF(G8="[FÓRMULA MANUAL]","",IFERROR(AVERAGEIFS(nNOTA,nNIA,G8,nCUENTA,1,nASIG,"Lenguaje Musical"),""))) | I8: =IF(G8="","",IF(G8="[FÓRMULA MANUAL]","",IFERROR(AVERAGEIFS(nNOTA,nNIA,G8,nCUENTA,1,nASIG,"Orquesta/Banda/Conjunto"),""))) | J8: =IF(G8="","",IF(G8="[FÓRMULA MANUAL]","",IFERROR(AVERAGEIFS(nNOTA,nNIA,G8,nCUENTA,1,nASIG,"Conjunto"),""))) | K8: =IF(G8="","",IF(G8="[FÓRMULA MANUAL]","",IFERROR(SUMPRODUCT((nNIA=G8)*(nCUENTA=1)*(COUNTIF(CONFIG_ASIGNATURAS!$B$7:$B$27,nASIG)>0)*(nNOTA))/SUMPRODUCT((nNIA=G8)*(nCUENTA=1)*(COUNTIF(CONFIG_ASIGNATURAS!$B$7:$B$27,nASIG)>0)*1),""))) | N8: =IF(M8="","",IF(M8="[FÓRMULA MANUAL]","",IFERROR(AVERAGEIFS(nNOTA,nNIA,M8,nCUENTA,1,nASIG,"Armonía"),""))) | O8: =IF(M8="","",IF(M8="[FÓRMULA MANUAL]","",IFERROR(AVERAGEIFS(nNOTA,nNIA,M8,nCUENTA,1,nASIG,"Orquesta/Banda/Conjunto"),""))) | P8: =IF(M8="","",IF(M8="[FÓRMULA MANUAL]","",IFERROR(AVERAGEIFS(nNOTA,nNIA,M8,nCUENTA,1,nASIG,"Música de Cámara"),""))) | Q8: =IF(M8="","",IF(M8="[FÓRMULA MANUAL]","",IFERROR(SUMPRODUCT((nNIA=M8)*(nCUENTA=1)*(COUNTIF(CONFIG_ASIGNATURAS!$B$7:$B$27,nASIG)>0)*(nNOTA))/SUMPRODUCT((nNIA=M8)*(nCUENTA=1)*(COUNTIF(CONFIG_ASIGNATURAS!$B$7:$B$27,nASIG)>0)*1),""))) | T8: =IF(S8="","",IF(S8="[FÓRMULA MANUAL]","",IFERROR(AVERAGEIFS(nNOTA,nNIA,S8,nCUENTA,1,nASIG,"Armonía"),""))) | U8: =IF(S8="","",IF(S8="[FÓRMULA MANUAL]","",IFERROR(AVERAGEIFS(nNOTA,nNIA,S8,nCUENTA,1,nASIG,"Orquesta/Banda/Conjunto"),""))) | V8: =IF(S8="","",IF(S8="[FÓRMULA MANUAL]","",IFERROR(AVERAGEIFS(nNOTA,nNIA,S8,nCUENTA,1,nASIG,"Música de Cámara"),""))) | W8: =IF(S8="","",IF(S8="[FÓRMULA MANUAL]","",IFERROR(SUMPRODUCT((nNIA=S8)*(nCUENTA=1)*(COUNTIF(CONFIG_ASIGNATURAS!$B$7:$B$27,nASIG)>0)*(nNOTA))/SUMPRODUCT((nNIA=S8)*(nCUENTA=1)*(COUNTIF(CONFIG_ASIGNATURAS!$B$7:$B$27,nASIG)>0)*1),""))) | Z8: =IF(Y8="","",IF(Y8="[FÓRMULA MANUAL]","",IFERROR(AVERAGEIFS(nNOTA,nNIA,Y8,nCUENTA,1,nASIG,"Análisis"),""))) | AA8: =IF(Y8="","",IF(Y8="[FÓRMULA MANUAL]","",IFERROR(AVERAGEIFS(nNOTA,nNIA,Y8,nCUENTA,1,nASIG,"Orquesta/Banda/Conjunto"),""))) | AB8: =IF(Y8="","",IF(Y8="[FÓRMULA MANUAL]","",IFERROR(AVERAGEIFS(nNOTA,nNIA,Y8,nCUENTA,1,nASIG,"Música de Cámara"),""))) | AC8: =IF(Y8="","",IF(Y8="[FÓRMULA MANUAL]","",IFERROR(SUMPRODUCT((nNIA=Y8)*(nCUENTA=1)*(COUNTIF(CONFIG_ASIGNATURAS!$B$7:$B$27,nASIG)>0)*(nNOTA))/SUMPRODUCT((nNIA=Y8)*(nCUENTA=1)*(COUNTIF(CONFIG_ASIGNATURAS!$B$7:$B$27,nASIG)>0)*1),""))) | AF8: =IF(AE8="","",IF(AE8="[FÓRMULA MANUAL]","",IFERROR(AVERAGEIFS(nNOTA,nNIA,AE8,nCUENTA,1,nASIG,"Análisis"),""))) | AG8: =IF(AE8="","",IF(AE8="[FÓRMULA MANUAL]","",IFERROR(AVERAGEIFS(nNOTA,nNIA,AE8,nCUENTA,1,nASIG,"Orquesta/Banda/Conjunto"),""))) | AH8: =IF(AE8="","",IF(AE8="[FÓRMULA MANUAL]","",IFERROR(AVERAGEIFS(nNOTA,nNIA,AE8,nCUENTA,1,nASIG,"Música de Cámara"),""))) | AI8: =IF(AE8="","",IF(AE8="[FÓRMULA MANUAL]","",IFERROR(SUMPRODUCT((nNIA=AE8)*(nCUENTA=1)*(COUNTIF(CONFIG_ASIGNATURAS!$B$7:$B$27,nASIG)>0)*(nNOTA))/SUMPRODUCT((nNIA=AE8)*(nCUENTA=1)*(COUNTIF(CONFIG_ASIGNATURAS!$B$7:$B$27,nASIG)>0)*1),"")))
B9: =IF(A9="","",IF(A9="[FÓRMULA MANUAL]","",IFERROR(AVERAGEIFS(nNOTA,nNIA,A9,nCUENTA,1,nASIG,"Lenguaje Musical"),""))) | C9: =IF(A9="","",IF(A9="[FÓRMULA MANUAL]","",IFERROR(AVERAGEIFS(nNOTA,nNIA,A9,nCUENTA,1,nASIG,"Orquesta/Banda/Conjunto"),""))) | D9: =IF(A9="","",IF(A9="[FÓRMULA MANUAL]","",IFERROR(AVERAGEIFS(nNOTA,nNIA,A9,nCUENTA,1,nASIG,"Conjunto"),""))) | E9: =IF(A9="","",IF(A9="[FÓRMULA MANUAL]","",IFERROR(SUMPRODUCT((nNIA=A9)*(nCUENTA=1)*(COUNTIF(CONFIG_ASIGNATURAS!$B$7:$B$27,nASIG)>0)*(nNOTA))/SUMPRODUCT((nNIA=A9)*(nCUENTA=1)*(COUNTIF(CONFIG_ASIGNATURAS!$B$7:$B$27,nASIG)>0)*1),""))) | H9: =IF(G9="","",IF(G9="[FÓRMULA MANUAL]","",IFERROR(AVERAGEIFS(nNOTA,nNIA,G9,nCUENTA,1,nASIG,"Lenguaje Musical"),""))) | I9: =IF(G9="","",IF(G9="[FÓRMULA MANUAL]","",IFERROR(AVERAGEIFS(nNOTA,nNIA,G9,nCUENTA,1,nASIG,"Orquesta/Banda/Conjunto"),""))) | J9: =IF(G9="","",IF(G9="[FÓRMULA MANUAL]","",IFERROR(AVERAGEIFS(nNOTA,nNIA,G9,nCUENTA,1,nASIG,"Conjunto"),""))) | K9: =IF(G9="","",IF(G9="[FÓRMULA MANUAL]","",IFERROR(SUMPRODUCT((nNIA=G9)*(nCUENTA=1)*(COUNTIF(CONFIG_ASIGNATURAS!$B$7:$B$27,nASIG)>0)*(nNOTA))/SUMPRODUCT((nNIA=G9)*(nCUENTA=1)*(COUNTIF(CONFIG_ASIGNATURAS!$B$7:$B$27,nASIG)>0)*1),""))) | N9: =IF(M9="","",IF(M9="[FÓRMULA MANUAL]","",IFERROR(AVERAGEIFS(nNOTA,nNIA,M9,nCUENTA,1,nASIG,"Armonía"),""))) | O9: =IF(M9="","",IF(M9="[FÓRMULA MANUAL]","",IFERROR(AVERAGEIFS(nNOTA,nNIA,M9,nCUENTA,1,nASIG,"Orquesta/Banda/Conjunto"),""))) | P9: =IF(M9="","",IF(M9="[FÓRMULA MANUAL]","",IFERROR(AVERAGEIFS(nNOTA,nNIA,M9,nCUENTA,1,nASIG,"Música de Cámara"),""))) | Q9: =IF(M9="","",IF(M9="[FÓRMULA MANUAL]","",IFERROR(SUMPRODUCT((nNIA=M9)*(nCUENTA=1)*(COUNTIF(CONFIG_ASIGNATURAS!$B$7:$B$27,nASIG)>0)*(nNOTA))/SUMPRODUCT((nNIA=M9)*(nCUENTA=1)*(COUNTIF(CONFIG_ASIGNATURAS!$B$7:$B$27,nASIG)>0)*1),""))) | T9: =IF(S9="","",IF(S9="[FÓRMULA MANUAL]","",IFERROR(AVERAGEIFS(nNOTA,nNIA,S9,nCUENTA,1,nASIG,"Armonía"),""))) | U9: =IF(S9="","",IF(S9="[FÓRMULA MANUAL]","",IFERROR(AVERAGEIFS(nNOTA,nNIA,S9,nCUENTA,1,nASIG,"Orquesta/Banda/Conjunto"),""))) | V9: =IF(S9="","",IF(S9="[FÓRMULA MANUAL]","",IFERROR(AVERAGEIFS(nNOTA,nNIA,S9,nCUENTA,1,nASIG,"Música de Cámara"),""))) | W9: =IF(S9="","",IF(S9="[FÓRMULA MANUAL]","",IFERROR(SUMPRODUCT((nNIA=S9)*(nCUENTA=1)*(COUNTIF(CONFIG_ASIGNATURAS!$B$7:$B$27,nASIG)>0)*(nNOTA))/SUMPRODUCT((nNIA=S9)*(nCUENTA=1)*(COUNTIF(CONFIG_ASIGNATURAS!$B$7:$B$27,nASIG)>0)*1),""))) | Z9: =IF(Y9="","",IF(Y9="[FÓRMULA MANUAL]","",IFERROR(AVERAGEIFS(nNOTA,nNIA,Y9,nCUENTA,1,nASIG,"Análisis"),""))) | AA9: =IF(Y9="","",IF(Y9="[FÓRMULA MANUAL]","",IFERROR(AVERAGEIFS(nNOTA,nNIA,Y9,nCUENTA,1,nASIG,"Orquesta/Banda/Conjunto"),""))) | AB9: =IF(Y9="","",IF(Y9="[FÓRMULA MANUAL]","",IFERROR(AVERAGEIFS(nNOTA,nNIA,Y9,nCUENTA,1,nASIG,"Música de Cámara"),""))) | AC9: =IF(Y9="","",IF(Y9="[FÓRMULA MANUAL]","",IFERROR(SUMPRODUCT((nNIA=Y9)*(nCUENTA=1)*(COUNTIF(CONFIG_ASIGNATURAS!$B$7:$B$27,nASIG)>0)*(nNOTA))/SUMPRODUCT((nNIA=Y9)*(nCUENTA=1)*(COUNTIF(CONFIG_ASIGNATURAS!$B$7:$B$27,nASIG)>0)*1),""))) | AF9: =IF(AE9="","",IF(AE9="[FÓRMULA MANUAL]","",IFERROR(AVERAGEIFS(nNOTA,nNIA,AE9,nCUENTA,1,nASIG,"Análisis"),""))) | AG9: =IF(AE9="","",IF(AE9="[FÓRMULA MANUAL]","",IFERROR(AVERAGEIFS(nNOTA,nNIA,AE9,nCUENTA,1,nASIG,"Orquesta/Banda/Conjunto"),""))) | AH9: =IF(AE9="","",IF(AE9="[FÓRMULA MANUAL]","",IFERROR(AVERAGEIFS(nNOTA,nNIA,AE9,nCUENTA,1,nASIG,"Música de Cámara"),""))) | AI9: =IF(AE9="","",IF(AE9="[FÓRMULA MANUAL]","",IFERROR(SUMPRODUCT((nNIA=AE9)*(nCUENTA=1)*(COUNTIF(CONFIG_ASIGNATURAS!$B$7:$B$27,nASIG)>0)*(nNOTA))/SUMPRODUCT((nNIA=AE9)*(nCUENTA=1)*(COUNTIF(CONFIG_ASIGNATURAS!$B$7:$B$27,nASIG)>0)*1),"")))
