Workbook
Name nNIA: DATOS!$A$2:INDEX(DATOS!$A:$A,CONFIG_METADATA!$B$8)
Name nCURSO: DATOS!$D$2:INDEX(DATOS!$D:$D,CONFIG_METADATA!$B$8)
Name nEVAL: DATOS!$G$2:INDEX(DATOS!$G:$G,CONFIG_METADATA!$B$8)
Name nASIG: DATOS!$I$2:INDEX(DATOS!$I:$I,CONFIG_METADATA!$B$8)
Name nNOTA: DATOS!$K$2:INDEX(DATOS!$K:$K,CONFIG_METADATA!$B$8)
Name nAPTO: DATOS!$L$2:INDEX(DATOS!$L:$L,CONFIG_METADATA!$B$8)
Name nCLASE_E: CONFIG_METADATA!$E$2:INDEX(CONFIG_METADATA!$E:$E,CONFIG_METADATA!$B$8)

Sheet PORTADA_EEM
B2: Analizador de calificaciones
B3: Enseñanzas Elementales de Música · Conservatorios
B5: EMPEZAR
B6: 1 · Pega las calificaciones en la hoja DATOS
B7: Una fila por alumno, asignatura y evaluación. Las columnas ya están puestas: respeta su orden y sus nombres.
B9: 2 · Elige la evaluación
B10: CONFIG_METADATA!B4
B11: Códigos: 1EV · 2EV · 3EV · FI
B13: 3 · Mira los avisos antes de fiarte de las cifras
B14: Están en CONFIG_METADATA, debajo de la configuración. Cada uno dice qué significa que no sea cero.
B16: 4 · Exporta
B17: Copia la hoja EXPORTADOR entera y guárdala como CSV. Ese CSV es lo que lee la aplicación de visualización.
... B58: Versión 2.0 · agosto 2026

Sheet CONFIG_ASIGNATURAS
A1: ID | B1: Asignatura | C1: Cursos | D1: Grupo1 | E1: Grupo2 | F1: EsEspecialidad | G1: Activa | H1: UnaSolaVez | I1: Tipo | J1: Clase (calculada) | K1: CÓMO AÑADIR UNA ASIGNATURA
A2: 1 | B2: Lenguaje Musical | C2: 1EEM;2EEM;3EEM;4EEM | D2: Referencia | F2: No | G2: Sí | H2: Sí | I2: Obligatoria | J2: =IF($G2<>"Sí","",IF($D2="Especialidad","E",IF($E2="TeoricaTroncal","NT","N"))) | K2: 1. Escríbela en la primera fila libre (marcada abajo con una flecha). No hace falta
A3: 2 | B3: Coro | C3: 1EEM;2EEM;3EEM;4EEM | D3: NoEspecialidad | F3: No | G3: Sí | H3: Sí | I3: Obligatoria | J3: =IF($G3<>"Sí","",IF($D3="Especialidad","E",IF($E3="TeoricaTroncal","NT","N"))) | K3: insertar filas ni ordenar nada: las fórmulas no miran POSICIONES, miran columnas.
A4: 3 | B4: Conjunto | C4: 3EEM;4EEM | D4: NoEspecialidad | F4: No | G4: Sí | H4: No | I4: Obligatoria | J4: =IF($G4<>"Sí","",IF($D4="Especialidad","E",IF($E4="TeoricaTroncal","NT","N"))) | K4: 2. B Asignatura — EXACTAMENTE igual que en el fichero de calificaciones que
A5: 4 | B5: Acordeón | C5: 1EEM;2EEM;3EEM;4EEM | D5: Especialidad | E5: Tecla | F5: Sí | G5: Sí | H5: No | I5: Obligatoria | J5: =IF($G5<>"Sí","",IF($D5="Especialidad","E",IF($E5="TeoricaTroncal","NT","N"))) | K5: pegas en DATOS. Si no coincide letra por letra, esa asignatura no aparece
A6: 5 | B6: Arpa | C6: 1EEM;2EEM;3EEM;4EEM | D6: Especialidad | E6: Cuerda | F6: Sí | G6: Sí | H6: No | I6: Obligatoria | J6: =IF($G6<>"Sí","",IF($D6="Especialidad","E",IF($E6="TeoricaTroncal","NT","N"))) | K6: ni con un cero, y sus registros los cuenta el aviso «FueraDeLasCifras».
A7: 6 | B7: Clarinete | C7: 1EEM;2EEM;3EEM;4EEM | D7: Especialidad | E7: Madera | F7: Sí | G7: Sí | H7: No | I7: Obligatoria | J7: =IF($G7<>"Sí","",IF($D7="Especialidad","E",IF($E7="TeoricaTroncal","NT","N"))) | K7: 3. C Cursos — separados por punto y coma. Solo sale en los cursos que pongas.
A8: 7 | B8: Clave | C8: 1EEM;2EEM;3EEM;4EEM | D8: Especialidad | E8: Tecla | F8: Sí | G8: Sí | H8: No | I8: Obligatoria | J8: =IF($G8<>"Sí","",IF($D8="Especialidad","E",IF($E8="TeoricaTroncal","NT","N"))) | K8: 4. D Grupo1 — «Especialidad» si es un instrumento: decide en qué total cuenta.
A9: 8 | B9: Contrabajo | C9: 1EEM;2EEM;3EEM;4EEM | D9: Especialidad | E9: Cuerda | F9: Sí | G9: Sí | H9: No | I9: Obligatoria | J9: =IF($G9<>"Sí","",IF($D9="Especialidad","E",IF($E9="TeoricaTroncal","NT","N"))) | K9: 5. G Activa — «Sí». Sin eso no sale por ningún sitio.
A10: 9 | B10: Dulzaina | C10: 1EEM;2EEM;3EEM;4EEM | D10: Especialidad | E10: Madera | F10: Sí | G10: Sí | H10: No | I10: Obligatoria | J10: =IF($G10<>"Sí","",IF($D10="Especialidad","E",IF($E10="TeoricaTroncal","NT","N"))) | K10: 6. H UnaSolaVez — «Sí» solo si NO se vuelve a cursar con un segundo instrumento.
A11: 10 | B11: Fagot | C11: 1EEM;2EEM;3EEM;4EEM | D11: Especialidad | E11: Madera | F11: Sí | G11: Sí | H11: No | I11: Obligatoria | J11: =IF($G11<>"Sí","",IF($D11="Especialidad","E",IF($E11="TeoricaTroncal","NT","N"))) | K11: 7. I Tipo — Obligatoria / Optativa / De centro.
A12: 11 | B12: Flauta Travesera | C12: 1EEM;2EEM;3EEM;4EEM | D12: Especialidad | E12: Madera | F12: Sí | G12: Sí | H12: No | I12: Obligatoria | J12: =IF($G12<>"Sí","",IF($D12="Especialidad","E",IF($E12="TeoricaTroncal","NT","N"))) | K12: J Clase se calcula sola. Si sale vacía, esa fila no está activa.
A13: 12 | B13: Flauta de Pico | C13: 1EEM;2EEM;3EEM;4EEM | D13: Especialidad | E13: Madera | F13: Sí | G13: Sí | H13: No | I13: Obligatoria | J13: =IF($G13<>"Sí","",IF($D13="Especialidad","E",IF($E13="TeoricaTroncal","NT","N")))
A14: 13 | B14: Guitarra | C14: 1EEM;2EEM;3EEM;4EEM | D14: Especialidad | E14: Cuerda | F14: Sí | G14: Sí | H14: No | I14: Obligatoria | J14: =IF($G14<>"Sí","",IF($D14="Especialidad","E",IF($E14="TeoricaTroncal","NT","N")))
A15: 14 | B15: Instrumentos de Púa | C15: 1EEM;2EEM;3EEM;4EEM | D15: Especialidad | E15: Cuerda | F15: Sí | G15: Sí | H15: No | I15: Obligatoria | J15: =IF($G15<>"Sí","",IF($D15="Especialidad","E",IF($E15="TeoricaTroncal","NT","N")))
A16: 15 | B16: Oboe | C16: 1EEM;2EEM;3EEM;4EEM | D16: Especialidad | E16: Madera | F16: Sí | G16: Sí | H16: No | I16: Obligatoria | J16: =IF($G16<>"Sí","",IF($D16="Especialidad","E",IF($E16="TeoricaTroncal","NT","N")))
A17: 16 | B17: Percusión | C17: 1EEM;2EEM;3EEM;4EEM | D17: Especialidad | E17: Metal | F17: Sí | G17: Sí | H17: No | I17: Obligatoria | J17: =IF($G17<>"Sí","",IF($D17="Especialidad","E",IF($E17="TeoricaTroncal","NT","N")))
A18: 17 | B18: Piano | C18: 1EEM;2EEM;3EEM;4EEM | D18: Especialidad | E18: Tecla | F18: Sí | G18: Sí | H18: No | I18: Obligatoria | J18: =IF($G18<>"Sí","",IF($D18="Especialidad","E",IF($E18="TeoricaTroncal","NT","N")))
A19: 18 | B19: Saxofón | C19: 1EEM;2EEM;3EEM;4EEM | D19: Especialidad | E19: Madera | F19: Sí | G19: Sí | H19: No | I19: Obligatoria | J19: =IF($G19<>"Sí","",IF($D19="Especialidad","E",IF($E19="TeoricaTroncal","NT","N")))
A20: 19 | B20: Trombón | C20: 1EEM;2EEM;3EEM;4EEM | D20: Especialidad | E20: Metal | F20: Sí | G20: Sí | H20: No | I20: Obligatoria | J20: =IF($G20<>"Sí","",IF($D20="Especialidad","E",IF($E20="TeoricaTroncal","NT","N")))
A21: 20 | B21: Trompa | C21: 1EEM;2EEM;3EEM;4EEM | D21: Especialidad | E21: Metal | F21: Sí | G21: Sí | H21: No | I21: Obligatoria | J21: =IF($G21<>"Sí","",IF($D21="Especialidad","E",IF($E21="TeoricaTroncal","NT","N")))
A22: 21 | B22: Trompeta | C22: 1EEM;2EEM;3EEM;4EEM | D22: Especialidad | E22: Metal | F22: Sí | G22: Sí | H22: No | I22: Obligatoria | J22: =IF($G22<>"Sí","",IF($D22="Especialidad","E",IF($E22="TeoricaTroncal","NT","N")))
A23: 22 | B23: Tuba | C23: 1EEM;2EEM;3EEM;4EEM | D23: Especialidad | E23: Metal | F23: Sí | G23: Sí | H23: No | I23: Obligatoria | J23: =IF($G23<>"Sí","",IF($D23="Especialidad","E",IF($E23="TeoricaTroncal","NT","N")))
A24: 23 | B24: Viola | C24: 1EEM;2EEM;3EEM;4EEM | D24: Especialidad | E24: Cuerda | F24: Sí | G24: Sí | H24: No | I24: Obligatoria | J24: =IF($G24<>"Sí","",IF($D24="Especialidad","E",IF($E24="TeoricaTroncal","NT","N")))
... A27: 26 | B27: Violoncello | C27: 1EEM;2EEM;3EEM;4EEM | D27: Especialidad | E27: Cuerda | F27: Sí | G27: Sí | H27: No | I27: Obligatoria | J27: =IF($G27<>"Sí","",IF($D27="Especialidad","E",IF($E27="TeoricaTroncal","NT","N")))
J28: =IF($G28<>"Sí","",IF($D28="Especialidad","E",IF($E28="TeoricaTroncal","NT","N"))) | M28: ↓ primera fila libre
J29: =IF($G29<>"Sí","",IF($D29="Especialidad","E",IF($E29="TeoricaTroncal","NT","N")))
J30: =IF($G30<>"Sí","",IF($D30="Especialidad","E",IF($E30="TeoricaTroncal","NT","N")))
J31: =IF($G31<>"Sí","",IF($D31="Especialidad","E",IF($E31="TeoricaTroncal","NT","N")))
J32: =IF($G32<>"Sí","",IF($D32="Especialidad","E",IF($E32="TeoricaTroncal","NT","N")))
J33: =IF($G33<>"Sí","",IF($D33="Especialidad","E",IF($E33="TeoricaTroncal","NT","N")))
J34: =IF($G34<>"Sí","",IF($D34="Especialidad","E",IF($E34="TeoricaTroncal","NT","N")))
J35: =IF($G35<>"Sí","",IF($D35="Especialidad","E",IF($E35="TeoricaTroncal","NT","N")))
J36: =IF($G36<>"Sí","",IF($D36="Especialidad","E",IF($E36="TeoricaTroncal","NT","N")))
J37: =IF($G37<>"Sí","",IF($D37="Especialidad","E",IF($E37="TeoricaTroncal","NT","N")))
J38: =IF($G38<>"Sí","",IF($D38="Especialidad","E",IF($E38="TeoricaTroncal","NT","N")))
J39: =IF($G39<>"Sí","",IF($D39="Especialidad","E",IF($E39="TeoricaTroncal","NT","N")))
J40: =IF($G40<>"Sí","",IF($D40="Especialidad","E",IF($E40="TeoricaTroncal","NT","N")))
... J60: =IF($G60<>"Sí","",IF($D60="Especialidad","E",IF($E60="TeoricaTroncal","NT","N")))
J61: =IF($G61<>"Sí","",IF($D61="Especialidad","E",IF($E61="TeoricaTroncal","NT","N"))) | M61: ↑ última fila que miran las fórmulas

Sheet CONFIG_METADATA
A1: Campo | B1: Valor | D1: Evaluaciones
A2: Centro | B2: CPM Mestre Tárrega | D2: 1EV | E2: =IF(DATOS!$I2="","",IFERROR(VLOOKUP(DATOS!$I2,CONFIG_ASIGNATURAS!$B$2:$J$61,9,FALSE()),""))
A3: CursoAcademico | B3: 25/26 | D3: 2EV | E3: =IF(DATOS!$I3="","",IFERROR(VLOOKUP(DATOS!$I3,CONFIG_ASIGNATURAS!$B$2:$J$61,9,FALSE()),""))
A4: Evaluacion | B4: 1EV | D4: 3EV | E4: =IF(DATOS!$I4="","",IFERROR(VLOOKUP(DATOS!$I4,CONFIG_ASIGNATURAS!$B$2:$J$61,9,FALSE()),""))
D5: FI | E5: =IF(DATOS!$I5="","",IFERROR(VLOOKUP(DATOS!$I5,CONFIG_ASIGNATURAS!$B$2:$J$61,9,FALSE()),""))
A6: DobleEspecialidad | B6: {=IFERROR(SUMPRODUCT((nEVAL=CONFIG_METADATA!$B$4)*(COUNTIFS(CONFIG_ASIGNATURAS!$B$2:$B$61,nASIG,CONFIG_ASIGNATURAS!$H$2:$H$61,"Sí",CONFIG_ASIGNATURAS!$G$2:$G$61,"Sí")>0)*1)-COUNTA(_xlfn.UNIQUE(_xlfn._xlws.FILTER(nNIA&"|"&nASIG,(nEVAL=CONFIG_METADATA!$B$4)*(COUNTIFS(CONFIG_ASIGNATURAS!$B$2:$B$61,nASIG,CONFIG_ASIGNATURAS!$H$2:$H$61,"Sí",CONFIG_ASIGNATURAS!$G$2:$G$61,"Sí")>0)))),0)} | C6: Registros de más: quien cursa dos especialidades aparece dos veces en las asignaturas de una sola vez, con la misma nota. Cuentan doble en la media, en la moda y en el reparto. | E6: =IF(DATOS!$I6="","",IFERROR(VLOOKUP(DATOS!$I6,CONFIG_ASIGNATURAS!$B$2:$J$61,9,FALSE()),""))
A7: FueraDeLasCifras | B7: =CALC_EEM!$D$2-CALC_EEM!$D$3-CALC_EEM!$D$4 | C7: Registros que no entran en ninguna cifra: su asignatura no está en CONFIG_ASIGNATURAS, o está pero con Activa = No. Si no es cero, falta algo en la configuración o sobra un No. | E7: =IF(DATOS!$I7="","",IFERROR(VLOOKUP(DATOS!$I7,CONFIG_ASIGNATURAS!$B$2:$J$61,9,FALSE()),""))
A8: FilasConDatos | B8: =IFERROR(LOOKUP(2,1/(DATOS!$A$2:$A20000<>""),ROW(DATOS!$A$2:$A20000)),2) | C8: Última fila de DATOS con algo. Es hasta donde miran todas las fórmulas: sin esto recorrerían las 20.000 filas siempre, y diecinueve de cada veinte lecturas serían de celdas vacías. | E8: =IF(DATOS!$I8="","",IFERROR(VLOOKUP(DATOS!$I8,CONFIG_ASIGNATURAS!$B$2:$J$61,9,FALSE()),""))
E9: =IF(DATOS!$I9="","",IFERROR(VLOOKUP(DATOS!$I9,CONFIG_ASIGNATURAS!$B$2:$J$61,9,FALSE()),""))
E10: =IF(DATOS!$I10="","",IFERROR(VLOOKUP(DATOS!$I10,CONFIG_ASIGNATURAS!$B$2:$J$61,9,FALSE()),""))
E11: =IF(DATOS!$I11="","",IFERROR(VLOOKUP(DATOS!$I11,CONFIG_ASIGNATURAS!$B$2:$J$61,9,FALSE()),""))
E12: =IF(DATOS!$I12="","",IFERROR(VLOOKUP(DATOS!$I12,CONFIG_ASIGNATURAS!$B$2:$J$61,9,FALSE()),""))
E13: =IF(DATOS!$I13="","",IFERROR(VLOOKUP(DATOS!$I13,CONFIG_ASIGNATURAS!$B$2:$J$61,9,FALSE()),""))
E14: =IF(DATOS!$I14="","",IFERROR(VLOOKUP(DATOS!$I14,CONFIG_ASIGNATURAS!$B$2:$J$61,9,FALSE()),""))
E15: =IF(DATOS!$I15="","",IFERROR(VLOOKUP(DATOS!$I15,CONFIG_ASIGNATURAS!$B$2:$J$61,9,FALSE()),""))
E16: =IF(DATOS!$I16="","",IFERROR(VLOOKUP(DATOS!$I16,CONFIG_ASIGNATURAS!$B$2:$J$61,9,FALSE()),""))
E17: =IF(DATOS!$I17="","",IFERROR(VLOOKUP(DATOS!$I17,CONFIG_ASIGNATURAS!$B$2:$J$61,9,FALSE()),""))
E18: =IF(DATOS!$I18="","",IFERROR(VLOOKUP(DATOS!$I18,CONFIG_ASIGNATURAS!$B$2:$J$61,9,FALSE()),""))
E19: =IF(DATOS!$I19="","",IFERROR(VLOOKUP(DATOS!$I19,CONFIG_ASIGNATURAS!$B$2:$J$61,9,FALSE()),""))
E20: =IF(DATOS!$I20="","",IFERROR(VLOOKUP(DATOS!$I20,CONFIG_ASIGNATURAS!$B$2:$J$61,9,FALSE()),""))
... E20000: =IF(DATOS!$I20000="","",IFERROR(VLOOKUP(DATOS!$I20000,CONFIG_ASIGNATURAS!$B$2:$J$61,9,FALSE()),""))

Sheet CONFIG_CORRELACIONES
A1: ID | B1: Curso | C1: Asignatura1 | D1: Asignatura2 | E1: Activa | G1: LEYENDA
A2: 1 | B2: 1EEM | C2: Lenguaje Musical | D2: Coro | E2: Sí | G2: Especialidad = la asignatura de instrumento del alumno
A3: 2 | B3: 1EEM | C3: Lenguaje Musical | D3: Especialidad | E3: Sí | G3: Para añadir nuevas correlaciones, añadir filas aquí
A4: 3 | B4: 1EEM | C4: Coro | D4: Especialidad | E4: Sí
A5: 4 | B5: 2EEM | C5: Lenguaje Musical | D5: Coro | E5: Sí
A6: 5 | B6: 2EEM | C6: Lenguaje Musical | D6: Especialidad | E6: Sí
A7: 6 | B7: 2EEM | C7: Coro | D7: Especialidad | E7: Sí
A8: 7 | B8: 3EEM | C8: Lenguaje Musical | D8: Coro | E8: Sí
A9: 8 | B9: 3EEM | C9: Lenguaje Musical | D9: Conjunto | E9: Sí
A10: 9 | B10: 3EEM | C10: Lenguaje Musical | D10: Especialidad | E10: Sí
A11: 10 | B11: 3EEM | C11: Coro | D11: Conjunto | E11: Sí
A12: 11 | B12: 3EEM | C12: Coro | D12: Especialidad | E12: Sí
A13: 12 | B13: 3EEM | C13: Conjunto | D13: Especialidad | E13: Sí
A14: 13 | B14: 4EEM | C14: Lenguaje Musical | D14: Coro | E14: Sí
A15: 14 | B15: 4EEM | C15: Lenguaje Musical | D15: Conjunto | E15: Sí
... A19: 18 | B19: 4EEM | C19: Conjunto | D19: Especialidad | E19: Sí

Sheet DATOS
A1: NIA | B1: Apellidos | C1: Nombre | D1: Curso | E1: Especialidad | F1: Repite | G1: Evaluación | H1: Código Asig | I1: Contenido | J1: Nota | K1: Nota Numérica | L1: Apto | M1: Profesor | N1: Observ.

Sheet CALC_EEM
A1: Nivel | B1: Asignatura | C1: TipoAsig | D1: Registros | E1: NotaMedia | F1: Desviacion | G1: Moda | H1: PctAprobados | I1: PctSuspendidos | J1: ModaAprobados | K1: ModaSuspendidos | L1: Dist1 | M1: Dist2 | N1: Dist3 | O1: Dist4 | P1: Dist5 | Q1: Dist6 | R1: Dist7 | S1: Dist8 | T1: Dist9 | U1: Dist10 | V1: AplicaACurso
A2: GLOBAL | B2: Total | C2: Total | D2: =COUNTIF(DATOS!G:G,CONFIG_METADATA!$B$4) -> 0 | E2: =IFERROR(AVERAGEIF(DATOS!G:G,CONFIG_METADATA!$B$4,DATOS!K:K),"—") -> — | F2: {=IFERROR(_xlfn.STDEV.P(IF(nEVAL=CONFIG_METADATA!$B$4,nNOTA)),"—")} -> — | G2: {=IFERROR(_xlfn.MODE.SNGL(IF(nEVAL=CONFIG_METADATA!$B$4,nNOTA)),"—")} -> — | H2: =IFERROR(COUNTIFS(DATOS!G:G,CONFIG_METADATA!$B$4,DATOS!L:L,"S")/COUNTIF(DATOS!G:G,CONFIG_METADATA!$B$4),"—") -> — | I2: =IFERROR(COUNTIFS(DATOS!G:G,CONFIG_METADATA!$B$4,DATOS!L:L,"N")/COUNTIF(DATOS!G:G,CONFIG_METADATA!$B$4),"—") -> — | J2: {=IFERROR(_xlfn.MODE.SNGL(IF((nEVAL=CONFIG_METADATA!$B$4)*(nAPTO="S"),nNOTA)),"—")} -> — | K2: {=IFERROR(_xlfn.MODE.SNGL(IF((nEVAL=CONFIG_METADATA!$B$4)*(nAPTO="N"),nNOTA)),"—")} -> — | L2: {=SUMPRODUCT((nEVAL=CONFIG_METADATA!$B$4)*(nNOTA=1))} -> 0 | M2: {=SUMPRODUCT((nEVAL=CONFIG_METADATA!$B$4)*(nNOTA=2))} -> 0 | N2: {=SUMPRODUCT((nEVAL=CONFIG_METADATA!$B$4)*(nNOTA=3))} -> 0 | O2: {=SUMPRODUCT((nEVAL=CONFIG_METADATA!$B$4)*(nNOTA=4))} -> 0 | P2: {=SUMPRODUCT((nEVAL=CONFIG_METADATA!$B$4)*(nNOTA=5))} -> 0 | Q2: {=SUMPRODUCT((nEVAL=CONFIG_METADATA!$B$4)*(nNOTA=6))} -> 0 | R2: {=SUMPRODUCT((nEVAL=CONFIG_METADATA!$B$4)*(nNOTA=7))} -> 0 | S2: {=SUMPRODUCT((nEVAL=CONFIG_METADATA!$B$4)*(nNOTA=8))} -> 0 | T2: {=SUMPRODUCT((nEVAL=CONFIG_METADATA!$B$4)*(nNOTA=9))} -> 0 | U2: {=SUMPRODUCT((nEVAL=CONFIG_METADATA!$B$4)*(nNOTA=10))} -> 0
A3: GLOBAL | B3: Total Especialidad | C3: TotalEsp | D3: =SUMPRODUCT((nEVAL=CONFIG_METADATA!$B$4)*(nCLASE_E="E")*1) | E3: {=IFERROR(AVERAGE(IF((nEVAL=CONFIG_METADATA!$B$4)*(nCLASE_E="E"),nNOTA)),"—")} | F3: {=IFERROR(_xlfn.STDEV.P(IF((nEVAL=CONFIG_METADATA!$B$4)*(nCLASE_E="E"),nNOTA)),"—")} | G3: {=IFERROR(_xlfn.MODE.SNGL(IF((nEVAL=CONFIG_METADATA!$B$4)*(nCLASE_E="E"),nNOTA)),"—")} | H3: =IFERROR(SUMPRODUCT((nEVAL=CONFIG_METADATA!$B$4)*(nCLASE_E="E")*(nAPTO="S"))/SUMPRODUCT((nEVAL=CONFIG_METADATA!$B$4)*(nCLASE_E="E")*1),"—") | I3: =IFERROR(SUMPRODUCT((nEVAL=CONFIG_METADATA!$B$4)*(nCLASE_E="E")*(nAPTO="N"))/SUMPRODUCT((nEVAL=CONFIG_METADATA!$B$4)*(nCLASE_E="E")*1),"—") | J3: {=IFERROR(_xlfn.MODE.SNGL(IF((nEVAL=CONFIG_METADATA!$B$4)*(nCLASE_E="E")*(nAPTO="S"),nNOTA)),"—")} | K3: {=IFERROR(_xlfn.MODE.SNGL(IF((nEVAL=CONFIG_METADATA!$B$4)*(nCLASE_E="E")*(nAPTO="N"),nNOTA)),"—")} | L3: =SUMPRODUCT((nEVAL=CONFIG_METADATA!$B$4)*(nCLASE_E="E")*(nNOTA=1)) | M3: =SUMPRODUCT((nEVAL=CONFIG_METADATA!$B$4)*(nCLASE_E="E")*(nNOTA=2)) | N3: =SUMPRODUCT((nEVAL=CONFIG_METADATA!$B$4)*(nCLASE_E="E")*(nNOTA=3)) | O3: =SUMPRODUCT((nEVAL=CONFIG_METADATA!$B$4)*(nCLASE_E="E")*(nNOTA=4)) | P3: =SUMPRODUCT((nEVAL=CONFIG_METADATA!$B$4)*(nCLASE_E="E")*(nNOTA=5)) | Q3: =SUMPRODUCT((nEVAL=CONFIG_METADATA!$B$4)*(nCLASE_E="E")*(nNOTA=6)) | R3: =SUMPRODUCT((nEVAL=CONFIG_METADATA!$B$4)*(nCLASE_E="E")*(nNOTA=7)) | S3: =SUMPRODUCT((nEVAL=CONFIG_METADATA!$B$4)*(nCLASE_E="E")*(nNOTA=8)) | T3: =SUMPRODUCT((nEVAL=CONFIG_METADATA!$B$4)*(nCLASE_E="E")*(nNOTA=9)) | U3: =SUMPRODUCT((nEVAL=CONFIG_METADATA!$B$4)*(nCLASE_E="E")*(nNOTA=10))
A4: GLOBAL | B4: Total no Especialidad | C4: TotalNoEsp | D4: =SUMPRODUCT((nEVAL=CONFIG_METADATA!$B$4)*((nCLASE_E<>"")*(nCLASE_E<>"E"))*1) | E4: {=IFERROR(AVERAGE(IF((nEVAL=CONFIG_METADATA!$B$4)*((nCLASE_E<>"")*(nCLASE_E<>"E")),nNOTA)),"—")} | F4: {=IFERROR(_xlfn.STDEV.P(IF((nEVAL=CONFIG_METADATA!$B$4)*((nCLASE_E<>"")*(nCLASE_E<>"E")),nNOTA)),"—")} | G4: {=IFERROR(_xlfn.MODE.SNGL(IF((nEVAL=CONFIG_METADATA!$B$4)*((nCLASE_E<>"")*(nCLASE_E<>"E")),nNOTA)),"—")} | H4: =IFERROR(SUMPRODUCT((nEVAL=CONFIG_METADATA!$B$4)*((nCLASE_E<>"")*(nCLASE_E<>"E"))*(nAPTO="S"))/SUMPRODUCT((nEVAL=CONFIG_METADATA!$B$4)*((nCLASE_E<>"")*(nCLASE_E<>"E"))*1),"—") | I4: =IFERROR(SUMPRODUCT((nEVAL=CONFIG_METADATA!$B$4)*((nCLASE_E<>"")*(nCLASE_E<>"E"))*(nAPTO="N"))/SUMPRODUCT((nEVAL=CONFIG_METADATA!$B$4)*((nCLASE_E<>"")*(nCLASE_E<>"E"))*1),"—") | J4: {=IFERROR(_xlfn.MODE.SNGL(IF((nEVAL=CONFIG_METADATA!$B$4)*((nCLASE_E<>"")*(nCLASE_E<>"E"))*(nAPTO="S"),nNOTA)),"—")} | K4: {=IFERROR(_xlfn.MODE.SNGL(IF((nEVAL=CONFIG_METADATA!$B$4)*((nCLASE_E<>"")*(nCLASE_E<>"E"))*(nAPTO="N"),nNOTA)),"—")} | L4: =SUMPRODUCT((nEVAL=CONFIG_METADATA!$B$4)*((nCLASE_E<>"")*(nCLASE_E<>"E"))*(nNOTA=1)) | M4: =SUMPRODUCT((nEVAL=CONFIG_METADATA!$B$4)*((nCLASE_E<>"")*(nCLASE_E<>"E"))*(nNOTA=2)) | N4: =SUMPRODUCT((nEVAL=CONFIG_METADATA!$B$4)*((nCLASE_E<>"")*(nCLASE_E<>"E"))*(nNOTA=3)) | O4: =SUMPRODUCT((nEVAL=CONFIG_METADATA!$B$4)*((nCLASE_E<>"")*(nCLASE_E<>"E"))*(nNOTA=4)) | P4: =SUMPRODUCT((nEVAL=CONFIG_METADATA!$B$4)*((nCLASE_E<>"")*(nCLASE_E<>"E"))*(nNOTA=5)) | Q4: =SUMPRODUCT((nEVAL=CONFIG_METADATA!$B$4)*((nCLASE_E<>"")*(nCLASE_E<>"E"))*(nNOTA=6)) | R4: =SUMPRODUCT((nEVAL=CONFIG_METADATA!$B$4)*((nCLASE_E<>"")*(nCLASE_E<>"E"))*(nNOTA=7)) | S4: =SUMPRODUCT((nEVAL=CONFIG_METADATA!$B$4)*((nCLASE_E<>"")*(nCLASE_E<>"E"))*(nNOTA=8)) | T4: =SUMPRODUCT((nEVAL=CONFIG_METADATA!$B$4)*((nCLASE_E<>"")*(nCLASE_E<>"E"))*(nNOTA=9)) | U4: =SUMPRODUCT((nEVAL=CONFIG_METADATA!$B$4)*((nCLASE_E<>"")*(nCLASE_E<>"E"))*(nNOTA=10))
A5: GLOBAL | B5: {=IFERROR(INDEX(_xlfn._xlws.FILTER(CONFIG_ASIGNATURAS!$B$2:$B$61,CONFIG_ASIGNATURAS!$G$2:$G$61="Sí"),1),"")} | C5: =IF(B5="","",IFERROR(IF(VLOOKUP(B5,CONFIG_ASIGNATURAS!$B$2:$F$61,5,FALSE())="Sí","Especialidad","Asignatura"),"Asignatura")) | D5: =COUNTIFS(DATOS!G:G,CONFIG_METADATA!$B$4,DATOS!I:I,B5) -> 0 | E5: =IFERROR(AVERAGEIFS(DATOS!K:K,DATOS!G:G,CONFIG_METADATA!$B$4,DATOS!I:I,B5),"—") -> — | F5: {=IFERROR(_xlfn.STDEV.P(IF((nEVAL=CONFIG_METADATA!$B$4)*(nASIG=B5),nNOTA)),"—")} -> — | G5: {=IFERROR(_xlfn.MODE.SNGL(IF((nEVAL=CONFIG_METADATA!$B$4)*(nASIG=B5),nNOTA)),"—")} -> — | H5: =IFERROR(COUNTIFS(DATOS!G:G,CONFIG_METADATA!$B$4,DATOS!I:I,B5,DATOS!L:L,"S")/COUNTIFS(DATOS!G:G,CONFIG_METADATA!$B$4,DATOS!I:I,B5),"—") -> — | I5: =IFERROR(COUNTIFS(DATOS!G:G,CONFIG_METADATA!$B$4,DATOS!I:I,B5,DATOS!L:L,"N")/COUNTIFS(DATOS!G:G,CONFIG_METADATA!$B$4,DATOS!I:I,B5),"—") -> — | J5: {=IFERROR(_xlfn.MODE.SNGL(IF((nEVAL=CONFIG_METADATA!$B$4)*(nASIG=B5)*(nAPTO="S"),nNOTA)),"—")} -> — | K5: {=IFERROR(_xlfn.MODE.SNGL(IF((nEVAL=CONFIG_METADATA!$B$4)*(nASIG=B5)*(nAPTO="N"),nNOTA)),"—")} -> — | L5: =COUNTIFS(DATOS!G:G,CONFIG_METADATA!$B$4,DATOS!I:I,B5,DATOS!K:K,1) -> 0 | M5: =COUNTIFS(DATOS!G:G,CONFIG_METADATA!$B$4,DATOS!I:I,B5,DATOS!K:K,2) -> 0 | N5: =COUNTIFS(DATOS!G:G,CONFIG_METADATA!$B$4,DATOS!I:I,B5,DATOS!K:K,3) -> 0 | O5: =COUNTIFS(DATOS!G:G,CONFIG_METADATA!$B$4,DATOS!I:I,B5,DATOS!K:K,4) -> 0 | P5: =COUNTIFS(DATOS!G:G,CONFIG_METADATA!$B$4,DATOS!I:I,B5,DATOS!K:K,5) -> 0 | Q5: =COUNTIFS(DATOS!G:G,CONFIG_METADATA!$B$4,DATOS!I:I,B5,DATOS!K:K,6) -> 0 | R5: =COUNTIFS(DATOS!G:G,CONFIG_METADATA!$B$4,DATOS!I:I,B5,DATOS!K:K,7) -> 0 | S5: =COUNTIFS(DATOS!G:G,CONFIG_METADATA!$B$4,DATOS!I:I,B5,DATOS!K:K,8) -> 0 | T5: =COUNTIFS(DATOS!G:G,CONFIG_METADATA!$B$4,DATOS!I:I,B5,DATOS!K:K,9) -> 0 | U5: =COUNTIFS(DATOS!G:G,CONFIG_METADATA!$B$4,DATOS!I:I,B5,DATOS!K:K,10) -> 0
A6: GLOBAL | B6: {=IFERROR(INDEX(_xlfn._xlws.FILTER(CONFIG_ASIGNATURAS!$B$2:$B$61,CONFIG_ASIGNATURAS!$G$2:$G$61="Sí"),2),"")} | C6: =IF(B6="","",IFERROR(IF(VLOOKUP(B6,CONFIG_ASIGNATURAS!$B$2:$F$61,5,FALSE())="Sí","Especialidad","Asignatura"),"Asignatura")) | D6: =COUNTIFS(DATOS!G:G,CONFIG_METADATA!$B$4,DATOS!I:I,B6) -> 0 | E6: =IFERROR(AVERAGEIFS(DATOS!K:K,DATOS!G:G,CONFIG_METADATA!$B$4,DATOS!I:I,B6),"—") -> — | F6: {=IFERROR(_xlfn.STDEV.P(IF((nEVAL=CONFIG_METADATA!$B$4)*(nASIG=B6),nNOTA)),"—")} -> — | G6: {=IFERROR(_xlfn.MODE.SNGL(IF((nEVAL=CONFIG_METADATA!$B$4)*(nASIG=B6),nNOTA)),"—")} -> — | H6: =IFERROR(COUNTIFS(DATOS!G:G,CONFIG_METADATA!$B$4,DATOS!I:I,B6,DATOS!L:L,"S")/COUNTIFS(DATOS!G:G,CONFIG_METADATA!$B$4,DATOS!I:I,B6),"—") -> — | I6: =IFERROR(COUNTIFS(DATOS!G:G,CONFIG_METADATA!$B$4,DATOS!I:I,B6,DATOS!L:L,"N")/COUNTIFS(DATOS!G:G,CONFIG_METADATA!$B$4,DATOS!I:I,B6),"—") -> — | J6: {=IFERROR(_xlfn.MODE.SNGL(IF((nEVAL=CONFIG_METADATA!$B$4)*(nASIG=B6)*(nAPTO="S"),nNOTA)),"—")} -> — | K6: {=IFERROR(_xlfn.MODE.SNGL(IF((nEVAL=CONFIG_METADATA!$B$4)*(nASIG=B6)*(nAPTO="N"),nNOTA)),"—")} -> — | L6: =COUNTIFS(DATOS!G:G,CONFIG_METADATA!$B$4,DATOS!I:I,B6,DATOS!K:K,1) -> 0 | M6: =COUNTIFS(DATOS!G:G,CONFIG_METADATA!$B$4,DATOS!I:I,B6,DATOS!K:K,2) -> 0 | N6: =COUNTIFS(DATOS!G:G,CONFIG_METADATA!$B$4,DATOS!I:I,B6,DATOS!K:K,3) -> 0 | O6: =COUNTIFS(DATOS!G:G,CONFIG_METADATA!$B$4,DATOS!I:I,B6,DATOS!K:K,4) -> 0 | P6: =COUNTIFS(DATOS!G:G,CONFIG_METADATA!$B$4,DATOS!I:I,B6,DATOS!K:K,5) -> 0 | Q6: =COUNTIFS(DATOS!G:G,CONFIG_METADATA!$B$4,DATOS!I:I,B6,DATOS!K:K,6) -> 0 | R6: =COUNTIFS(DATOS!G:G,CONFIG_METADATA!$B$4,DATOS!I:I,B6,DATOS!K:K,7) -> 0 | S6: =COUNTIFS(DATOS!G:G,CONFIG_METADATA!$B$4,DATOS!I:I,B6,DATOS!K:K,8) -> 0 | T6: =COUNTIFS(DATOS!G:G,CONFIG_METADATA!$B$4,DATOS!I:I,B6,DATOS!K:K,9) -> 0 | U6: =COUNTIFS(DATOS!G:G,CONFIG_METADATA!$B$4,DATOS!I:I,B6,DATOS!K:K,10) -> 0
A7: GLOBAL | B7: {=IFERROR(INDEX(_xlfn._xlws.FILTER(CONFIG_ASIGNATURAS!$B$2:$B$61,CONFIG_ASIGNATURAS!$G$2:$G$61="Sí"),3),"")} | C7: =IF(B7="","",IFERROR(IF(VLOOKUP(B7,CONFIG_ASIGNATURAS!$B$2:$F$61,5,FALSE())="Sí","Especialidad","Asignatura"),"Asignatura")) | D7: =COUNTIFS(DATOS!G:G,CONFIG_METADATA!$B$4,DATOS!I:I,B7) -> 0 | E7: =IFERROR(AVERAGEIFS(DATOS!K:K,DATOS!G:G,CONFIG_METADATA!$B$4,DATOS!I:I,B7),"—") -> — | F7: {=IFERROR(_xlfn.STDEV.P(IF((nEVAL=CONFIG_METADATA!$B$4)*(nASIG=B7),nNOTA)),"—")} -> — | G7: {=IFERROR(_xlfn.MODE.SNGL(IF((nEVAL=CONFIG_METADATA!$B$4)*(nASIG=B7),nNOTA)),"—")} -> — | H7: =IFERROR(COUNTIFS(DATOS!G:G,CONFIG_METADATA!$B$4,DATOS!I:I,B7,DATOS!L:L,"S")/COUNTIFS(DATOS!G:G,CONFIG_METADATA!$B$4,DATOS!I:I,B7),"—") -> — | I7: =IFERROR(COUNTIFS(DATOS!G:G,CONFIG_METADATA!$B$4,DATOS!I:I,B7,DATOS!L:L,"N")/COUNTIFS(DATOS!G:G,CONFIG_METADATA!$B$4,DATOS!I:I,B7),"—") -> — | J7: {=IFERROR(_xlfn.MODE.SNGL(IF((nEVAL=CONFIG_METADATA!$B$4)*(nASIG=B7)*(nAPTO="S"),nNOTA)),"—")} -> — | K7: {=IFERROR(_xlfn.MODE.SNGL(IF((nEVAL=CONFIG_METADATA!$B$4)*(nASIG=B7)*(nAPTO="N"),nNOTA)),"—")} -> — | L7: =COUNTIFS(DATOS!G:G,CONFIG_METADATA!$B$4,DATOS!I:I,B7,DATOS!K:K,1) -> 0 | M7: =COUNTIFS(DATOS!G:G,CONFIG_METADATA!$B$4,DATOS!I:I,B7,DATOS!K:K,2) -> 0 | N7: =COUNTIFS(DATOS!G:G,CONFIG_METADATA!$B$4,DATOS!I:I,B7,DATOS!K:K,3) -> 0 | O7: =COUNTIFS(DATOS!G:G,CONFIG_METADATA!$B$4,DATOS!I:I,B7,DATOS!K:K,4) -> 0 | P7: =COUNTIFS(DATOS!G:G,CONFIG_METADATA!$B$4,DATOS!I:I,B7,DATOS!K:K,5) -> 0 | Q7: =COUNTIFS(DATOS!G:G,CONFIG_METADATA!$B$4,DATOS!I:I,B7,DATOS!K:K,6) -> 0 | R7: =COUNTIFS(DATOS!G:G,CONFIG_METADATA!$B$4,DATOS!I:I,B7,DATOS!K:K,7) -> 0 | S7: =COUNTIFS(DATOS!G:G,CONFIG_METADATA!$B$4,DATOS!I:I,B7,DATOS!K:K,8) -> 0 | T7: =COUNTIFS(DATOS!G:G,CONFIG_METADATA!$B$4,DATOS!I:I,B7,DATOS!K:K,9) -> 0 | U7: =COUNTIFS(DATOS!G:G,CONFIG_METADATA!$B$4,DATOS!I:I,B7,DATOS!K:K,10) -> 0
A8: GLOBAL | B8: {=IFERROR(INDEX(_xlfn._xlws.FILTER(CONFIG_ASIGNATURAS!$B$2:$B$61,CONFIG_ASIGNATURAS!$G$2:$G$61="Sí"),4),"")} | C8: =IF(B8="","",IFERROR(IF(VLOOKUP(B8,CONFIG_ASIGNATURAS!$B$2:$F$61,5,FALSE())="Sí","Especialidad","Asignatura"),"Asignatura")) | D8: =COUNTIFS(DATOS!G:G,CONFIG_METADATA!$B$4,DATOS!I:I,B8) -> 0 | E8: =IFERROR(AVERAGEIFS(DATOS!K:K,DATOS!G:G,CONFIG_METADATA!$B$4,DATOS!I:I,B8),"—") -> — | F8: {=IFERROR(_xlfn.STDEV.P(IF((nEVAL=CONFIG_METADATA!$B$4)*(nASIG=B8),nNOTA)),"—")} -> — | G8: {=IFERROR(_xlfn.MODE.SNGL(IF((nEVAL=CONFIG_METADATA!$B$4)*(nASIG=B8),nNOTA)),"—")} -> — | H8: =IFERROR(COUNTIFS(DATOS!G:G,CONFIG_METADATA!$B$4,DATOS!I:I,B8,DATOS!L:L,"S")/COUNTIFS(DATOS!G:G,CONFIG_METADATA!$B$4,DATOS!I:I,B8),"—") -> — | I8: =IFERROR(COUNTIFS(DATOS!G:G,CONFIG_METADATA!$B$4,DATOS!I:I,B8,DATOS!L:L,"N")/COUNTIFS(DATOS!G:G,CONFIG_METADATA!$B$4,DATOS!I:I,B8),"—") -> — | J8: {=IFERROR(_xlfn.MODE.SNGL(IF((nEVAL=CONFIG_METADATA!$B$4)*(nASIG=B8)*(nAPTO="S"),nNOTA)),"—")} -> — | K8: {=IFERROR(_xlfn.MODE.SNGL(IF((nEVAL=CONFIG_METADATA!$B$4)*(nASIG=B8)*(nAPTO="N"),nNOTA)),"—")} -> — | L8: =COUNTIFS(DATOS!G:G,CONFIG_METADATA!$B$4,DATOS!I:I,B8,DATOS!K:K,1) -> 0 | M8: =COUNTIFS(DATOS!G:G,CONFIG_METADATA!$B$4,DATOS!I:I,B8,DATOS!K:K,2) -> 0 | N8: =COUNTIFS(DATOS!G:G,CONFIG_METADATA!$B$4,DATOS!I:I,B8,DATOS!K:K,3) -> 0 | O8: =COUNTIFS(DATOS!G:G,CONFIG_METADATA!$B$4,DATOS!I:I,B8,DATOS!K:K,4) -> 0 | P8: =COUNTIFS(DATOS!G:G,CONFIG_METADATA!$B$4,DATOS!I:I,B8,DATOS!K:K,5) -> 0 | Q8: =COUNTIFS(DATOS!G:G,CONFIG_METADATA!$B$4,DATOS!I:I,B8,DATOS!K:K,6) -> 0 | R8: =COUNTIFS(DATOS!G:G,CONFIG_METADATA!$B$4,DATOS!I:I,B8,DATOS!K:K,7) -> 0 | S8: =COUNTIFS(DATOS!G:G,CONFIG_METADATA!$B$4,DATOS!I:I,B8,DATOS!K:K,8) -> 0 | T8: =COUNTIFS(DATOS!G:G,CONFIG_METADATA!$B$4,DATOS!I:I,B8,DATOS!K:K,9) -> 0 | U8: =COUNTIFS(DATOS!G:G,CONFIG_METADATA!$B$4,DATOS!I:I,B8,DATOS!K:K,10) -> 0
A9: GLOBAL | B9: {=IFERROR(INDEX(_xlfn._xlws.FILTER(CONFIG_ASIGNATURAS!$B$2:$B$61,CONFIG_ASIGNATURAS!$G$2:$G$61="Sí"),5),"")} | C9: =IF(B9="","",IFERROR(IF(VLOOKUP(B9,CONFIG_ASIGNATURAS!$B$2:$F$61,5,FALSE())="Sí","Especialidad","Asignatura"),"Asignatura")) | D9: =COUNTIFS(DATOS!G:G,CONFIG_METADATA!$B$4,DATOS!I:I,B9) -> 0 | E9: =IFERROR(AVERAGEIFS(DATOS!K:K,DATOS!G:G,CONFIG_METADATA!$B$4,DATOS!I:I,B9),"—") -> — | F9: {=IFERROR(_xlfn.STDEV.P(IF((nEVAL=CONFIG_METADATA!$B$4)*(nASIG=B9),nNOTA)),"—")} -> — | G9: {=IFERROR(_xlfn.MODE.SNGL(IF((nEVAL=CONFIG_METADATA!$B$4)*(nASIG=B9),nNOTA)),"—")} -> — | H9: =IFERROR(COUNTIFS(DATOS!G:G,CONFIG_METADATA!$B$4,DATOS!I:I,B9,DATOS!L:L,"S")/COUNTIFS(DATOS!G:G,CONFIG_METADATA!$B$4,DATOS!I:I,B9),"—") -> — | I9: =IFERROR(COUNTIFS(DATOS!G:G,CONFIG_METADATA!$B$4,DATOS!I:I,B9,DATOS!L:L,"N")/COUNTIFS(DATOS!G:G,CONFIG_METADATA!$B$4,DATOS!I:I,B9),"—") -> — | J9: {=IFERROR(_xlfn.MODE.SNGL(IF((nEVAL=CONFIG_METADATA!$B$4)*(nASIG=B9)*(nAPTO="S"),nNOTA)),"—")} -> — | K9: {=IFERROR(_xlfn.MODE.SNGL(IF((nEVAL=CONFIG_METADATA!$B$4)*(nASIG=B9)*(nAPTO="N"),nNOTA)),"—")} -> — | L9: =COUNTIFS(DATOS!G:G,CONFIG_METADATA!$B$4,DATOS!I:I,B9,DATOS!K:K,1) -> 0 | M9: =COUNTIFS(DATOS!G:G,CONFIG_METADATA!$B$4,DATOS!I:I,B9,DATOS!K:K,2) -> 0 | N9: =COUNTIFS(DATOS!G:G,CONFIG_METADATA!$B$4,DATOS!I:I,B9,DATOS!K:K,3) -> 0 | O9: =COUNTIFS(DATOS!G:G,CONFIG_METADATA!$B$4,DATOS!I:I,B9,DATOS!K:K,4) -> 0 | P9: =COUNTIFS(DATOS!G:G,CONFIG_METADATA!$B$4,DATOS!I:I,B9,DATOS!K:K,5) -> 0 | Q9: =COUNTIFS(DATOS!G:G,CONFIG_METADATA!$B$4,DATOS!I:I,B9,DATOS!K:K,6) -> 0 | R9: =COUNTIFS(DATOS!G:G,CONFIG_METADATA!$B$4,DATOS!I:I,B9,DATOS!K:K,7) -> 0 | S9: =COUNTIFS(DATOS!G:G,CONFIG_METADATA!$B$4,DATOS!I:I,B9,DATOS!K:K,8) -> 0 | T9: =COUNTIFS(DATOS!G:G,CONFIG_METADATA!$B$4,DATOS!I:I,B9,DATOS!K:K,9) -> 0 | U9: =COUNTIFS(DATOS!G:G,CONFIG_METADATA!$B$4,DATOS!I:I,B9,DATOS!K:K,10) -> 0
A10: GLOBAL | B10: {=IFERROR(INDEX(_xlfn._xlws.FILTER(CONFIG_ASIGNATURAS!$B$2:$B$61,CONFIG_ASIGNATURAS!$G$2:$G$61="Sí"),6),"")} | C10: =IF(B10="","",IFERROR(IF(VLOOKUP(B10,CONFIG_ASIGNATURAS!$B$2:$F$61,5,FALSE())="Sí","Especialidad","Asignatura"),"Asignatura")) | D10: =COUNTIFS(DATOS!G:G,CONFIG_METADATA!$B$4,DATOS!I:I,B10) -> 0 | E10: =IFERROR(AVERAGEIFS(DATOS!K:K,DATOS!G:G,CONFIG_METADATA!$B$4,DATOS!I:I,B10),"—") -> — | F10: {=IFERROR(_xlfn.STDEV.P(IF((nEVAL=CONFIG_METADATA!$B$4)*(nASIG=B10),nNOTA)),"—")} -> — | G10: {=IFERROR(_xlfn.MODE.SNGL(IF((nEVAL=CONFIG_METADATA!$B$4)*(nASIG=B10),nNOTA)),"—")} -> — | H10: =IFERROR(COUNTIFS(DATOS!G:G,CONFIG_METADATA!$B$4,DATOS!I:I,B10,DATOS!L:L,"S")/COUNTIFS(DATOS!G:G,CONFIG_METADATA!$B$4,DATOS!I:I,B10),"—") -> — | I10: =IFERROR(COUNTIFS(DATOS!G:G,CONFIG_METADATA!$B$4,DATOS!I:I,B10,DATOS!L:L,"N")/COUNTIFS(DATOS!G:G,CONFIG_METADATA!$B$4,DATOS!I:I,B10),"—") -> — | J10: {=IFERROR(_xlfn.MODE.SNGL(IF((nEVAL=CONFIG_METADATA!$B$4)*(nASIG=B10)*(nAPTO="S"),nNOTA)),"—")} -> — | K10: {=IFERROR(_xlfn.MODE.SNGL(IF((nEVAL=CONFIG_METADATA!$B$4)*(nASIG=B10)*(nAPTO="N"),nNOTA)),"—")} -> — | L10: =COUNTIFS(DATOS!G:G,CONFIG_METADATA!$B$4,DATOS!I:I,B10,DATOS!K:K,1) -> 0 | M10: =COUNTIFS(DATOS!G:G,CONFIG_METADATA!$B$4,DATOS!I:I,B10,DATOS!K:K,2) -> 0 | N10: =COUNTIFS(DATOS!G:G,CONFIG_METADATA!$B$4,DATOS!I:I,B10,DATOS!K:K,3) -> 0 | O10: =COUNTIFS(DATOS!G:G,CONFIG_METADATA!$B$4,DATOS!I:I,B10,DATOS!K:K,4) -> 0 | P10: =COUNTIFS(DATOS!G:G,CONFIG_METADATA!$B$4,DATOS!I:I,B10,DATOS!K:K,5) -> 0 | Q10: =COUNTIFS(DATOS!G:G,CONFIG_METADATA!$B$4,DATOS!I:I,B10,DATOS!K:K,6) -> 0 | R10: =COUNTIFS(DATOS!G:G,CONFIG_METADATA!$B$4,DATOS!I:I,B10,DATOS!K:K,7) -> 0 | S10: =COUNTIFS(DATOS!G:G,CONFIG_METADATA!$B$4,DATOS!I:I,B10,DATOS!K:K,8) -> 0 | T10: =COUNTIFS(DATOS!G:G,CONFIG_METADATA!$B$4,DATOS!I:I,B10,DATOS!K:K,9) -> 0 | U10: =COUNTIFS(DATOS!G:G,CONFIG_METADATA!$B$4,DATOS!I:I,B10,DATOS!K:K,10) -> 0
A11: GLOBAL | B11: {=IFERROR(INDEX(_xlfn._xlws.FILTER(CONFIG_ASIGNATURAS!$B$2:$B$61,CONFIG_ASIGNATURAS!$G$2:$G$61="Sí"),7),"")} | C11: =IF(B11="","",IFERROR(IF(VLOOKUP(B11,CONFIG_ASIGNATURAS!$B$2:$F$61,5,FALSE())="Sí","Especialidad","Asignatura"),"Asignatura")) | D11: =COUNTIFS(DATOS!G:G,CONFIG_METADATA!$B$4,DATOS!I:I,B11) -> 0 | E11: =IFERROR(AVERAGEIFS(DATOS!K:K,DATOS!G:G,CONFIG_METADATA!$B$4,DATOS!I:I,B11),"—") -> — | F11: {=IFERROR(_xlfn.STDEV.P(IF((nEVAL=CONFIG_METADATA!$B$4)*(nASIG=B11),nNOTA)),"—")} -> — | G11: {=IFERROR(_xlfn.MODE.SNGL(IF((nEVAL=CONFIG_METADATA!$B$4)*(nASIG=B11),nNOTA)),"—")} -> — | H11: =IFERROR(COUNTIFS(DATOS!G:G,CONFIG_METADATA!$B$4,DATOS!I:I,B11,DATOS!L:L,"S")/COUNTIFS(DATOS!G:G,CONFIG_METADATA!$B$4,DATOS!I:I,B11),"—") -> — | I11: =IFERROR(COUNTIFS(DATOS!G:G,CONFIG_METADATA!$B$4,DATOS!I:I,B11,DATOS!L:L,"N")/COUNTIFS(DATOS!G:G,CONFIG_METADATA!$B$4,DATOS!I:I,B11),"—") -> — | J11: {=IFERROR(_xlfn.MODE.SNGL(IF((nEVAL=CONFIG_METADATA!$B$4)*(nASIG=B11)*(nAPTO="S"),nNOTA)),"—")} -> — | K11: {=IFERROR(_xlfn.MODE.SNGL(IF((nEVAL=CONFIG_METADATA!$B$4)*(nASIG=B11)*(nAPTO="N"),nNOTA)),"—")} -> — | L11: =COUNTIFS(DATOS!G:G,CONFIG_METADATA!$B$4,DATOS!I:I,B11,DATOS!K:K,1) -> 0 | M11: =COUNTIFS(DATOS!G:G,CONFIG_METADATA!$B$4,DATOS!I:I,B11,DATOS!K:K,2) -> 0 | N11: =COUNTIFS(DATOS!G:G,CONFIG_METADATA!$B$4,DATOS!I:I,B11,DATOS!K:K,3) -> 0 | O11: =COUNTIFS(DATOS!G:G,CONFIG_METADATA!$B$4,DATOS!I:I,B11,DATOS!K:K,4) -> 0 | P11: =COUNTIFS(DATOS!G:G,CONFIG_METADATA!$B$4,DATOS!I:I,B11,DATOS!K:K,5) -> 0 | Q11: =COUNTIFS(DATOS!G:G,CONFIG_METADATA!$B$4,DATOS!I:I,B11,DATOS!K:K,6) -> 0 | R11: =COUNTIFS(DATOS!G:G,CONFIG_METADATA!$B$4,DATOS!I:I,B11,DATOS!K:K,7) -> 0 | S11: =COUNTIFS(DATOS!G:G,CONFIG_METADATA!$B$4,DATOS!I:I,B11,DATOS!K:K,8) -> 0 | T11: =COUNTIFS(DATOS!G:G,CONFIG_METADATA!$B$4,DATOS!I:I,B11,DATOS!K:K,9) -> 0 | U11: =COUNTIFS(DATOS!G:G,CONFIG_METADATA!$B$4,DATOS!I:I,B11,DATOS!K:K,10) -> 0
A12: GLOBAL | B12: {=IFERROR(INDEX(_xlfn._xlws.FILTER(CONFIG_ASIGNATURAS!$B$2:$B$61,CONFIG_ASIGNATURAS!$G$2:$G$61="Sí"),8),"")} | C12: =IF(B12="","",IFERROR(IF(VLOOKUP(B12,CONFIG_ASIGNATURAS!$B$2:$F$61,5,FALSE())="Sí","Especialidad","Asignatura"),"Asignatura")) | D12: =COUNTIFS(DATOS!G:G,CONFIG_METADATA!$B$4,DATOS!I:I,B12) -> 0 | E12: =IFERROR(AVERAGEIFS(DATOS!K:K,DATOS!G:G,CONFIG_METADATA!$B$4,DATOS!I:I,B12),"—") -> — | F12: {=IFERROR(_xlfn.STDEV.P(IF((nEVAL=CONFIG_METADATA!$B$4)*(nASIG=B12),nNOTA)),"—")} -> — | G12: {=IFERROR(_xlfn.MODE.SNGL(IF((nEVAL=CONFIG_METADATA!$B$4)*(nASIG=B12),nNOTA)),"—")} -> — | H12: =IFERROR(COUNTIFS(DATOS!G:G,CONFIG_METADATA!$B$4,DATOS!I:I,B12,DATOS!L:L,"S")/COUNTIFS(DATOS!G:G,CONFIG_METADATA!$B$4,DATOS!I:I,B12),"—") -> — | I12: =IFERROR(COUNTIFS(DATOS!G:G,CONFIG_METADATA!$B$4,DATOS!I:I,B12,DATOS!L:L,"N")/COUNTIFS(DATOS!G:G,CONFIG_METADATA!$B$4,DATOS!I:I,B12),"—") -> — | J12: {=IFERROR(_xlfn.MODE.SNGL(IF((nEVAL=CONFIG_METADATA!$B$4)*(nASIG=B12)*(nAPTO="S"),nNOTA)),"—")} -> — | K12: {=IFERROR(_xlfn.MODE.SNGL(IF((nEVAL=CONFIG_METADATA!$B$4)*(nASIG=B12)*(nAPTO="N"),nNOTA)),"—")} -> — | L12: =COUNTIFS(DATOS!G:G,CONFIG_METADATA!$B$4,DATOS!I:I,B12,DATOS!K:K,1) -> 0 | M12: =COUNTIFS(DATOS!G:G,CONFIG_METADATA!$B$4,DATOS!I:I,B12,DATOS!K:K,2) -> 0 | N12: =COUNTIFS(DATOS!G:G,CONFIG_METADATA!$B$4,DATOS!I:I,B12,DATOS!K:K,3) -> 0 | O12: =COUNTIFS(DATOS!G:G,CONFIG_METADATA!$B$4,DATOS!I:I,B12,DATOS!K:K,4) -> 0 | P12: =COUNTIFS(DATOS!G:G,CONFIG_METADATA!$B$4,DATOS!I:I,B12,DATOS!K:K,5) -> 0 | Q12: =COUNTIFS(DATOS!G:G,CONFIG_METADATA!$B$4,DATOS!I:I,B12,DATOS!K:K,6) -> 0 | R12: =COUNTIFS(DATOS!G:G,CONFIG_METADATA!$B$4,DATOS!I:I,B12,DATOS!K:K,7) -> 0 | S12: =COUNTIFS(DATOS!G:G,CONFIG_METADATA!$B$4,DATOS!I:I,B12,DATOS!K:K,8) -> 0 | T12: =COUNTIFS(DATOS!G:G,CONFIG_METADATA!$B$4,DATOS!I:I,B12,DATOS!K:K,9) -> 0 | U12: =COUNTIFS(DATOS!G:G,CONFIG_METADATA!$B$4,DATOS!I:I,B12,DATOS!K:K,10) -> 0
A13: GLOBAL | B13: {=IFERROR(INDEX(_xlfn._xlws.FILTER(CONFIG_ASIGNATURAS!$B$2:$B$61,CONFIG_ASIGNATURAS!$G$2:$G$61="Sí"),9),"")} | C13: =IF(B13="","",IFERROR(IF(VLOOKUP(B13,CONFIG_ASIGNATURAS!$B$2:$F$61,5,FALSE())="Sí","Especialidad","Asignatura"),"Asignatura")) | D13: =COUNTIFS(DATOS!G:G,CONFIG_METADATA!$B$4,DATOS!I:I,B13) -> 0 | E13: =IFERROR(AVERAGEIFS(DATOS!K:K,DATOS!G:G,CONFIG_METADATA!$B$4,DATOS!I:I,B13),"—") -> — | F13: {=IFERROR(_xlfn.STDEV.P(IF((nEVAL=CONFIG_METADATA!$B$4)*(nASIG=B13),nNOTA)),"—")} -> — | G13: {=IFERROR(_xlfn.MODE.SNGL(IF((nEVAL=CONFIG_METADATA!$B$4)*(nASIG=B13),nNOTA)),"—")} -> — | H13: =IFERROR(COUNTIFS(DATOS!G:G,CONFIG_METADATA!$B$4,DATOS!I:I,B13,DATOS!L:L,"S")/COUNTIFS(DATOS!G:G,CONFIG_METADATA!$B$4,DATOS!I:I,B13),"—") -> — | I13: =IFERROR(COUNTIFS(DATOS!G:G,CONFIG_METADATA!$B$4,DATOS!I:I,B13,DATOS!L:L,"N")/COUNTIFS(DATOS!G:G,CONFIG_METADATA!$B$4,DATOS!I:I,B13),"—") -> — | J13: {=IFERROR(_xlfn.MODE.SNGL(IF((nEVAL=CONFIG_METADATA!$B$4)*(nASIG=B13)*(nAPTO="S"),nNOTA)),"—")} -> — | K13: {=IFERROR(_xlfn.MODE.SNGL(IF((nEVAL=CONFIG_METADATA!$B$4)*(nASIG=B13)*(nAPTO="N"),nNOTA)),"—")} -> — | L13: =COUNTIFS(DATOS!G:G,CONFIG_METADATA!$B$4,DATOS!I:I,B13,DATOS!K:K,1) -> 0 | M13: =COUNTIFS(DATOS!G:G,CONFIG_METADATA!$B$4,DATOS!I:I,B13,DATOS!K:K,2) -> 0 | N13: =COUNTIFS(DATOS!G:G,CONFIG_METADATA!$B$4,DATOS!I:I,B13,DATOS!K:K,3) -> 0 | O13: =COUNTIFS(DATOS!G:G,CONFIG_METADATA!$B$4,DATOS!I:I,B13,DATOS!K:K,4) -> 0 | P13: =COUNTIFS(DATOS!G:G,CONFIG_METADATA!$B$4,DATOS!I:I,B13,DATOS!K:K,5) -> 0 | Q13: =COUNTIFS(DATOS!G:G,CONFIG_METADATA!$B$4,DATOS!I:I,B13,DATOS!K:K,6) -> 0 | R13: =COUNTIFS(DATOS!G:G,CONFIG_METADATA!$B$4,DATOS!I:I,B13,DATOS!K:K,7) -> 0 | S13: =COUNTIFS(DATOS!G:G,CONFIG_METADATA!$B$4,DATOS!I:I,B13,DATOS!K:K,8) -> 0 | T13: =COUNTIFS(DATOS!G:G,CONFIG_METADATA!$B$4,DATOS!I:I,B13,DATOS!K:K,9) -> 0 | U13: =COUNTIFS(DATOS!G:G,CONFIG_METADATA!$B$4,DATOS!I:I,B13,DATOS!K:K,10) -> 0
A14: GLOBAL | B14: {=IFERROR(INDEX(_xlfn._xlws.FILTER(CONFIG_ASIGNATURAS!$B$2:$B$61,CONFIG_ASIGNATURAS!$G$2:$G$61="Sí"),10),"")} | C14: =IF(B14="","",IFERROR(IF(VLOOKUP(B14,CONFIG_ASIGNATURAS!$B$2:$F$61,5,FALSE())="Sí","Especialidad","Asignatura"),"Asignatura")) | D14: =COUNTIFS(DATOS!G:G,CONFIG_METADATA!$B$4,DATOS!I:I,B14) -> 0 | E14: =IFERROR(AVERAGEIFS(DATOS!K:K,DATOS!G:G,CONFIG_METADATA!$B$4,DATOS!I:I,B14),"—") -> — | F14: {=IFERROR(_xlfn.STDEV.P(IF((nEVAL=CONFIG_METADATA!$B$4)*(nASIG=B14),nNOTA)),"—")} -> — | G14: {=IFERROR(_xlfn.MODE.SNGL(IF((nEVAL=CONFIG_METADATA!$B$4)*(nASIG=B14),nNOTA)),"—")} -> — | H14: =IFERROR(COUNTIFS(DATOS!G:G,CONFIG_METADATA!$B$4,DATOS!I:I,B14,DATOS!L:L,"S")/COUNTIFS(DATOS!G:G,CONFIG_METADATA!$B$4,DATOS!I:I,B14),"—") -> — | I14: =IFERROR(COUNTIFS(DATOS!G:G,CONFIG_METADATA!$B$4,DATOS!I:I,B14,DATOS!L:L,"N")/COUNTIFS(DATOS!G:G,CONFIG_METADATA!$B$4,DATOS!I:I,B14),"—") -> — | J14: {=IFERROR(_xlfn.MODE.SNGL(IF((nEVAL=CONFIG_METADATA!$B$4)*(nASIG=B14)*(nAPTO="S"),nNOTA)),"—")} -> — | K14: {=IFERROR(_xlfn.MODE.SNGL(IF((nEVAL=CONFIG_METADATA!$B$4)*(nASIG=B14)*(nAPTO="N"),nNOTA)),"—")} -> — | L14: =COUNTIFS(DATOS!G:G,CONFIG_METADATA!$B$4,DATOS!I:I,B14,DATOS!K:K,1) -> 0 | M14: =COUNTIFS(DATOS!G:G,CONFIG_METADATA!$B$4,DATOS!I:I,B14,DATOS!K:K,2) -> 0 | N14: =COUNTIFS(DATOS!G:G,CONFIG_METADATA!$B$4,DATOS!I:I,B14,DATOS!K:K,3) -> 0 | O14: =COUNTIFS(DATOS!G:G,CONFIG_METADATA!$B$4,DATOS!I:I,B14,DATOS!K:K,4) -> 0 | P14: =COUNTIFS(DATOS!G:G,CONFIG_METADATA!$B$4,DATOS!I:I,B14,DATOS!K:K,5) -> 0 | Q14: =COUNTIFS(DATOS!G:G,CONFIG_METADATA!$B$4,DATOS!I:I,B14,DATOS!K:K,6) -> 0 | R14: =COUNTIFS(DATOS!G:G,CONFIG_METADATA!$B$4,DATOS!I:I,B14,DATOS!K:K,7) -> 0 | S14: =COUNTIFS(DATOS!G:G,CONFIG_METADATA!$B$4,DATOS!I:I,B14,DATOS!K:K,8) -> 0 | T14: =COUNTIFS(DATOS!G:G,CONFIG_METADATA!$B$4,DATOS!I:I,B14,DATOS!K:K,9) -> 0 | U14: =COUNTIFS(DATOS!G:G,CONFIG_METADATA!$B$4,DATOS!I:I,B14,DATOS!K:K,10) -> 0
A15: GLOBAL | B15: {=IFERROR(INDEX(_xlfn._xlws.FILTER(CONFIG_ASIGNATURAS!$B$2:$B$61,CONFIG_ASIGNATURAS!$G$2:$G$61="Sí"),11),"")} | C15: =IF(B15="","",IFERROR(IF(VLOOKUP(B15,CONFIG_ASIGNATURAS!$B$2:$F$61,5,FALSE())="Sí","Especialidad","Asignatura"),"Asignatura")) | D15: =COUNTIFS(DATOS!G:G,CONFIG_METADATA!$B$4,DATOS!I:I,B15) -> 0 | E15: =IFERROR(AVERAGEIFS(DATOS!K:K,DATOS!G:G,CONFIG_METADATA!$B$4,DATOS!I:I,B15),"—") -> — | F15: {=IFERROR(_xlfn.STDEV.P(IF((nEVAL=CONFIG_METADATA!$B$4)*(nASIG=B15),nNOTA)),"—")} -> — | G15: {=IFERROR(_xlfn.MODE.SNGL(IF((nEVAL=CONFIG_METADATA!$B$4)*(nASIG=B15),nNOTA)),"—")} -> — | H15: =IFERROR(COUNTIFS(DATOS!G:G,CONFIG_METADATA!$B$4,DATOS!I:I,B15,DATOS!L:L,"S")/COUNTIFS(DATOS!G:G,CONFIG_METADATA!$B$4,DATOS!I:I,B15),"—") -> — | I15: =IFERROR(COUNTIFS(DATOS!G:G,CONFIG_METADATA!$B$4,DATOS!I:I,B15,DATOS!L:L,"N")/COUNTIFS(DATOS!G:G,CONFIG_METADATA!$B$4,DATOS!I:I,B15),"—") -> — | J15: {=IFERROR(_xlfn.MODE.SNGL(IF((nEVAL=CONFIG_METADATA!$B$4)*(nASIG=B15)*(nAPTO="S"),nNOTA)),"—")} -> — | K15: {=IFERROR(_xlfn.MODE.SNGL(IF((nEVAL=CONFIG_METADATA!$B$4)*(nASIG=B15)*(nAPTO="N"),nNOTA)),"—")} -> — | L15: =COUNTIFS(DATOS!G:G,CONFIG_METADATA!$B$4,DATOS!I:I,B15,DATOS!K:K,1) -> 0 | M15: =COUNTIFS(DATOS!G:G,CONFIG_METADATA!$B$4,DATOS!I:I,B15,DATOS!K:K,2) -> 0 | N15: =COUNTIFS(DATOS!G:G,CONFIG_METADATA!$B$4,DATOS!I:I,B15,DATOS!K:K,3) -> 0 | O15: =COUNTIFS(DATOS!G:G,CONFIG_METADATA!$B$4,DATOS!I:I,B15,DATOS!K:K,4) -> 0 | P15: =COUNTIFS(DATOS!G:G,CONFIG_METADATA!$B$4,DATOS!I:I,B15,DATOS!K:K,5) -> 0 | Q15: =COUNTIFS(DATOS!G:G,CONFIG_METADATA!$B$4,DATOS!I:I,B15,DATOS!K:K,6) -> 0 | R15: =COUNTIFS(DATOS!G:G,CONFIG_METADATA!$B$4,DATOS!I:I,B15,DATOS!K:K,7) -> 0 | S15: =COUNTIFS(DATOS!G:G,CONFIG_METADATA!$B$4,DATOS!I:I,B15,DATOS!K:K,8) -> 0 | T15: =COUNTIFS(DATOS!G:G,CONFIG_METADATA!$B$4,DATOS!I:I,B15,DATOS!K:K,9) -> 0 | U15: =COUNTIFS(DATOS!G:G,CONFIG_METADATA!$B$4,DATOS!I:I,B15,DATOS!K:K,10) -> 0
A16: GLOBAL | B16: {=IFERROR(INDEX(_xlfn._xlws.FILTER(CONFIG_ASIGNATURAS!$B$2:$B$61,CONFIG_ASIGNATURAS!$G$2:$G$61="Sí"),12),"")} | C16: =IF(B16="","",IFERROR(IF(VLOOKUP(B16,CONFIG_ASIGNATURAS!$B$2:$F$61,5,FALSE())="Sí","Especialidad","Asignatura"),"Asignatura")) | D16: =COUNTIFS(DATOS!G:G,CONFIG_METADATA!$B$4,DATOS!I:I,B16) -> 0 | E16: =IFERROR(AVERAGEIFS(DATOS!K:K,DATOS!G:G,CONFIG_METADATA!$B$4,DATOS!I:I,B16),"—") -> — | F16: {=IFERROR(_xlfn.STDEV.P(IF((nEVAL=CONFIG_METADATA!$B$4)*(nASIG=B16),nNOTA)),"—")} -> — | G16: {=IFERROR(_xlfn.MODE.SNGL(IF((nEVAL=CONFIG_METADATA!$B$4)*(nASIG=B16),nNOTA)),"—")} -> — | H16: =IFERROR(COUNTIFS(DATOS!G:G,CONFIG_METADATA!$B$4,DATOS!I:I,B16,DATOS!L:L,"S")/COUNTIFS(DATOS!G:G,CONFIG_METADATA!$B$4,DATOS!I:I,B16),"—") -> — | I16: =IFERROR(COUNTIFS(DATOS!G:G,CONFIG_METADATA!$B$4,DATOS!I:I,B16,DATOS!L:L,"N")/COUNTIFS(DATOS!G:G,CONFIG_METADATA!$B$4,DATOS!I:I,B16),"—") -> — | J16: {=IFERROR(_xlfn.MODE.SNGL(IF((nEVAL=CONFIG_METADATA!$B$4)*(nASIG=B16)*(nAPTO="S"),nNOTA)),"—")} -> — | K16: {=IFERROR(_xlfn.MODE.SNGL(IF((nEVAL=CONFIG_METADATA!$B$4)*(nASIG=B16)*(nAPTO="N"),nNOTA)),"—")} -> — | L16: =COUNTIFS(DATOS!G:G,CONFIG_METADATA!$B$4,DATOS!I:I,B16,DATOS!K:K,1) -> 0 | M16: =COUNTIFS(DATOS!G:G,CONFIG_METADATA!$B$4,DATOS!I:I,B16,DATOS!K:K,2) -> 0 | N16: =COUNTIFS(DATOS!G:G,CONFIG_METADATA!$B$4,DATOS!I:I,B16,DATOS!K:K,3) -> 0 | O16: =COUNTIFS(DATOS!G:G,CONFIG_METADATA!$B$4,DATOS!I:I,B16,DATOS!K:K,4) -> 0 | P16: =COUNTIFS(DATOS!G:G,CONFIG_METADATA!$B$4,DATOS!I:I,B16,DATOS!K:K,5) -> 0 | Q16: =COUNTIFS(DATOS!G:G,CONFIG_METADATA!$B$4,DATOS!I:I,B16,DATOS!K:K,6) -> 0 | R16: =COUNTIFS(DATOS!G:G,CONFIG_METADATA!$B$4,DATOS!I:I,B16,DATOS!K:K,7) -> 0 | S16: =COUNTIFS(DATOS!G:G,CONFIG_METADATA!$B$4,DATOS!I:I,B16,DATOS!K:K,8) -> 0 | T16: =COUNTIFS(DATOS!G:G,CONFIG_METADATA!$B$4,DATOS!I:I,B16,DATOS!K:K,9) -> 0 | U16: =COUNTIFS(DATOS!G:G,CONFIG_METADATA!$B$4,DATOS!I:I,B16,DATOS!K:K,10) -> 0
A17: GLOBAL | B17: {=IFERROR(INDEX(_xlfn._xlws.FILTER(CONFIG_ASIGNATURAS!$B$2:$B$61,CONFIG_ASIGNATURAS!$G$2:$G$61="Sí"),13),"")} | C17: =IF(B17="","",IFERROR(IF(VLOOKUP(B17,CONFIG_ASIGNATURAS!$B$2:$F$61,5,FALSE())="Sí","Especialidad","Asignatura"),"Asignatura")) | D17: =COUNTIFS(DATOS!G:G,CONFIG_METADATA!$B$4,DATOS!I:I,B17) -> 0 | E17: =IFERROR(AVERAGEIFS(DATOS!K:K,DATOS!G:G,CONFIG_METADATA!$B$4,DATOS!I:I,B17),"—") -> — | F17: {=IFERROR(_xlfn.STDEV.P(IF((nEVAL=CONFIG_METADATA!$B$4)*(nASIG=B17),nNOTA)),"—")} -> — | G17: {=IFERROR(_xlfn.MODE.SNGL(IF((nEVAL=CONFIG_METADATA!$B$4)*(nASIG=B17),nNOTA)),"—")} -> — | H17: =IFERROR(COUNTIFS(DATOS!G:G,CONFIG_METADATA!$B$4,DATOS!I:I,B17,DATOS!L:L,"S")/COUNTIFS(DATOS!G:G,CONFIG_METADATA!$B$4,DATOS!I:I,B17),"—") -> — | I17: =IFERROR(COUNTIFS(DATOS!G:G,CONFIG_METADATA!$B$4,DATOS!I:I,B17,DATOS!L:L,"N")/COUNTIFS(DATOS!G:G,CONFIG_METADATA!$B$4,DATOS!I:I,B17),"—") -> — | J17: {=IFERROR(_xlfn.MODE.SNGL(IF((nEVAL=CONFIG_METADATA!$B$4)*(nASIG=B17)*(nAPTO="S"),nNOTA)),"—")} -> — | K17: {=IFERROR(_xlfn.MODE.SNGL(IF((nEVAL=CONFIG_METADATA!$B$4)*(nASIG=B17)*(nAPTO="N"),nNOTA)),"—")} -> — | L17: =COUNTIFS(DATOS!G:G,CONFIG_METADATA!$B$4,DATOS!I:I,B17,DATOS!K:K,1) -> 0 | M17: =COUNTIFS(DATOS!G:G,CONFIG_METADATA!$B$4,DATOS!I:I,B17,DATOS!K:K,2) -> 0 | N17: =COUNTIFS(DATOS!G:G,CONFIG_METADATA!$B$4,DATOS!I:I,B17,DATOS!K:K,3) -> 0 | O17: =COUNTIFS(DATOS!G:G,CONFIG_METADATA!$B$4,DATOS!I:I,B17,DATOS!K:K,4) -> 0 | P17: =COUNTIFS(DATOS!G:G,CONFIG_METADATA!$B$4,DATOS!I:I,B17,DATOS!K:K,5) -> 0 | Q17: =COUNTIFS(DATOS!G:G,CONFIG_METADATA!$B$4,DATOS!I:I,B17,DATOS!K:K,6) -> 0 | R17: =COUNTIFS(DATOS!G:G,CONFIG_METADATA!$B$4,DATOS!I:I,B17,DATOS!K:K,7) -> 0 | S17: =COUNTIFS(DATOS!G:G,CONFIG_METADATA!$B$4,DATOS!I:I,B17,DATOS!K:K,8) -> 0 | T17: =COUNTIFS(DATOS!G:G,CONFIG_METADATA!$B$4,DATOS!I:I,B17,DATOS!K:K,9) -> 0 | U17: =COUNTIFS(DATOS!G:G,CONFIG_METADATA!$B$4,DATOS!I:I,B17,DATOS!K:K,10) -> 0
A18: GLOBAL | B18: {=IFERROR(INDEX(_xlfn._xlws.FILTER(CONFIG_ASIGNATURAS!$B$2:$B$61,CONFIG_ASIGNATURAS!$G$2:$G$61="Sí"),14),"")} | C18: =IF(B18="","",IFERROR(IF(VLOOKUP(B18,CONFIG_ASIGNATURAS!$B$2:$F$61,5,FALSE())="Sí","Especialidad","Asignatura"),"Asignatura")) | D18: =COUNTIFS(DATOS!G:G,CONFIG_METADATA!$B$4,DATOS!I:I,B18) -> 0 | E18: =IFERROR(AVERAGEIFS(DATOS!K:K,DATOS!G:G,CONFIG_METADATA!$B$4,DATOS!I:I,B18),"—") -> — | F18: {=IFERROR(_xlfn.STDEV.P(IF((nEVAL=CONFIG_METADATA!$B$4)*(nASIG=B18),nNOTA)),"—")} -> — | G18: {=IFERROR(_xlfn.MODE.SNGL(IF((nEVAL=CONFIG_METADATA!$B$4)*(nASIG=B18),nNOTA)),"—")} -> — | H18: =IFERROR(COUNTIFS(DATOS!G:G,CONFIG_METADATA!$B$4,DATOS!I:I,B18,DATOS!L:L,"S")/COUNTIFS(DATOS!G:G,CONFIG_METADATA!$B$4,DATOS!I:I,B18),"—") -> — | I18: =IFERROR(COUNTIFS(DATOS!G:G,CONFIG_METADATA!$B$4,DATOS!I:I,B18,DATOS!L:L,"N")/COUNTIFS(DATOS!G:G,CONFIG_METADATA!$B$4,DATOS!I:I,B18),"—") -> — | J18: {=IFERROR(_xlfn.MODE.SNGL(IF((nEVAL=CONFIG_METADATA!$B$4)*(nASIG=B18)*(nAPTO="S"),nNOTA)),"—")} -> — | K18: {=IFERROR(_xlfn.MODE.SNGL(IF((nEVAL=CONFIG_METADATA!$B$4)*(nASIG=B18)*(nAPTO="N"),nNOTA)),"—")} -> — | L18: =COUNTIFS(DATOS!G:G,CONFIG_METADATA!$B$4,DATOS!I:I,B18,DATOS!K:K,1) -> 0 | M18: =COUNTIFS(DATOS!G:G,CONFIG_METADATA!$B$4,DATOS!I:I,B18,DATOS!K:K,2) -> 0 | N18: =COUNTIFS(DATOS!G:G,CONFIG_METADATA!$B$4,DATOS!I:I,B18,DATOS!K:K,3) -> 0 | O18: =COUNTIFS(DATOS!G:G,CONFIG_METADATA!$B$4,DATOS!I:I,B18,DATOS!K:K,4) -> 0 | P18: =COUNTIFS(DATOS!G:G,CONFIG_METADATA!$B$4,DATOS!I:I,B18,DATOS!K:K,5) -> 0 | Q18: =COUNTIFS(DATOS!G:G,CONFIG_METADATA!$B$4,DATOS!I:I,B18,DATOS!K:K,6) -> 0 | R18: =COUNTIFS(DATOS!G:G,CONFIG_METADATA!$B$4,DATOS!I:I,B18,DATOS!K:K,7) -> 0 | S18: =COUNTIFS(DATOS!G:G,CONFIG_METADATA!$B$4,DATOS!I:I,B18,DATOS!K:K,8) -> 0 | T18: =COUNTIFS(DATOS!G:G,CONFIG_METADATA!$B$4,DATOS!I:I,B18,DATOS!K:K,9) -> 0 | U18: =COUNTIFS(DATOS!G:G,CONFIG_METADATA!$B$4,DATOS!I:I,B18,DATOS!K:K,10) -> 0
A19: GLOBAL | B19: {=IFERROR(INDEX(_xlfn._xlws.FILTER(CONFIG_ASIGNATURAS!$B$2:$B$61,CONFIG_ASIGNATURAS!$G$2:$G$61="Sí"),15),"")} | C19: =IF(B19="","",IFERROR(IF(VLOOKUP(B19,CONFIG_ASIGNATURAS!$B$2:$F$61,5,FALSE())="Sí","Especialidad","Asignatura"),"Asignatura")) | D19: =COUNTIFS(DATOS!G:G,CONFIG_METADATA!$B$4,DATOS!I:I,B19) -> 0 | E19: =IFERROR(AVERAGEIFS(DATOS!K:K,DATOS!G:G,CONFIG_METADATA!$B$4,DATOS!I:I,B19),"—") -> — | F19: {=IFERROR(_xlfn.STDEV.P(IF((nEVAL=CONFIG_METADATA!$B$4)*(nASIG=B19),nNOTA)),"—")} -> — | G19: {=IFERROR(_xlfn.MODE.SNGL(IF((nEVAL=CONFIG_METADATA!$B$4)*(nASIG=B19),nNOTA)),"—")} -> — | H19: =IFERROR(COUNTIFS(DATOS!G:G,CONFIG_METADATA!$B$4,DATOS!I:I,B19,DATOS!L:L,"S")/COUNTIFS(DATOS!G:G,CONFIG_METADATA!$B$4,DATOS!I:I,B19),"—") -> — | I19: =IFERROR(COUNTIFS(DATOS!G:G,CONFIG_METADATA!$B$4,DATOS!I:I,B19,DATOS!L:L,"N")/COUNTIFS(DATOS!G:G,CONFIG_METADATA!$B$4,DATOS!I:I,B19),"—") -> — | J19: {=IFERROR(_xlfn.MODE.SNGL(IF((nEVAL=CONFIG_METADATA!$B$4)*(nASIG=B19)*(nAPTO="S"),nNOTA)),"—")} -> — | K19: {=IFERROR(_xlfn.MODE.SNGL(IF((nEVAL=CONFIG_METADATA!$B$4)*(nASIG=B19)*(nAPTO="N"),nNOTA)),"—")} -> — | L19: =COUNTIFS(DATOS!G:G,CONFIG_METADATA!$B$4,DATOS!I:I,B19,DATOS!K:K,1) -> 0 | M19: =COUNTIFS(DATOS!G:G,CONFIG_METADATA!$B$4,DATOS!I:I,B19,DATOS!K:K,2) -> 0 | N19: =COUNTIFS(DATOS!G:G,CONFIG_METADATA!$B$4,DATOS!I:I,B19,DATOS!K:K,3) -> 0 | O19: =COUNTIFS(DATOS!G:G,CONFIG_METADATA!$B$4,DATOS!I:I,B19,DATOS!K:K,4) -> 0 | P19: =COUNTIFS(DATOS!G:G,CONFIG_METADATA!$B$4,DATOS!I:I,B19,DATOS!K:K,5) -> 0 | Q19: =COUNTIFS(DATOS!G:G,CONFIG_METADATA!$B$4,DATOS!I:I,B19,DATOS!K:K,6) -> 0 | R19: =COUNTIFS(DATOS!G:G,CONFIG_METADATA!$B$4,DATOS!I:I,B19,DATOS!K:K,7) -> 0 | S19: =COUNTIFS(DATOS!G:G,CONFIG_METADATA!$B$4,DATOS!I:I,B19,DATOS!K:K,8) -> 0 | T19: =COUNTIFS(DATOS!G:G,CONFIG_METADATA!$B$4,DATOS!I:I,B19,DATOS!K:K,9) -> 0 | U19: =COUNTIFS(DATOS!G:G,CONFIG_METADATA!$B$4,DATOS!I:I,B19,DATOS!K:K,10) -> 0
A20: GLOBAL | B20: {=IFERROR(INDEX(_xlfn._xlws.FILTER(CONFIG_ASIGNATURAS!$B$2:$B$61,CONFIG_ASIGNATURAS!$G$2:$G$61="Sí"),16),"")} | C20: =IF(B20="","",IFERROR(IF(VLOOKUP(B20,CONFIG_ASIGNATURAS!$B$2:$F$61,5,FALSE())="Sí","Especialidad","Asignatura"),"Asignatura")) | D20: =COUNTIFS(DATOS!G:G,CONFIG_METADATA!$B$4,DATOS!I:I,B20) -> 0 | E20: =IFERROR(AVERAGEIFS(DATOS!K:K,DATOS!G:G,CONFIG_METADATA!$B$4,DATOS!I:I,B20),"—") -> — | F20: {=IFERROR(_xlfn.STDEV.P(IF((nEVAL=CONFIG_METADATA!$B$4)*(nASIG=B20),nNOTA)),"—")} -> — | G20: {=IFERROR(_xlfn.MODE.SNGL(IF((nEVAL=CONFIG_METADATA!$B$4)*(nASIG=B20),nNOTA)),"—")} -> — | H20: =IFERROR(COUNTIFS(DATOS!G:G,CONFIG_METADATA!$B$4,DATOS!I:I,B20,DATOS!L:L,"S")/COUNTIFS(DATOS!G:G,CONFIG_METADATA!$B$4,DATOS!I:I,B20),"—") -> — | I20: =IFERROR(COUNTIFS(DATOS!G:G,CONFIG_METADATA!$B$4,DATOS!I:I,B20,DATOS!L:L,"N")/COUNTIFS(DATOS!G:G,CONFIG_METADATA!$B$4,DATOS!I:I,B20),"—") -> — | J20: {=IFERROR(_xlfn.MODE.SNGL(IF((nEVAL=CONFIG_METADATA!$B$4)*(nASIG=B20)*(nAPTO="S"),nNOTA)),"—")} -> — | K20: {=IFERROR(_xlfn.MODE.SNGL(IF((nEVAL=CONFIG_METADATA!$B$4)*(nASIG=B20)*(nAPTO="N"),nNOTA)),"—")} -> — | L20: =COUNTIFS(DATOS!G:G,CONFIG_METADATA!$B$4,DATOS!I:I,B20,DATOS!K:K,1) -> 0 | M20: =COUNTIFS(DATOS!G:G,CONFIG_METADATA!$B$4,DATOS!I:I,B20,DATOS!K:K,2) -> 0 | N20: =COUNTIFS(DATOS!G:G,CONFIG_METADATA!$B$4,DATOS!I:I,B20,DATOS!K:K,3) -> 0 | O20: =COUNTIFS(DATOS!G:G,CONFIG_METADATA!$B$4,DATOS!I:I,B20,DATOS!K:K,4) -> 0 | P20: =COUNTIFS(DATOS!G:G,CONFIG_METADATA!$B$4,DATOS!I:I,B20,DATOS!K:K,5) -> 0 | Q20: =COUNTIFS(DATOS!G:G,CONFIG_METADATA!$B$4,DATOS!I:I,B20,DATOS!K:K,6) -> 0 | R20: =COUNTIFS(DATOS!G:G,CONFIG_METADATA!$B$4,DATOS!I:I,B20,DATOS!K:K,7) -> 0 | S20: =COUNTIFS(DATOS!G:G,CONFIG_METADATA!$B$4,DATOS!I:I,B20,DATOS!K:K,8) -> 0 | T20: =COUNTIFS(DATOS!G:G,CONFIG_METADATA!$B$4,DATOS!I:I,B20,DATOS!K:K,9) -> 0 | U20: =COUNTIFS(DATOS!G:G,CONFIG_METADATA!$B$4,DATOS!I:I,B20,DATOS!K:K,10) -> 0
A21: GLOBAL | B21: {=IFERROR(INDEX(_xlfn._xlws.FILTER(CONFIG_ASIGNATURAS!$B$2:$B$61,CONFIG_ASIGNATURAS!$G$2:$G$61="Sí"),17),"")} | C21: =IF(B21="","",IFERROR(IF(VLOOKUP(B21,CONFIG_ASIGNATURAS!$B$2:$F$61,5,FALSE())="Sí","Especialidad","Asignatura"),"Asignatura")) | D21: =COUNTIFS(DATOS!G:G,CONFIG_METADATA!$B$4,DATOS!I:I,B21) -> 0 | E21: =IFERROR(AVERAGEIFS(DATOS!K:K,DATOS!G:G,CONFIG_METADATA!$B$4,DATOS!I:I,B21),"—") -> — | F21: {=IFERROR(_xlfn.STDEV.P(IF((nEVAL=CONFIG_METADATA!$B$4)*(nASIG=B21),nNOTA)),"—")} -> — | G21: {=IFERROR(_xlfn.MODE.SNGL(IF((nEVAL=CONFIG_METADATA!$B$4)*(nASIG=B21),nNOTA)),"—")} -> — | H21: =IFERROR(COUNTIFS(DATOS!G:G,CONFIG_METADATA!$B$4,DATOS!I:I,B21,DATOS!L:L,"S")/COUNTIFS(DATOS!G:G,CONFIG_METADATA!$B$4,DATOS!I:I,B21),"—") -> — | I21: =IFERROR(COUNTIFS(DATOS!G:G,CONFIG_METADATA!$B$4,DATOS!I:I,B21,DATOS!L:L,"N")/COUNTIFS(DATOS!G:G,CONFIG_METADATA!$B$4,DATOS!I:I,B21),"—") -> — | J21: {=IFERROR(_xlfn.MODE.SNGL(IF((nEVAL=CONFIG_METADATA!$B$4)*(nASIG=B21)*(nAPTO="S"),nNOTA)),"—")} -> — | K21: {=IFERROR(_xlfn.MODE.SNGL(IF((nEVAL=CONFIG_METADATA!$B$4)*(nASIG=B21)*(nAPTO="N"),nNOTA)),"—")} -> — | L21: =COUNTIFS(DATOS!G:G,CONFIG_METADATA!$B$4,DATOS!I:I,B21,DATOS!K:K,1) -> 0 | M21: =COUNTIFS(DATOS!G:G,CONFIG_METADATA!$B$4,DATOS!I:I,B21,DATOS!K:K,2) -> 0 | N21: =COUNTIFS(DATOS!G:G,CONFIG_METADATA!$B$4,DATOS!I:I,B21,DATOS!K:K,3) -> 0 | O21: =COUNTIFS(DATOS!G:G,CONFIG_METADATA!$B$4,DATOS!I:I,B21,DATOS!K:K,4) -> 0 | P21: =COUNTIFS(DATOS!G:G,CONFIG_METADATA!$B$4,DATOS!I:I,B21,DATOS!K:K,5) -> 0 | Q21: =COUNTIFS(DATOS!G:G,CONFIG_METADATA!$B$4,DATOS!I:I,B21,DATOS!K:K,6) -> 0 | R21: =COUNTIFS(DATOS!G:G,CONFIG_METADATA!$B$4,DATOS!I:I,B21,DATOS!K:K,7) -> 0 | S21: =COUNTIFS(DATOS!G:G,CONFIG_METADATA!$B$4,DATOS!I:I,B21,DATOS!K:K,8) -> 0 | T21: =COUNTIFS(DATOS!G:G,CONFIG_METADATA!$B$4,DATOS!I:I,B21,DATOS!K:K,9) -> 0 | U21: =COUNTIFS(DATOS!G:G,CONFIG_METADATA!$B$4,DATOS!I:I,B21,DATOS!K:K,10) -> 0
A22: GLOBAL | B22: {=IFERROR(INDEX(_xlfn._xlws.FILTER(CONFIG_ASIGNATURAS!$B$2:$B$61,CONFIG_ASIGNATURAS!$G$2:$G$61="Sí"),18),"")} | C22: =IF(B22="","",IFERROR(IF(VLOOKUP(B22,CONFIG_ASIGNATURAS!$B$2:$F$61,5,FALSE())="Sí","Especialidad","Asignatura"),"Asignatura")) | D22: =COUNTIFS(DATOS!G:G,CONFIG_METADATA!$B$4,DATOS!I:I,B22) -> 0 | E22: =IFERROR(AVERAGEIFS(DATOS!K:K,DATOS!G:G,CONFIG_METADATA!$B$4,DATOS!I:I,B22),"—") -> — | F22: {=IFERROR(_xlfn.STDEV.P(IF((nEVAL=CONFIG_METADATA!$B$4)*(nASIG=B22),nNOTA)),"—")} -> — | G22: {=IFERROR(_xlfn.MODE.SNGL(IF((nEVAL=CONFIG_METADATA!$B$4)*(nASIG=B22),nNOTA)),"—")} -> — | H22: =IFERROR(COUNTIFS(DATOS!G:G,CONFIG_METADATA!$B$4,DATOS!I:I,B22,DATOS!L:L,"S")/COUNTIFS(DATOS!G:G,CONFIG_METADATA!$B$4,DATOS!I:I,B22),"—") -> — | I22: =IFERROR(COUNTIFS(DATOS!G:G,CONFIG_METADATA!$B$4,DATOS!I:I,B22,DATOS!L:L,"N")/COUNTIFS(DATOS!G:G,CONFIG_METADATA!$B$4,DATOS!I:I,B22),"—") -> — | J22: {=IFERROR(_xlfn.MODE.SNGL(IF((nEVAL=CONFIG_METADATA!$B$4)*(nASIG=B22)*(nAPTO="S"),nNOTA)),"—")} -> — | K22: {=IFERROR(_xlfn.MODE.SNGL(IF((nEVAL=CONFIG_METADATA!$B$4)*(nASIG=B22)*(nAPTO="N"),nNOTA)),"—")} -> — | L22: =COUNTIFS(DATOS!G:G,CONFIG_METADATA!$B$4,DATOS!I:I,B22,DATOS!K:K,1) -> 0 | M22: =COUNTIFS(DATOS!G:G,CONFIG_METADATA!$B$4,DATOS!I:I,B22,DATOS!K:K,2) -> 0 | N22: =COUNTIFS(DATOS!G:G,CONFIG_METADATA!$B$4,DATOS!I:I,B22,DATOS!K:K,3) -> 0 | O22: =COUNTIFS(DATOS!G:G,CONFIG_METADATA!$B$4,DATOS!I:I,B22,DATOS!K:K,4) -> 0 | P22: =COUNTIFS(DATOS!G:G,CONFIG_METADATA!$B$4,DATOS!I:I,B22,DATOS!K:K,5) -> 0 | Q22: =COUNTIFS(DATOS!G:G,CONFIG_METADATA!$B$4,DATOS!I:I,B22,DATOS!K:K,6) -> 0 | R22: =COUNTIFS(DATOS!G:G,CONFIG_METADATA!$B$4,DATOS!I:I,B22,DATOS!K:K,7) -> 0 | S22: =COUNTIFS(DATOS!G:G,CONFIG_METADATA!$B$4,DATOS!I:I,B22,DATOS!K:K,8) -> 0 | T22: =COUNTIFS(DATOS!G:G,CONFIG_METADATA!$B$4,DATOS!I:I,B22,DATOS!K:K,9) -> 0 | U22: =COUNTIFS(DATOS!G:G,CONFIG_METADATA!$B$4,DATOS!I:I,B22,DATOS!K:K,10) -> 0
A23: GLOBAL | B23: {=IFERROR(INDEX(_xlfn._xlws.FILTER(CONFIG_ASIGNATURAS!$B$2:$B$61,CONFIG_ASIGNATURAS!$G$2:$G$61="Sí"),19),"")} | C23: =IF(B23="","",IFERROR(IF(VLOOKUP(B23,CONFIG_ASIGNATURAS!$B$2:$F$61,5,FALSE())="Sí","Especialidad","Asignatura"),"Asignatura")) | D23: =COUNTIFS(DATOS!G:G,CONFIG_METADATA!$B$4,DATOS!I:I,B23) -> 0 | E23: =IFERROR(AVERAGEIFS(DATOS!K:K,DATOS!G:G,CONFIG_METADATA!$B$4,DATOS!I:I,B23),"—") -> — | F23: {=IFERROR(_xlfn.STDEV.P(IF((nEVAL=CONFIG_METADATA!$B$4)*(nASIG=B23),nNOTA)),"—")} -> — | G23: {=IFERROR(_xlfn.MODE.SNGL(IF((nEVAL=CONFIG_METADATA!$B$4)*(nASIG=B23),nNOTA)),"—")} -> — | H23: =IFERROR(COUNTIFS(DATOS!G:G,CONFIG_METADATA!$B$4,DATOS!I:I,B23,DATOS!L:L,"S")/COUNTIFS(DATOS!G:G,CONFIG_METADATA!$B$4,DATOS!I:I,B23),"—") -> — | I23: =IFERROR(COUNTIFS(DATOS!G:G,CONFIG_METADATA!$B$4,DATOS!I:I,B23,DATOS!L:L,"N")/COUNTIFS(DATOS!G:G,CONFIG_METADATA!$B$4,DATOS!I:I,B23),"—") -> — | J23: {=IFERROR(_xlfn.MODE.SNGL(IF((nEVAL=CONFIG_METADATA!$B$4)*(nASIG=B23)*(nAPTO="S"),nNOTA)),"—")} -> — | K23: {=IFERROR(_xlfn.MODE.SNGL(IF((nEVAL=CONFIG_METADATA!$B$4)*(nASIG=B23)*(nAPTO="N"),nNOTA)),"—")} -> — | L23: =COUNTIFS(DATOS!G:G,CONFIG_METADATA!$B$4,DATOS!I:I,B23,DATOS!K:K,1) -> 0 | M23: =COUNTIFS(DATOS!G:G,CONFIG_METADATA!$B$4,DATOS!I:I,B23,DATOS!K:K,2) -> 0 | N23: =COUNTIFS(DATOS!G:G,CONFIG_METADATA!$B$4,DATOS!I:I,B23,DATOS!K:K,3) -> 0 | O23: =COUNTIFS(DATOS!G:G,CONFIG_METADATA!$B$4,DATOS!I:I,B23,DATOS!K:K,4) -> 0 | P23: =COUNTIFS(DATOS!G:G,CONFIG_METADATA!$B$4,DATOS!I:I,B23,DATOS!K:K,5) -> 0 | Q23: =COUNTIFS(DATOS!G:G,CONFIG_METADATA!$B$4,DATOS!I:I,B23,DATOS!K:K,6) -> 0 | R23: =COUNTIFS(DATOS!G:G,CONFIG_METADATA!$B$4,DATOS!I:I,B23,DATOS!K:K,7) -> 0 | S23: =COUNTIFS(DATOS!G:G,CONFIG_METADATA!$B$4,DATOS!I:I,B23,DATOS!K:K,8) -> 0 | T23: =COUNTIFS(DATOS!G:G,CONFIG_METADATA!$B$4,DATOS!I:I,B23,DATOS!K:K,9) -> 0 | U23: =COUNTIFS(DATOS!G:G,CONFIG_METADATA!$B$4,DATOS!I:I,B23,DATOS!K:K,10) -> 0
A24: GLOBAL | B24: {=IFERROR(INDEX(_xlfn._xlws.FILTER(CONFIG_ASIGNATURAS!$B$2:$B$61,CONFIG_ASIGNATURAS!$G$2:$G$61="Sí"),20),"")} | C24: =IF(B24="","",IFERROR(IF(VLOOKUP(B24,CONFIG_ASIGNATURAS!$B$2:$F$61,5,FALSE())="Sí","Especialidad","Asignatura"),"Asignatura")) | D24: =COUNTIFS(DATOS!G:G,CONFIG_METADATA!$B$4,DATOS!I:I,B24) -> 0 | E24: =IFERROR(AVERAGEIFS(DATOS!K:K,DATOS!G:G,CONFIG_METADATA!$B$4,DATOS!I:I,B24),"—") -> — | F24: {=IFERROR(_xlfn.STDEV.P(IF((nEVAL=CONFIG_METADATA!$B$4)*(nASIG=B24),nNOTA)),"—")} -> — | G24: {=IFERROR(_xlfn.MODE.SNGL(IF((nEVAL=CONFIG_METADATA!$B$4)*(nASIG=B24),nNOTA)),"—")} -> — | H24: =IFERROR(COUNTIFS(DATOS!G:G,CONFIG_METADATA!$B$4,DATOS!I:I,B24,DATOS!L:L,"S")/COUNTIFS(DATOS!G:G,CONFIG_METADATA!$B$4,DATOS!I:I,B24),"—") -> — | I24: =IFERROR(COUNTIFS(DATOS!G:G,CONFIG_METADATA!$B$4,DATOS!I:I,B24,DATOS!L:L,"N")/COUNTIFS(DATOS!G:G,CONFIG_METADATA!$B$4,DATOS!I:I,B24),"—") -> — | J24: {=IFERROR(_xlfn.MODE.SNGL(IF((nEVAL=CONFIG_METADATA!$B$4)*(nASIG=B24)*(nAPTO="S"),nNOTA)),"—")} -> — | K24: {=IFERROR(_xlfn.MODE.SNGL(IF((nEVAL=CONFIG_METADATA!$B$4)*(nASIG=B24)*(nAPTO="N"),nNOTA)),"—")} -> — | L24: =COUNTIFS(DATOS!G:G,CONFIG_METADATA!$B$4,DATOS!I:I,B24,DATOS!K:K,1) -> 0 | M24: =COUNTIFS(DATOS!G:G,CONFIG_METADATA!$B$4,DATOS!I:I,B24,DATOS!K:K,2) -> 0 | N24: =COUNTIFS(DATOS!G:G,CONFIG_METADATA!$B$4,DATOS!I:I,B24,DATOS!K:K,3) -> 0 | O24: =COUNTIFS(DATOS!G:G,CONFIG_METADATA!$B$4,DATOS!I:I,B24,DATOS!K:K,4) -> 0 | P24: =COUNTIFS(DATOS!G:G,CONFIG_METADATA!$B$4,DATOS!I:I,B24,DATOS!K:K,5) -> 0 | Q24: =COUNTIFS(DATOS!G:G,CONFIG_METADATA!$B$4,DATOS!I:I,B24,DATOS!K:K,6) -> 0 | R24: =COUNTIFS(DATOS!G:G,CONFIG_METADATA!$B$4,DATOS!I:I,B24,DATOS!K:K,7) -> 0 | S24: =COUNTIFS(DATOS!G:G,CONFIG_METADATA!$B$4,DATOS!I:I,B24,DATOS!K:K,8) -> 0 | T24: =COUNTIFS(DATOS!G:G,CONFIG_METADATA!$B$4,DATOS!I:I,B24,DATOS!K:K,9) -> 0 | U24: =COUNTIFS(DATOS!G:G,CONFIG_METADATA!$B$4,DATOS!I:I,B24,DATOS!K:K,10) -> 0
A25: GLOBAL | B25: {=IFERROR(INDEX(_xlfn._xlws.FILTER(CONFIG_ASIGNATURAS!$B$2:$B$61,CONFIG_ASIGNATURAS!$G$2:$G$61="Sí"),21),"")} | C25: =IF(B25="","",IFERROR(IF(VLOOKUP(B25,CONFIG_ASIGNATURAS!$B$2:$F$61,5,FALSE())="Sí","Especialidad","Asignatura"),"Asignatura")) | D25: =COUNTIFS(DATOS!G:G,CONFIG_METADATA!$B$4,DATOS!I:I,B25) -> 0 | E25: =IFERROR(AVERAGEIFS(DATOS!K:K,DATOS!G:G,CONFIG_METADATA!$B$4,DATOS!I:I,B25),"—") -> — | F25: {=IFERROR(_xlfn.STDEV.P(IF((nEVAL=CONFIG_METADATA!$B$4)*(nASIG=B25),nNOTA)),"—")} -> — | G25: {=IFERROR(_xlfn.MODE.SNGL(IF((nEVAL=CONFIG_METADATA!$B$4)*(nASIG=B25),nNOTA)),"—")} -> — | H25: =IFERROR(COUNTIFS(DATOS!G:G,CONFIG_METADATA!$B$4,DATOS!I:I,B25,DATOS!L:L,"S")/COUNTIFS(DATOS!G:G,CONFIG_METADATA!$B$4,DATOS!I:I,B25),"—") -> — | I25: =IFERROR(COUNTIFS(DATOS!G:G,CONFIG_METADATA!$B$4,DATOS!I:I,B25,DATOS!L:L,"N")/COUNTIFS(DATOS!G:G,CONFIG_METADATA!$B$4,DATOS!I:I,B25),"—") -> — | J25: {=IFERROR(_xlfn.MODE.SNGL(IF((nEVAL=CONFIG_METADATA!$B$4)*(nASIG=B25)*(nAPTO="S"),nNOTA)),"—")} -> — | K25: {=IFERROR(_xlfn.MODE.SNGL(IF((nEVAL=CONFIG_METADATA!$B$4)*(nASIG=B25)*(nAPTO="N"),nNOTA)),"—")} -> — | L25: =COUNTIFS(DATOS!G:G,CONFIG_METADATA!$B$4,DATOS!I:I,B25,DATOS!K:K,1) -> 0 | M25: =COUNTIFS(DATOS!G:G,CONFIG_METADATA!$B$4,DATOS!I:I,B25,DATOS!K:K,2) -> 0 | N25: =COUNTIFS(DATOS!G:G,CONFIG_METADATA!$B$4,DATOS!I:I,B25,DATOS!K:K,3) -> 0 | O25: =COUNTIFS(DATOS!G:G,CONFIG_METADATA!$B$4,DATOS!I:I,B25,DATOS!K:K,4) -> 0 | P25: =COUNTIFS(DATOS!G:G,CONFIG_METADATA!$B$4,DATOS!I:I,B25,DATOS!K:K,5) -> 0 | Q25: =COUNTIFS(DATOS!G:G,CONFIG_METADATA!$B$4,DATOS!I:I,B25,DATOS!K:K,6) -> 0 | R25: =COUNTIFS(DATOS!G:G,CONFIG_METADATA!$B$4,DATOS!I:I,B25,DATOS!K:K,7) -> 0 | S25: =COUNTIFS(DATOS!G:G,CONFIG_METADATA!$B$4,DATOS!I:I,B25,DATOS!K:K,8) -> 0 | T25: =COUNTIFS(DATOS!G:G,CONFIG_METADATA!$B$4,DATOS!I:I,B25,DATOS!K:K,9) -> 0 | U25: =COUNTIFS(DATOS!G:G,CONFIG_METADATA!$B$4,DATOS!I:I,B25,DATOS!K:K,10) -> 0
A26: GLOBAL | B26: {=IFERROR(INDEX(_xlfn._xlws.FILTER(CONFIG_ASIGNATURAS!$B$2:$B$61,CONFIG_ASIGNATURAS!$G$2:$G$61="Sí"),22),"")} | C26: =IF(B26="","",IFERROR(IF(VLOOKUP(B26,CONFIG_ASIGNATURAS!$B$2:$F$61,5,FALSE())="Sí","Especialidad","Asignatura"),"Asignatura")) | D26: =COUNTIFS(DATOS!G:G,CONFIG_METADATA!$B$4,DATOS!I:I,B26) -> 0 | E26: =IFERROR(AVERAGEIFS(DATOS!K:K,DATOS!G:G,CONFIG_METADATA!$B$4,DATOS!I:I,B26),"—") -> — | F26: {=IFERROR(_xlfn.STDEV.P(IF((nEVAL=CONFIG_METADATA!$B$4)*(nASIG=B26),nNOTA)),"—")} -> — | G26: {=IFERROR(_xlfn.MODE.SNGL(IF((nEVAL=CONFIG_METADATA!$B$4)*(nASIG=B26),nNOTA)),"—")} -> — | H26: =IFERROR(COUNTIFS(DATOS!G:G,CONFIG_METADATA!$B$4,DATOS!I:I,B26,DATOS!L:L,"S")/COUNTIFS(DATOS!G:G,CONFIG_METADATA!$B$4,DATOS!I:I,B26),"—") -> — | I26: =IFERROR(COUNTIFS(DATOS!G:G,CONFIG_METADATA!$B$4,DATOS!I:I,B26,DATOS!L:L,"N")/COUNTIFS(DATOS!G:G,CONFIG_METADATA!$B$4,DATOS!I:I,B26),"—") -> — | J26: {=IFERROR(_xlfn.MODE.SNGL(IF((nEVAL=CONFIG_METADATA!$B$4)*(nASIG=B26)*(nAPTO="S"),nNOTA)),"—")} -> — | K26: {=IFERROR(_xlfn.MODE.SNGL(IF((nEVAL=CONFIG_METADATA!$B$4)*(nASIG=B26)*(nAPTO="N"),nNOTA)),"—")} -> — | L26: =COUNTIFS(DATOS!G:G,CONFIG_METADATA!$B$4,DATOS!I:I,B26,DATOS!K:K,1) -> 0 | M26: =COUNTIFS(DATOS!G:G,CONFIG_METADATA!$B$4,DATOS!I:I,B26,DATOS!K:K,2) -> 0 | N26: =COUNTIFS(DATOS!G:G,CONFIG_METADATA!$B$4,DATOS!I:I,B26,DATOS!K:K,3) -> 0 | O26: =COUNTIFS(DATOS!G:G,CONFIG_METADATA!$B$4,DATOS!I:I,B26,DATOS!K:K,4) -> 0 | P26: =COUNTIFS(DATOS!G:G,CONFIG_METADATA!$B$4,DATOS!I:I,B26,DATOS!K:K,5) -> 0 | Q26: =COUNTIFS(DATOS!G:G,CONFIG_METADATA!$B$4,DATOS!I:I,B26,DATOS!K:K,6) -> 0 | R26: =COUNTIFS(DATOS!G:G,CONFIG_METADATA!$B$4,DATOS!I:I,B26,DATOS!K:K,7) -> 0 | S26: =COUNTIFS(DATOS!G:G,CONFIG_METADATA!$B$4,DATOS!I:I,B26,DATOS!K:K,8) -> 0 | T26: =COUNTIFS(DATOS!G:G,CONFIG_METADATA!$B$4,DATOS!I:I,B26,DATOS!K:K,9) -> 0 | U26: =COUNTIFS(DATOS!G:G,CONFIG_METADATA!$B$4,DATOS!I:I,B26,DATOS!K:K,10) -> 0
A27: GLOBAL | B27: {=IFERROR(INDEX(_xlfn._xlws.FILTER(CONFIG_ASIGNATURAS!$B$2:$B$61,CONFIG_ASIGNATURAS!$G$2:$G$61="Sí"),23),"")} | C27: =IF(B27="","",IFERROR(IF(VLOOKUP(B27,CONFIG_ASIGNATURAS!$B$2:$F$61,5,FALSE())="Sí","Especialidad","Asignatura"),"Asignatura")) | D27: =COUNTIFS(DATOS!G:G,CONFIG_METADATA!$B$4,DATOS!I:I,B27) -> 0 | E27: =IFERROR(AVERAGEIFS(DATOS!K:K,DATOS!G:G,CONFIG_METADATA!$B$4,DATOS!I:I,B27),"—") -> — | F27: {=IFERROR(_xlfn.STDEV.P(IF((nEVAL=CONFIG_METADATA!$B$4)*(nASIG=B27),nNOTA)),"—")} -> — | G27: {=IFERROR(_xlfn.MODE.SNGL(IF((nEVAL=CONFIG_METADATA!$B$4)*(nASIG=B27),nNOTA)),"—")} -> — | H27: =IFERROR(COUNTIFS(DATOS!G:G,CONFIG_METADATA!$B$4,DATOS!I:I,B27,DATOS!L:L,"S")/COUNTIFS(DATOS!G:G,CONFIG_METADATA!$B$4,DATOS!I:I,B27),"—") -> — | I27: =IFERROR(COUNTIFS(DATOS!G:G,CONFIG_METADATA!$B$4,DATOS!I:I,B27,DATOS!L:L,"N")/COUNTIFS(DATOS!G:G,CONFIG_METADATA!$B$4,DATOS!I:I,B27),"—") -> — | J27: {=IFERROR(_xlfn.MODE.SNGL(IF((nEVAL=CONFIG_METADATA!$B$4)*(nASIG=B27)*(nAPTO="S"),nNOTA)),"—")} -> — | K27: {=IFERROR(_xlfn.MODE.SNGL(IF((nEVAL=CONFIG_METADATA!$B$4)*(nASIG=B27)*(nAPTO="N"),nNOTA)),"—")} -> — | L27: =COUNTIFS(DATOS!G:G,CONFIG_METADATA!$B$4,DATOS!I:I,B27,DATOS!K:K,1) -> 0 | M27: =COUNTIFS(DATOS!G:G,CONFIG_METADATA!$B$4,DATOS!I:I,B27,DATOS!K:K,2) -> 0 | N27: =COUNTIFS(DATOS!G:G,CONFIG_METADATA!$B$4,DATOS!I:I,B27,DATOS!K:K,3) -> 0 | O27: =COUNTIFS(DATOS!G:G,CONFIG_METADATA!$B$4,DATOS!I:I,B27,DATOS!K:K,4) -> 0 | P27: =COUNTIFS(DATOS!G:G,CONFIG_METADATA!$B$4,DATOS!I:I,B27,DATOS!K:K,5) -> 0 | Q27: =COUNTIFS(DATOS!G:G,CONFIG_METADATA!$B$4,DATOS!I:I,B27,DATOS!K:K,6) -> 0 | R27: =COUNTIFS(DATOS!G:G,CONFIG_METADATA!$B$4,DATOS!I:I,B27,DATOS!K:K,7) -> 0 | S27: =COUNTIFS(DATOS!G:G,CONFIG_METADATA!$B$4,DATOS!I:I,B27,DATOS!K:K,8) -> 0 | T27: =COUNTIFS(DATOS!G:G,CONFIG_METADATA!$B$4,DATOS!I:I,B27,DATOS!K:K,9) -> 0 | U27: =COUNTIFS(DATOS!G:G,CONFIG_METADATA!$B$4,DATOS!I:I,B27,DATOS!K:K,10) -> 0
A28: GLOBAL | B28: {=IFERROR(INDEX(_xlfn._xlws.FILTER(CONFIG_ASIGNATURAS!$B$2:$B$61,CONFIG_ASIGNATURAS!$G$2:$G$61="Sí"),24),"")} | C28: =IF(B28="","",IFERROR(IF(VLOOKUP(B28,CONFIG_ASIGNATURAS!$B$2:$F$61,5,FALSE())="Sí","Especialidad","Asignatura"),"Asignatura")) | D28: =COUNTIFS(DATOS!G:G,CONFIG_METADATA!$B$4,DATOS!I:I,B28) -> 0 | E28: =IFERROR(AVERAGEIFS(DATOS!K:K,DATOS!G:G,CONFIG_METADATA!$B$4,DATOS!I:I,B28),"—") -> — | F28: {=IFERROR(_xlfn.STDEV.P(IF((nEVAL=CONFIG_METADATA!$B$4)*(nASIG=B28),nNOTA)),"—")} -> — | G28: {=IFERROR(_xlfn.MODE.SNGL(IF((nEVAL=CONFIG_METADATA!$B$4)*(nASIG=B28),nNOTA)),"—")} -> — | H28: =IFERROR(COUNTIFS(DATOS!G:G,CONFIG_METADATA!$B$4,DATOS!I:I,B28,DATOS!L:L,"S")/COUNTIFS(DATOS!G:G,CONFIG_METADATA!$B$4,DATOS!I:I,B28),"—") -> — | I28: =IFERROR(COUNTIFS(DATOS!G:G,CONFIG_METADATA!$B$4,DATOS!I:I,B28,DATOS!L:L,"N")/COUNTIFS(DATOS!G:G,CONFIG_METADATA!$B$4,DATOS!I:I,B28),"—") -> — | J28: {=IFERROR(_xlfn.MODE.SNGL(IF((nEVAL=CONFIG_METADATA!$B$4)*(nASIG=B28)*(nAPTO="S"),nNOTA)),"—")} -> — | K28: {=IFERROR(_xlfn.MODE.SNGL(IF((nEVAL=CONFIG_METADATA!$B$4)*(nASIG=B28)*(nAPTO="N"),nNOTA)),"—")} -> — | L28: =COUNTIFS(DATOS!G:G,CONFIG_METADATA!$B$4,DATOS!I:I,B28,DATOS!K:K,1) -> 0 | M28: =COUNTIFS(DATOS!G:G,CONFIG_METADATA!$B$4,DATOS!I:I,B28,DATOS!K:K,2) -> 0 | N28: =COUNTIFS(DATOS!G:G,CONFIG_METADATA!$B$4,DATOS!I:I,B28,DATOS!K:K,3) -> 0 | O28: =COUNTIFS(DATOS!G:G,CONFIG_METADATA!$B$4,DATOS!I:I,B28,DATOS!K:K,4) -> 0 | P28: =COUNTIFS(DATOS!G:G,CONFIG_METADATA!$B$4,DATOS!I:I,B28,DATOS!K:K,5) -> 0 | Q28: =COUNTIFS(DATOS!G:G,CONFIG_METADATA!$B$4,DATOS!I:I,B28,DATOS!K:K,6) -> 0 | R28: =COUNTIFS(DATOS!G:G,CONFIG_METADATA!$B$4,DATOS!I:I,B28,DATOS!K:K,7) -> 0 | S28: =COUNTIFS(DATOS!G:G,CONFIG_METADATA!$B$4,DATOS!I:I,B28,DATOS!K:K,8) -> 0 | T28: =COUNTIFS(DATOS!G:G,CONFIG_METADATA!$B$4,DATOS!I:I,B28,DATOS!K:K,9) -> 0 | U28: =COUNTIFS(DATOS!G:G,CONFIG_METADATA!$B$4,DATOS!I:I,B28,DATOS!K:K,10) -> 0
A29: GLOBAL | B29: {=IFERROR(INDEX(_xlfn._xlws.FILTER(CONFIG_ASIGNATURAS!$B$2:$B$61,CONFIG_ASIGNATURAS!$G$2:$G$61="Sí"),25),"")} | C29: =IF(B29="","",IFERROR(IF(VLOOKUP(B29,CONFIG_ASIGNATURAS!$B$2:$F$61,5,FALSE())="Sí","Especialidad","Asignatura"),"Asignatura")) | D29: =COUNTIFS(DATOS!G:G,CONFIG_METADATA!$B$4,DATOS!I:I,B29) -> 0 | E29: =IFERROR(AVERAGEIFS(DATOS!K:K,DATOS!G:G,CONFIG_METADATA!$B$4,DATOS!I:I,B29),"—") -> — | F29: {=IFERROR(_xlfn.STDEV.P(IF((nEVAL=CONFIG_METADATA!$B$4)*(nASIG=B29),nNOTA)),"—")} -> — | G29: {=IFERROR(_xlfn.MODE.SNGL(IF((nEVAL=CONFIG_METADATA!$B$4)*(nASIG=B29),nNOTA)),"—")} -> — | H29: =IFERROR(COUNTIFS(DATOS!G:G,CONFIG_METADATA!$B$4,DATOS!I:I,B29,DATOS!L:L,"S")/COUNTIFS(DATOS!G:G,CONFIG_METADATA!$B$4,DATOS!I:I,B29),"—") -> — | I29: =IFERROR(COUNTIFS(DATOS!G:G,CONFIG_METADATA!$B$4,DATOS!I:I,B29,DATOS!L:L,"N")/COUNTIFS(DATOS!G:G,CONFIG_METADATA!$B$4,DATOS!I:I,B29),"—") -> — | J29: {=IFERROR(_xlfn.MODE.SNGL(IF((nEVAL=CONFIG_METADATA!$B$4)*(nASIG=B29)*(nAPTO="S"),nNOTA)),"—")} -> — | K29: {=IFERROR(_xlfn.MODE.SNGL(IF((nEVAL=CONFIG_METADATA!$B$4)*(nASIG=B29)*(nAPTO="N"),nNOTA)),"—")} -> — | L29: =COUNTIFS(DATOS!G:G,CONFIG_METADATA!$B$4,DATOS!I:I,B29,DATOS!K:K,1) -> 0 | M29: =COUNTIFS(DATOS!G:G,CONFIG_METADATA!$B$4,DATOS!I:I,B29,DATOS!K:K,2) -> 0 | N29: =COUNTIFS(DATOS!G:G,CONFIG_METADATA!$B$4,DATOS!I:I,B29,DATOS!K:K,3) -> 0 | O29: =COUNTIFS(DATOS!G:G,CONFIG_METADATA!$B$4,DATOS!I:I,B29,DATOS!K:K,4) -> 0 | P29: =COUNTIFS(DATOS!G:G,CONFIG_METADATA!$B$4,DATOS!I:I,B29,DATOS!K:K,5) -> 0 | Q29: =COUNTIFS(DATOS!G:G,CONFIG_METADATA!$B$4,DATOS!I:I,B29,DATOS!K:K,6) -> 0 | R29: =COUNTIFS(DATOS!G:G,CONFIG_METADATA!$B$4,DATOS!I:I,B29,DATOS!K:K,7) -> 0 | S29: =COUNTIFS(DATOS!G:G,CONFIG_METADATA!$B$4,DATOS!I:I,B29,DATOS!K:K,8) -> 0 | T29: =COUNTIFS(DATOS!G:G,CONFIG_METADATA!$B$4,DATOS!I:I,B29,DATOS!K:K,9) -> 0 | U29: =COUNTIFS(DATOS!G:G,CONFIG_METADATA!$B$4,DATOS!I:I,B29,DATOS!K:K,10) -> 0
A30: GLOBAL | B30: {=IFERROR(INDEX(_xlfn._xlws.FILTER(CONFIG_ASIGNATURAS!$B$2:$B$61,CONFIG_ASIGNATURAS!$G$2:$G$61="Sí"),26),"")} | C30: =IF(B30="","",IFERROR(IF(VLOOKUP(B30,CONFIG_ASIGNATURAS!$B$2:$F$61,5,FALSE())="Sí","Especialidad","Asignatura"),"Asignatura")) | D30: =COUNTIFS(DATOS!G:G,CONFIG_METADATA!$B$4,DATOS!I:I,B30) -> 0 | E30: =IFERROR(AVERAGEIFS(DATOS!K:K,DATOS!G:G,CONFIG_METADATA!$B$4,DATOS!I:I,B30),"—") -> — | F30: {=IFERROR(_xlfn.STDEV.P(IF((nEVAL=CONFIG_METADATA!$B$4)*(nASIG=B30),nNOTA)),"—")} -> — | G30: {=IFERROR(_xlfn.MODE.SNGL(IF((nEVAL=CONFIG_METADATA!$B$4)*(nASIG=B30),nNOTA)),"—")} -> — | H30: =IFERROR(COUNTIFS(DATOS!G:G,CONFIG_METADATA!$B$4,DATOS!I:I,B30,DATOS!L:L,"S")/COUNTIFS(DATOS!G:G,CONFIG_METADATA!$B$4,DATOS!I:I,B30),"—") -> — | I30: =IFERROR(COUNTIFS(DATOS!G:G,CONFIG_METADATA!$B$4,DATOS!I:I,B30,DATOS!L:L,"N")/COUNTIFS(DATOS!G:G,CONFIG_METADATA!$B$4,DATOS!I:I,B30),"—") -> — | J30: {=IFERROR(_xlfn.MODE.SNGL(IF((nEVAL=CONFIG_METADATA!$B$4)*(nASIG=B30)*(nAPTO="S"),nNOTA)),"—")} -> — | K30: {=IFERROR(_xlfn.MODE.SNGL(IF((nEVAL=CONFIG_METADATA!$B$4)*(nASIG=B30)*(nAPTO="N"),nNOTA)),"—")} -> — | L30: =COUNTIFS(DATOS!G:G,CONFIG_METADATA!$B$4,DATOS!I:I,B30,DATOS!K:K,1) -> 0 | M30: =COUNTIFS(DATOS!G:G,CONFIG_METADATA!$B$4,DATOS!I:I,B30,DATOS!K:K,2) -> 0 | N30: =COUNTIFS(DATOS!G:G,CONFIG_METADATA!$B$4,DATOS!I:I,B30,DATOS!K:K,3) -> 0 | O30: =COUNTIFS(DATOS!G:G,CONFIG_METADATA!$B$4,DATOS!I:I,B30,DATOS!K:K,4) -> 0 | P30: =COUNTIFS(DATOS!G:G,CONFIG_METADATA!$B$4,DATOS!I:I,B30,DATOS!K:K,5) -> 0 | Q30: =COUNTIFS(DATOS!G:G,CONFIG_METADATA!$B$4,DATOS!I:I,B30,DATOS!K:K,6) -> 0 | R30: =COUNTIFS(DATOS!G:G,CONFIG_METADATA!$B$4,DATOS!I:I,B30,DATOS!K:K,7) -> 0 | S30: =COUNTIFS(DATOS!G:G,CONFIG_METADATA!$B$4,DATOS!I:I,B30,DATOS!K:K,8) -> 0 | T30: =COUNTIFS(DATOS!G:G,CONFIG_METADATA!$B$4,DATOS!I:I,B30,DATOS!K:K,9) -> 0 | U30: =COUNTIFS(DATOS!G:G,CONFIG_METADATA!$B$4,DATOS!I:I,B30,DATOS!K:K,10) -> 0
A31: GLOBAL | B31: {=IFERROR(INDEX(_xlfn._xlws.FILTER(CONFIG_ASIGNATURAS!$B$2:$B$61,CONFIG_ASIGNATURAS!$G$2:$G$61="Sí"),27),"")} | C31: =IF(B31="","",IFERROR(IF(VLOOKUP(B31,CONFIG_ASIGNATURAS!$B$2:$F$61,5,FALSE())="Sí","Especialidad","Asignatura"),"Asignatura")) | D31: =COUNTIFS(DATOS!G:G,CONFIG_METADATA!$B$4,DATOS!I:I,B31) -> 0 | E31: =IFERROR(AVERAGEIFS(DATOS!K:K,DATOS!G:G,CONFIG_METADATA!$B$4,DATOS!I:I,B31),"—") -> — | F31: {=IFERROR(_xlfn.STDEV.P(IF((nEVAL=CONFIG_METADATA!$B$4)*(nASIG=B31),nNOTA)),"—")} -> — | G31: {=IFERROR(_xlfn.MODE.SNGL(IF((nEVAL=CONFIG_METADATA!$B$4)*(nASIG=B31),nNOTA)),"—")} -> — | H31: =IFERROR(COUNTIFS(DATOS!G:G,CONFIG_METADATA!$B$4,DATOS!I:I,B31,DATOS!L:L,"S")/COUNTIFS(DATOS!G:G,CONFIG_METADATA!$B$4,DATOS!I:I,B31),"—") -> — | I31: =IFERROR(COUNTIFS(DATOS!G:G,CONFIG_METADATA!$B$4,DATOS!I:I,B31,DATOS!L:L,"N")/COUNTIFS(DATOS!G:G,CONFIG_METADATA!$B$4,DATOS!I:I,B31),"—") -> — | J31: {=IFERROR(_xlfn.MODE.SNGL(IF((nEVAL=CONFIG_METADATA!$B$4)*(nASIG=B31)*(nAPTO="S"),nNOTA)),"—")} -> — | K31: {=IFERROR(_xlfn.MODE.SNGL(IF((nEVAL=CONFIG_METADATA!$B$4)*(nASIG=B31)*(nAPTO="N"),nNOTA)),"—")} -> — | L31: =COUNTIFS(DATOS!G:G,CONFIG_METADATA!$B$4,DATOS!I:I,B31,DATOS!K:K,1) -> 0 | M31: =COUNTIFS(DATOS!G:G,CONFIG_METADATA!$B$4,DATOS!I:I,B31,DATOS!K:K,2) -> 0 | N31: =COUNTIFS(DATOS!G:G,CONFIG_METADATA!$B$4,DATOS!I:I,B31,DATOS!K:K,3) -> 0 | O31: =COUNTIFS(DATOS!G:G,CONFIG_METADATA!$B$4,DATOS!I:I,B31,DATOS!K:K,4) -> 0 | P31: =COUNTIFS(DATOS!G:G,CONFIG_METADATA!$B$4,DATOS!I:I,B31,DATOS!K:K,5) -> 0 | Q31: =COUNTIFS(DATOS!G:G,CONFIG_METADATA!$B$4,DATOS!I:I,B31,DATOS!K:K,6) -> 0 | R31: =COUNTIFS(DATOS!G:G,CONFIG_METADATA!$B$4,DATOS!I:I,B31,DATOS!K:K,7) -> 0 | S31: =COUNTIFS(DATOS!G:G,CONFIG_METADATA!$B$4,DATOS!I:I,B31,DATOS!K:K,8) -> 0 | T31: =COUNTIFS(DATOS!G:G,CONFIG_METADATA!$B$4,DATOS!I:I,B31,DATOS!K:K,9) -> 0 | U31: =COUNTIFS(DATOS!G:G,CONFIG_METADATA!$B$4,DATOS!I:I,B31,DATOS!K:K,10) -> 0
A32: GLOBAL | B32: {=IFERROR(INDEX(_xlfn._xlws.FILTER(CONFIG_ASIGNATURAS!$B$2:$B$61,CONFIG_ASIGNATURAS!$G$2:$G$61="Sí"),28),"")} | C32: =IF(B32="","",IFERROR(IF(VLOOKUP(B32,CONFIG_ASIGNATURAS!$B$2:$F$61,5,FALSE())="Sí","Especialidad","Asignatura"),"Asignatura")) | D32: =COUNTIFS(DATOS!G:G,CONFIG_METADATA!$B$4,DATOS!I:I,B32) -> 0 | E32: =IFERROR(AVERAGEIFS(DATOS!K:K,DATOS!G:G,CONFIG_METADATA!$B$4,DATOS!I:I,B32),"—") -> — | F32: {=IFERROR(_xlfn.STDEV.P(IF((nEVAL=CONFIG_METADATA!$B$4)*(nASIG=B32),nNOTA)),"—")} -> — | G32: {=IFERROR(_xlfn.MODE.SNGL(IF((nEVAL=CONFIG_METADATA!$B$4)*(nASIG=B32),nNOTA)),"—")} -> — | H32: =IFERROR(COUNTIFS(DATOS!G:G,CONFIG_METADATA!$B$4,DATOS!I:I,B32,DATOS!L:L,"S")/COUNTIFS(DATOS!G:G,CONFIG_METADATA!$B$4,DATOS!I:I,B32),"—") -> — | I32: =IFERROR(COUNTIFS(DATOS!G:G,CONFIG_METADATA!$B$4,DATOS!I:I,B32,DATOS!L:L,"N")/COUNTIFS(DATOS!G:G,CONFIG_METADATA!$B$4,DATOS!I:I,B32),"—") -> — | J32: {=IFERROR(_xlfn.MODE.SNGL(IF((nEVAL=CONFIG_METADATA!$B$4)*(nASIG=B32)*(nAPTO="S"),nNOTA)),"—")} -> — | K32: {=IFERROR(_xlfn.MODE.SNGL(IF((nEVAL=CONFIG_METADATA!$B$4)*(nASIG=B32)*(nAPTO="N"),nNOTA)),"—")} -> — | L32: =COUNTIFS(DATOS!G:G,CONFIG_METADATA!$B$4,DATOS!I:I,B32,DATOS!K:K,1) -> 0 | M32: =COUNTIFS(DATOS!G:G,CONFIG_METADATA!$B$4,DATOS!I:I,B32,DATOS!K:K,2) -> 0 | N32: =COUNTIFS(DATOS!G:G,CONFIG_METADATA!$B$4,DATOS!I:I,B32,DATOS!K:K,3) -> 0 | O32: =COUNTIFS(DATOS!G:G,CONFIG_METADATA!$B$4,DATOS!I:I,B32,DATOS!K:K,4) -> 0 | P32: =COUNTIFS(DATOS!G:G,CONFIG_METADATA!$B$4,DATOS!I:I,B32,DATOS!K:K,5) -> 0 | Q32: =COUNTIFS(DATOS!G:G,CONFIG_METADATA!$B$4,DATOS!I:I,B32,DATOS!K:K,6) -> 0 | R32: =COUNTIFS(DATOS!G:G,CONFIG_METADATA!$B$4,DATOS!I:I,B32,DATOS!K:K,7) -> 0 | S32: =COUNTIFS(DATOS!G:G,CONFIG_METADATA!$B$4,DATOS!I:I,B32,DATOS!K:K,8) -> 0 | T32: =COUNTIFS(DATOS!G:G,CONFIG_METADATA!$B$4,DATOS!I:I,B32,DATOS!K:K,9) -> 0 | U32: =COUNTIFS(DATOS!G:G,CONFIG_METADATA!$B$4,DATOS!I:I,B32,DATOS!K:K,10) -> 0
A33: GLOBAL | B33: {=IFERROR(INDEX(_xlfn._xlws.FILTER(CONFIG_ASIGNATURAS!$B$2:$B$61,CONFIG_ASIGNATURAS!$G$2:$G$61="Sí"),29),"")} | C33: =IF(B33="","",IFERROR(IF(VLOOKUP(B33,CONFIG_ASIGNATURAS!$B$2:$F$61,5,FALSE())="Sí","Especialidad","Asignatura"),"Asignatura")) | D33: =COUNTIFS(DATOS!G:G,CONFIG_METADATA!$B$4,DATOS!I:I,B33) -> 0 | E33: =IFERROR(AVERAGEIFS(DATOS!K:K,DATOS!G:G,CONFIG_METADATA!$B$4,DATOS!I:I,B33),"—") -> — | F33: {=IFERROR(_xlfn.STDEV.P(IF((nEVAL=CONFIG_METADATA!$B$4)*(nASIG=B33),nNOTA)),"—")} -> — | G33: {=IFERROR(_xlfn.MODE.SNGL(IF((nEVAL=CONFIG_METADATA!$B$4)*(nASIG=B33),nNOTA)),"—")} -> — | H33: =IFERROR(COUNTIFS(DATOS!G:G,CONFIG_METADATA!$B$4,DATOS!I:I,B33,DATOS!L:L,"S")/COUNTIFS(DATOS!G:G,CONFIG_METADATA!$B$4,DATOS!I:I,B33),"—") -> — | I33: =IFERROR(COUNTIFS(DATOS!G:G,CONFIG_METADATA!$B$4,DATOS!I:I,B33,DATOS!L:L,"N")/COUNTIFS(DATOS!G:G,CONFIG_METADATA!$B$4,DATOS!I:I,B33),"—") -> — | J33: {=IFERROR(_xlfn.MODE.SNGL(IF((nEVAL=CONFIG_METADATA!$B$4)*(nASIG=B33)*(nAPTO="S"),nNOTA)),"—")} -> — | K33: {=IFERROR(_xlfn.MODE.SNGL(IF((nEVAL=CONFIG_METADATA!$B$4)*(nASIG=B33)*(nAPTO="N"),nNOTA)),"—")} -> — | L33: =COUNTIFS(DATOS!G:G,CONFIG_METADATA!$B$4,DATOS!I:I,B33,DATOS!K:K,1) -> 0 | M33: =COUNTIFS(DATOS!G:G,CONFIG_METADATA!$B$4,DATOS!I:I,B33,DATOS!K:K,2) -> 0 | N33: =COUNTIFS(DATOS!G:G,CONFIG_METADATA!$B$4,DATOS!I:I,B33,DATOS!K:K,3) -> 0 | O33: =COUNTIFS(DATOS!G:G,CONFIG_METADATA!$B$4,DATOS!I:I,B33,DATOS!K:K,4) -> 0 | P33: =COUNTIFS(DATOS!G:G,CONFIG_METADATA!$B$4,DATOS!I:I,B33,DATOS!K:K,5) -> 0 | Q33: =COUNTIFS(DATOS!G:G,CONFIG_METADATA!$B$4,DATOS!I:I,B33,DATOS!K:K,6) -> 0 | R33: =COUNTIFS(DATOS!G:G,CONFIG_METADATA!$B$4,DATOS!I:I,B33,DATOS!K:K,7) -> 0 | S33: =COUNTIFS(DATOS!G:G,CONFIG_METADATA!$B$4,DATOS!I:I,B33,DATOS!K:K,8) -> 0 | T33: =COUNTIFS(DATOS!G:G,CONFIG_METADATA!$B$4,DATOS!I:I,B33,DATOS!K:K,9) -> 0 | U33: =COUNTIFS(DATOS!G:G,CONFIG_METADATA!$B$4,DATOS!I:I,B33,DATOS!K:K,10) -> 0
A34: GLOBAL | B34: {=IFERROR(INDEX(_xlfn._xlws.FILTER(CONFIG_ASIGNATURAS!$B$2:$B$61,CONFIG_ASIGNATURAS!$G$2:$G$61="Sí"),30),"")} | C34: =IF(B34="","",IFERROR(IF(VLOOKUP(B34,CONFIG_ASIGNATURAS!$B$2:$F$61,5,FALSE())="Sí","Especialidad","Asignatura"),"Asignatura")) | D34: =COUNTIFS(DATOS!G:G,CONFIG_METADATA!$B$4,DATOS!I:I,B34) -> 0 | E34: =IFERROR(AVERAGEIFS(DATOS!K:K,DATOS!G:G,CONFIG_METADATA!$B$4,DATOS!I:I,B34),"—") -> — | F34: {=IFERROR(_xlfn.STDEV.P(IF((nEVAL=CONFIG_METADATA!$B$4)*(nASIG=B34),nNOTA)),"—")} -> — | G34: {=IFERROR(_xlfn.MODE.SNGL(IF((nEVAL=CONFIG_METADATA!$B$4)*(nASIG=B34),nNOTA)),"—")} -> — | H34: =IFERROR(COUNTIFS(DATOS!G:G,CONFIG_METADATA!$B$4,DATOS!I:I,B34,DATOS!L:L,"S")/COUNTIFS(DATOS!G:G,CONFIG_METADATA!$B$4,DATOS!I:I,B34),"—") -> — | I34: =IFERROR(COUNTIFS(DATOS!G:G,CONFIG_METADATA!$B$4,DATOS!I:I,B34,DATOS!L:L,"N")/COUNTIFS(DATOS!G:G,CONFIG_METADATA!$B$4,DATOS!I:I,B34),"—") -> — | J34: {=IFERROR(_xlfn.MODE.SNGL(IF((nEVAL=CONFIG_METADATA!$B$4)*(nASIG=B34)*(nAPTO="S"),nNOTA)),"—")} -> — | K34: {=IFERROR(_xlfn.MODE.SNGL(IF((nEVAL=CONFIG_METADATA!$B$4)*(nASIG=B34)*(nAPTO="N"),nNOTA)),"—")} -> — | L34: =COUNTIFS(DATOS!G:G,CONFIG_METADATA!$B$4,DATOS!I:I,B34,DATOS!K:K,1) -> 0 | M34: =COUNTIFS(DATOS!G:G,CONFIG_METADATA!$B$4,DATOS!I:I,B34,DATOS!K:K,2) -> 0 | N34: =COUNTIFS(DATOS!G:G,CONFIG_METADATA!$B$4,DATOS!I:I,B34,DATOS!K:K,3) -> 0 | O34: =COUNTIFS(DATOS!G:G,CONFIG_METADATA!$B$4,DATOS!I:I,B34,DATOS!K:K,4) -> 0 | P34: =COUNTIFS(DATOS!G:G,CONFIG_METADATA!$B$4,DATOS!I:I,B34,DATOS!K:K,5) -> 0 | Q34: =COUNTIFS(DATOS!G:G,CONFIG_METADATA!$B$4,DATOS!I:I,B34,DATOS!K:K,6) -> 0 | R34: =COUNTIFS(DATOS!G:G,CONFIG_METADATA!$B$4,DATOS!I:I,B34,DATOS!K:K,7) -> 0 | S34: =COUNTIFS(DATOS!G:G,CONFIG_METADATA!$B$4,DATOS!I:I,B34,DATOS!K:K,8) -> 0 | T34: =COUNTIFS(DATOS!G:G,CONFIG_METADATA!$B$4,DATOS!I:I,B34,DATOS!K:K,9) -> 0 | U34: =COUNTIFS(DATOS!G:G,CONFIG_METADATA!$B$4,DATOS!I:I,B34,DATOS!K:K,10) -> 0
A35: GLOBAL | B35: {=IFERROR(INDEX(_xlfn._xlws.FILTER(CONFIG_ASIGNATURAS!$B$2:$B$61,CONFIG_ASIGNATURAS!$G$2:$G$61="Sí"),31),"")} | C35: =IF(B35="","",IFERROR(IF(VLOOKUP(B35,CONFIG_ASIGNATURAS!$B$2:$F$61,5,FALSE())="Sí","Especialidad","Asignatura"),"Asignatura")) | D35: =COUNTIFS(DATOS!G:G,CONFIG_METADATA!$B$4,DATOS!I:I,B35) -> 0 | E35: =IFERROR(AVERAGEIFS(DATOS!K:K,DATOS!G:G,CONFIG_METADATA!$B$4,DATOS!I:I,B35),"—") -> — | F35: {=IFERROR(_xlfn.STDEV.P(IF((nEVAL=CONFIG_METADATA!$B$4)*(nASIG=B35),nNOTA)),"—")} -> — | G35: {=IFERROR(_xlfn.MODE.SNGL(IF((nEVAL=CONFIG_METADATA!$B$4)*(nASIG=B35),nNOTA)),"—")} -> — | H35: =IFERROR(COUNTIFS(DATOS!G:G,CONFIG_METADATA!$B$4,DATOS!I:I,B35,DATOS!L:L,"S")/COUNTIFS(DATOS!G:G,CONFIG_METADATA!$B$4,DATOS!I:I,B35),"—") -> — | I35: =IFERROR(COUNTIFS(DATOS!G:G,CONFIG_METADATA!$B$4,DATOS!I:I,B35,DATOS!L:L,"N")/COUNTIFS(DATOS!G:G,CONFIG_METADATA!$B$4,DATOS!I:I,B35),"—") -> — | J35: {=IFERROR(_xlfn.MODE.SNGL(IF((nEVAL=CONFIG_METADATA!$B$4)*(nASIG=B35)*(nAPTO="S"),nNOTA)),"—")} -> — | K35: {=IFERROR(_xlfn.MODE.SNGL(IF((nEVAL=CONFIG_METADATA!$B$4)*(nASIG=B35)*(nAPTO="N"),nNOTA)),"—")} -> — | L35: =COUNTIFS(DATOS!G:G,CONFIG_METADATA!$B$4,DATOS!I:I,B35,DATOS!K:K,1) -> 0 | M35: =COUNTIFS(DATOS!G:G,CONFIG_METADATA!$B$4,DATOS!I:I,B35,DATOS!K:K,2) -> 0 | N35: =COUNTIFS(DATOS!G:G,CONFIG_METADATA!$B$4,DATOS!I:I,B35,DATOS!K:K,3) -> 0 | O35: =COUNTIFS(DATOS!G:G,CONFIG_METADATA!$B$4,DATOS!I:I,B35,DATOS!K:K,4) -> 0 | P35: =COUNTIFS(DATOS!G:G,CONFIG_METADATA!$B$4,DATOS!I:I,B35,DATOS!K:K,5) -> 0 | Q35: =COUNTIFS(DATOS!G:G,CONFIG_METADATA!$B$4,DATOS!I:I,B35,DATOS!K:K,6) -> 0 | R35: =COUNTIFS(DATOS!G:G,CONFIG_METADATA!$B$4,DATOS!I:I,B35,DATOS!K:K,7) -> 0 | S35: =COUNTIFS(DATOS!G:G,CONFIG_METADATA!$B$4,DATOS!I:I,B35,DATOS!K:K,8) -> 0 | T35: =COUNTIFS(DATOS!G:G,CONFIG_METADATA!$B$4,DATOS!I:I,B35,DATOS!K:K,9) -> 0 | U35: =COUNTIFS(DATOS!G:G,CONFIG_METADATA!$B$4,DATOS!I:I,B35,DATOS!K:K,10) -> 0
A36: GLOBAL | B36: {=IFERROR(INDEX(_xlfn._xlws.FILTER(CONFIG_ASIGNATURAS!$B$2:$B$61,CONFIG_ASIGNATURAS!$G$2:$G$61="Sí"),32),"")} | C36: =IF(B36="","",IFERROR(IF(VLOOKUP(B36,CONFIG_ASIGNATURAS!$B$2:$F$61,5,FALSE())="Sí","Especialidad","Asignatura"),"Asignatura")) | D36: =COUNTIFS(DATOS!G:G,CONFIG_METADATA!$B$4,DATOS!I:I,B36) -> 0 | E36: =IFERROR(AVERAGEIFS(DATOS!K:K,DATOS!G:G,CONFIG_METADATA!$B$4,DATOS!I:I,B36),"—") -> — | F36: {=IFERROR(_xlfn.STDEV.P(IF((nEVAL=CONFIG_METADATA!$B$4)*(nASIG=B36),nNOTA)),"—")} -> — | G36: {=IFERROR(_xlfn.MODE.SNGL(IF((nEVAL=CONFIG_METADATA!$B$4)*(nASIG=B36),nNOTA)),"—")} -> — | H36: =IFERROR(COUNTIFS(DATOS!G:G,CONFIG_METADATA!$B$4,DATOS!I:I,B36,DATOS!L:L,"S")/COUNTIFS(DATOS!G:G,CONFIG_METADATA!$B$4,DATOS!I:I,B36),"—") -> — | I36: =IFERROR(COUNTIFS(DATOS!G:G,CONFIG_METADATA!$B$4,DATOS!I:I,B36,DATOS!L:L,"N")/COUNTIFS(DATOS!G:G,CONFIG_METADATA!$B$4,DATOS!I:I,B36),"—") -> — | J36: {=IFERROR(_xlfn.MODE.SNGL(IF((nEVAL=CONFIG_METADATA!$B$4)*(nASIG=B36)*(nAPTO="S"),nNOTA)),"—")} -> — | K36: {=IFERROR(_xlfn.MODE.SNGL(IF((nEVAL=CONFIG_METADATA!$B$4)*(nASIG=B36)*(nAPTO="N"),nNOTA)),"—")} -> — | L36: =COUNTIFS(DATOS!G:G,CONFIG_METADATA!$B$4,DATOS!I:I,B36,DATOS!K:K,1) -> 0 | M36: =COUNTIFS(DATOS!G:G,CONFIG_METADATA!$B$4,DATOS!I:I,B36,DATOS!K:K,2) -> 0 | N36: =COUNTIFS(DATOS!G:G,CONFIG_METADATA!$B$4,DATOS!I:I,B36,DATOS!K:K,3) -> 0 | O36: =COUNTIFS(DATOS!G:G,CONFIG_METADATA!$B$4,DATOS!I:I,B36,DATOS!K:K,4) -> 0 | P36: =COUNTIFS(DATOS!G:G,CONFIG_METADATA!$B$4,DATOS!I:I,B36,DATOS!K:K,5) -> 0 | Q36: =COUNTIFS(DATOS!G:G,CONFIG_METADATA!$B$4,DATOS!I:I,B36,DATOS!K:K,6) -> 0 | R36: =COUNTIFS(DATOS!G:G,CONFIG_METADATA!$B$4,DATOS!I:I,B36,DATOS!K:K,7) -> 0 | S36: =COUNTIFS(DATOS!G:G,CONFIG_METADATA!$B$4,DATOS!I:I,B36,DATOS!K:K,8) -> 0 | T36: =COUNTIFS(DATOS!G:G,CONFIG_METADATA!$B$4,DATOS!I:I,B36,DATOS!K:K,9) -> 0 | U36: =COUNTIFS(DATOS!G:G,CONFIG_METADATA!$B$4,DATOS!I:I,B36,DATOS!K:K,10) -> 0
A37: GLOBAL | B37: {=IFERROR(INDEX(_xlfn._xlws.FILTER(CONFIG_ASIGNATURAS!$B$2:$B$61,CONFIG_ASIGNATURAS!$G$2:$G$61="Sí"),33),"")} | C37: =IF(B37="","",IFERROR(IF(VLOOKUP(B37,CONFIG_ASIGNATURAS!$B$2:$F$61,5,FALSE())="Sí","Especialidad","Asignatura"),"Asignatura")) | D37: =COUNTIFS(DATOS!G:G,CONFIG_METADATA!$B$4,DATOS!I:I,B37) -> 0 | E37: =IFERROR(AVERAGEIFS(DATOS!K:K,DATOS!G:G,CONFIG_METADATA!$B$4,DATOS!I:I,B37),"—") -> — | F37: {=IFERROR(_xlfn.STDEV.P(IF((nEVAL=CONFIG_METADATA!$B$4)*(nASIG=B37),nNOTA)),"—")} -> — | G37: {=IFERROR(_xlfn.MODE.SNGL(IF((nEVAL=CONFIG_METADATA!$B$4)*(nASIG=B37),nNOTA)),"—")} -> — | H37: =IFERROR(COUNTIFS(DATOS!G:G,CONFIG_METADATA!$B$4,DATOS!I:I,B37,DATOS!L:L,"S")/COUNTIFS(DATOS!G:G,CONFIG_METADATA!$B$4,DATOS!I:I,B37),"—") -> — | I37: =IFERROR(COUNTIFS(DATOS!G:G,CONFIG_METADATA!$B$4,DATOS!I:I,B37,DATOS!L:L,"N")/COUNTIFS(DATOS!G:G,CONFIG_METADATA!$B$4,DATOS!I:I,B37),"—") -> — | J37: {=IFERROR(_xlfn.MODE.SNGL(IF((nEVAL=CONFIG_METADATA!$B$4)*(nASIG=B37)*(nAPTO="S"),nNOTA)),"—")} -> — | K37: {=IFERROR(_xlfn.MODE.SNGL(IF((nEVAL=CONFIG_METADATA!$B$4)*(nASIG=B37)*(nAPTO="N"),nNOTA)),"—")} -> — | L37: =COUNTIFS(DATOS!G:G,CONFIG_METADATA!$B$4,DATOS!I:I,B37,DATOS!K:K,1) -> 0 | M37: =COUNTIFS(DATOS!G:G,CONFIG_METADATA!$B$4,DATOS!I:I,B37,DATOS!K:K,2) -> 0 | N37: =COUNTIFS(DATOS!G:G,CONFIG_METADATA!$B$4,DATOS!I:I,B37,DATOS!K:K,3) -> 0 | O37: =COUNTIFS(DATOS!G:G,CONFIG_METADATA!$B$4,DATOS!I:I,B37,DATOS!K:K,4) -> 0 | P37: =COUNTIFS(DATOS!G:G,CONFIG_METADATA!$B$4,DATOS!I:I,B37,DATOS!K:K,5) -> 0 | Q37: =COUNTIFS(DATOS!G:G,CONFIG_METADATA!$B$4,DATOS!I:I,B37,DATOS!K:K,6) -> 0 | R37: =COUNTIFS(DATOS!G:G,CONFIG_METADATA!$B$4,DATOS!I:I,B37,DATOS!K:K,7) -> 0 | S37: =COUNTIFS(DATOS!G:G,CONFIG_METADATA!$B$4,DATOS!I:I,B37,DATOS!K:K,8) -> 0 | T37: =COUNTIFS(DATOS!G:G,CONFIG_METADATA!$B$4,DATOS!I:I,B37,DATOS!K:K,9) -> 0 | U37: =COUNTIFS(DATOS!G:G,CONFIG_METADATA!$B$4,DATOS!I:I,B37,DATOS!K:K,10) -> 0
A38: GLOBAL | B38: {=IFERROR(INDEX(_xlfn._xlws.FILTER(CONFIG_ASIGNATURAS!$B$2:$B$61,CONFIG_ASIGNATURAS!$G$2:$G$61="Sí"),34),"")} | C38: =IF(B38="","",IFERROR(IF(VLOOKUP(B38,CONFIG_ASIGNATURAS!$B$2:$F$61,5,FALSE())="Sí","Especialidad","Asignatura"),"Asignatura")) | D38: =COUNTIFS(DATOS!G:G,CONFIG_METADATA!$B$4,DATOS!I:I,B38) -> 0 | E38: =IFERROR(AVERAGEIFS(DATOS!K:K,DATOS!G:G,CONFIG_METADATA!$B$4,DATOS!I:I,B38),"—") -> — | F38: {=IFERROR(_xlfn.STDEV.P(IF((nEVAL=CONFIG_METADATA!$B$4)*(nASIG=B38),nNOTA)),"—")} -> — | G38: {=IFERROR(_xlfn.MODE.SNGL(IF((nEVAL=CONFIG_METADATA!$B$4)*(nASIG=B38),nNOTA)),"—")} -> — | H38: =IFERROR(COUNTIFS(DATOS!G:G,CONFIG_METADATA!$B$4,DATOS!I:I,B38,DATOS!L:L,"S")/COUNTIFS(DATOS!G:G,CONFIG_METADATA!$B$4,DATOS!I:I,B38),"—") -> — | I38: =IFERROR(COUNTIFS(DATOS!G:G,CONFIG_METADATA!$B$4,DATOS!I:I,B38,DATOS!L:L,"N")/COUNTIFS(DATOS!G:G,CONFIG_METADATA!$B$4,DATOS!I:I,B38),"—") -> — | J38: {=IFERROR(_xlfn.MODE.SNGL(IF((nEVAL=CONFIG_METADATA!$B$4)*(nASIG=B38)*(nAPTO="S"),nNOTA)),"—")} -> — | K38: {=IFERROR(_xlfn.MODE.SNGL(IF((nEVAL=CONFIG_METADATA!$B$4)*(nASIG=B38)*(nAPTO="N"),nNOTA)),"—")} -> — | L38: =COUNTIFS(DATOS!G:G,CONFIG_METADATA!$B$4,DATOS!I:I,B38,DATOS!K:K,1) -> 0 | M38: =COUNTIFS(DATOS!G:G,CONFIG_METADATA!$B$4,DATOS!I:I,B38,DATOS!K:K,2) -> 0 | N38: =COUNTIFS(DATOS!G:G,CONFIG_METADATA!$B$4,DATOS!I:I,B38,DATOS!K:K,3) -> 0 | O38: =COUNTIFS(DATOS!G:G,CONFIG_METADATA!$B$4,DATOS!I:I,B38,DATOS!K:K,4) -> 0 | P38: =COUNTIFS(DATOS!G:G,CONFIG_METADATA!$B$4,DATOS!I:I,B38,DATOS!K:K,5) -> 0 | Q38: =COUNTIFS(DATOS!G:G,CONFIG_METADATA!$B$4,DATOS!I:I,B38,DATOS!K:K,6) -> 0 | R38: =COUNTIFS(DATOS!G:G,CONFIG_METADATA!$B$4,DATOS!I:I,B38,DATOS!K:K,7) -> 0 | S38: =COUNTIFS(DATOS!G:G,CONFIG_METADATA!$B$4,DATOS!I:I,B38,DATOS!K:K,8) -> 0 | T38: =COUNTIFS(DATOS!G:G,CONFIG_METADATA!$B$4,DATOS!I:I,B38,DATOS!K:K,9) -> 0 | U38: =COUNTIFS(DATOS!G:G,CONFIG_METADATA!$B$4,DATOS!I:I,B38,DATOS!K:K,10) -> 0
A39: GLOBAL | B39: {=IFERROR(INDEX(_xlfn._xlws.FILTER(CONFIG_ASIGNATURAS!$B$2:$B$61,CONFIG_ASIGNATURAS!$G$2:$G$61="Sí"),35),"")} | C39: =IF(B39="","",IFERROR(IF(VLOOKUP(B39,CONFIG_ASIGNATURAS!$B$2:$F$61,5,FALSE())="Sí","Especialidad","Asignatura"),"Asignatura")) | D39: =COUNTIFS(DATOS!G:G,CONFIG_METADATA!$B$4,DATOS!I:I,B39) -> 0 | E39: =IFERROR(AVERAGEIFS(DATOS!K:K,DATOS!G:G,CONFIG_METADATA!$B$4,DATOS!I:I,B39),"—") -> — | F39: {=IFERROR(_xlfn.STDEV.P(IF((nEVAL=CONFIG_METADATA!$B$4)*(nASIG=B39),nNOTA)),"—")} -> — | G39: {=IFERROR(_xlfn.MODE.SNGL(IF((nEVAL=CONFIG_METADATA!$B$4)*(nASIG=B39),nNOTA)),"—")} -> — | H39: =IFERROR(COUNTIFS(DATOS!G:G,CONFIG_METADATA!$B$4,DATOS!I:I,B39,DATOS!L:L,"S")/COUNTIFS(DATOS!G:G,CONFIG_METADATA!$B$4,DATOS!I:I,B39),"—") -> — | I39: =IFERROR(COUNTIFS(DATOS!G:G,CONFIG_METADATA!$B$4,DATOS!I:I,B39,DATOS!L:L,"N")/COUNTIFS(DATOS!G:G,CONFIG_METADATA!$B$4,DATOS!I:I,B39),"—") -> — | J39: {=IFERROR(_xlfn.MODE.SNGL(IF((nEVAL=CONFIG_METADATA!$B$4)*(nASIG=B39)*(nAPTO="S"),nNOTA)),"—")} -> — | K39: {=IFERROR(_xlfn.MODE.SNGL(IF((nEVAL=CONFIG_METADATA!$B$4)*(nASIG=B39)*(nAPTO="N"),nNOTA)),"—")} -> — | L39: =COUNTIFS(DATOS!G:G,CONFIG_METADATA!$B$4,DATOS!I:I,B39,DATOS!K:K,1) -> 0 | M39: =COUNTIFS(DATOS!G:G,CONFIG_METADATA!$B$4,DATOS!I:I,B39,DATOS!K:K,2) -> 0 | N39: =COUNTIFS(DATOS!G:G,CONFIG_METADATA!$B$4,DATOS!I:I,B39,DATOS!K:K,3) -> 0 | O39: =COUNTIFS(DATOS!G:G,CONFIG_METADATA!$B$4,DATOS!I:I,B39,DATOS!K:K,4) -> 0 | P39: =COUNTIFS(DATOS!G:G,CONFIG_METADATA!$B$4,DATOS!I:I,B39,DATOS!K:K,5) -> 0 | Q39: =COUNTIFS(DATOS!G:G,CONFIG_METADATA!$B$4,DATOS!I:I,B39,DATOS!K:K,6) -> 0 | R39: =COUNTIFS(DATOS!G:G,CONFIG_METADATA!$B$4,DATOS!I:I,B39,DATOS!K:K,7) -> 0 | S39: =COUNTIFS(DATOS!G:G,CONFIG_METADATA!$B$4,DATOS!I:I,B39,DATOS!K:K,8) -> 0 | T39: =COUNTIFS(DATOS!G:G,CONFIG_METADATA!$B$4,DATOS!I:I,B39,DATOS!K:K,9) -> 0 | U39: =COUNTIFS(DATOS!G:G,CONFIG_METADATA!$B$4,DATOS!I:I,B39,DATOS!K:K,10) -> 0
A40: GLOBAL | B40: {=IFERROR(INDEX(_xlfn._xlws.FILTER(CONFIG_ASIGNATURAS!$B$2:$B$61,CONFIG_ASIGNATURAS!$G$2:$G$61="Sí"),36),"")} | C40: =IF(B40="","",IFERROR(IF(VLOOKUP(B40,CONFIG_ASIGNATURAS!$B$2:$F$61,5,FALSE())="Sí","Especialidad","Asignatura"),"Asignatura")) | D40: =COUNTIFS(DATOS!G:G,CONFIG_METADATA!$B$4,DATOS!I:I,B40) -> 0 | E40: =IFERROR(AVERAGEIFS(DATOS!K:K,DATOS!G:G,CONFIG_METADATA!$B$4,DATOS!I:I,B40),"—") -> — | F40: {=IFERROR(_xlfn.STDEV.P(IF((nEVAL=CONFIG_METADATA!$B$4)*(nASIG=B40),nNOTA)),"—")} -> — | G40: {=IFERROR(_xlfn.MODE.SNGL(IF((nEVAL=CONFIG_METADATA!$B$4)*(nASIG=B40),nNOTA)),"—")} -> — | H40: =IFERROR(COUNTIFS(DATOS!G:G,CONFIG_METADATA!$B$4,DATOS!I:I,B40,DATOS!L:L,"S")/COUNTIFS(DATOS!G:G,CONFIG_METADATA!$B$4,DATOS!I:I,B40),"—") -> — | I40: =IFERROR(COUNTIFS(DATOS!G:G,CONFIG_METADATA!$B$4,DATOS!I:I,B40,DATOS!L:L,"N")/COUNTIFS(DATOS!G:G,CONFIG_METADATA!$B$4,DATOS!I:I,B40),"—") -> — | J40: {=IFERROR(_xlfn.MODE.SNGL(IF((nEVAL=CONFIG_METADATA!$B$4)*(nASIG=B40)*(nAPTO="S"),nNOTA)),"—")} -> — | K40: {=IFERROR(_xlfn.MODE.SNGL(IF((nEVAL=CONFIG_METADATA!$B$4)*(nASIG=B40)*(nAPTO="N"),nNOTA)),"—")} -> — | L40: =COUNTIFS(DATOS!G:G,CONFIG_METADATA!$B$4,DATOS!I:I,B40,DATOS!K:K,1) -> 0 | M40: =COUNTIFS(DATOS!G:G,CONFIG_METADATA!$B$4,DATOS!I:I,B40,DATOS!K:K,2) -> 0 | N40: =COUNTIFS(DATOS!G:G,CONFIG_METADATA!$B$4,DATOS!I:I,B40,DATOS!K:K,3) -> 0 | O40: =COUNTIFS(DATOS!G:G,CONFIG_METADATA!$B$4,DATOS!I:I,B40,DATOS!K:K,4) -> 0 | P40: =COUNTIFS(DATOS!G:G,CONFIG_METADATA!$B$4,DATOS!I:I,B40,DATOS!K:K,5) -> 0 | Q40: =COUNTIFS(DATOS!G:G,CONFIG_METADATA!$B$4,DATOS!I:I,B40,DATOS!K:K,6) -> 0 | R40: =COUNTIFS(DATOS!G:G,CONFIG_METADATA!$B$4,DATOS!I:I,B40,DATOS!K:K,7) -> 0 | S40: =COUNTIFS(DATOS!G:G,CONFIG_METADATA!$B$4,DATOS!I:I,B40,DATOS!K:K,8) -> 0 | T40: =COUNTIFS(DATOS!G:G,CONFIG_METADATA!$B$4,DATOS!I:I,B40,DATOS!K:K,9) -> 0 | U40: =COUNTIFS(DATOS!G:G,CONFIG_METADATA!$B$4,DATOS!I:I,B40,DATOS!K:K,10) -> 0
A41: GLOBAL | B41: {=IFERROR(INDEX(_xlfn._xlws.FILTER(CONFIG_ASIGNATURAS!$B$2:$B$61,CONFIG_ASIGNATURAS!$G$2:$G$61="Sí"),37),"")} | C41: =IF(B41="","",IFERROR(IF(VLOOKUP(B41,CONFIG_ASIGNATURAS!$B$2:$F$61,5,FALSE())="Sí","Especialidad","Asignatura"),"Asignatura")) | D41: =COUNTIFS(DATOS!G:G,CONFIG_METADATA!$B$4,DATOS!I:I,B41) -> 0 | E41: =IFERROR(AVERAGEIFS(DATOS!K:K,DATOS!G:G,CONFIG_METADATA!$B$4,DATOS!I:I,B41),"—") -> — | F41: {=IFERROR(_xlfn.STDEV.P(IF((nEVAL=CONFIG_METADATA!$B$4)*(nASIG=B41),nNOTA)),"—")} -> — | G41: {=IFERROR(_xlfn.MODE.SNGL(IF((nEVAL=CONFIG_METADATA!$B$4)*(nASIG=B41),nNOTA)),"—")} -> — | H41: =IFERROR(COUNTIFS(DATOS!G:G,CONFIG_METADATA!$B$4,DATOS!I:I,B41,DATOS!L:L,"S")/COUNTIFS(DATOS!G:G,CONFIG_METADATA!$B$4,DATOS!I:I,B41),"—") -> — | I41: =IFERROR(COUNTIFS(DATOS!G:G,CONFIG_METADATA!$B$4,DATOS!I:I,B41,DATOS!L:L,"N")/COUNTIFS(DATOS!G:G,CONFIG_METADATA!$B$4,DATOS!I:I,B41),"—") -> — | J41: {=IFERROR(_xlfn.MODE.SNGL(IF((nEVAL=CONFIG_METADATA!$B$4)*(nASIG=B41)*(nAPTO="S"),nNOTA)),"—")} -> — | K41: {=IFERROR(_xlfn.MODE.SNGL(IF((nEVAL=CONFIG_METADATA!$B$4)*(nASIG=B41)*(nAPTO="N"),nNOTA)),"—")} -> — | L41: =COUNTIFS(DATOS!G:G,CONFIG_METADATA!$B$4,DATOS!I:I,B41,DATOS!K:K,1) -> 0 | M41: =COUNTIFS(DATOS!G:G,CONFIG_METADATA!$B$4,DATOS!I:I,B41,DATOS!K:K,2) -> 0 | N41: =COUNTIFS(DATOS!G:G,CONFIG_METADATA!$B$4,DATOS!I:I,B41,DATOS!K:K,3) -> 0 | O41: =COUNTIFS(DATOS!G:G,CONFIG_METADATA!$B$4,DATOS!I:I,B41,DATOS!K:K,4) -> 0 | P41: =COUNTIFS(DATOS!G:G,CONFIG_METADATA!$B$4,DATOS!I:I,B41,DATOS!K:K,5) -> 0 | Q41: =COUNTIFS(DATOS!G:G,CONFIG_METADATA!$B$4,DATOS!I:I,B41,DATOS!K:K,6) -> 0 | R41: =COUNTIFS(DATOS!G:G,CONFIG_METADATA!$B$4,DATOS!I:I,B41,DATOS!K:K,7) -> 0 | S41: =COUNTIFS(DATOS!G:G,CONFIG_METADATA!$B$4,DATOS!I:I,B41,DATOS!K:K,8) -> 0 | T41: =COUNTIFS(DATOS!G:G,CONFIG_METADATA!$B$4,DATOS!I:I,B41,DATOS!K:K,9) -> 0 | U41: =COUNTIFS(DATOS!G:G,CONFIG_METADATA!$B$4,DATOS!I:I,B41,DATOS!K:K,10) -> 0
A42: GLOBAL | B42: {=IFERROR(INDEX(_xlfn._xlws.FILTER(CONFIG_ASIGNATURAS!$B$2:$B$61,CONFIG_ASIGNATURAS!$G$2:$G$61="Sí"),38),"")} | C42: =IF(B42="","",IFERROR(IF(VLOOKUP(B42,CONFIG_ASIGNATURAS!$B$2:$F$61,5,FALSE())="Sí","Especialidad","Asignatura"),"Asignatura")) | D42: =COUNTIFS(DATOS!G:G,CONFIG_METADATA!$B$4,DATOS!I:I,B42) -> 0 | E42: =IFERROR(AVERAGEIFS(DATOS!K:K,DATOS!G:G,CONFIG_METADATA!$B$4,DATOS!I:I,B42),"—") -> — | F42: {=IFERROR(_xlfn.STDEV.P(IF((nEVAL=CONFIG_METADATA!$B$4)*(nASIG=B42),nNOTA)),"—")} -> — | G42: {=IFERROR(_xlfn.MODE.SNGL(IF((nEVAL=CONFIG_METADATA!$B$4)*(nASIG=B42),nNOTA)),"—")} -> — | H42: =IFERROR(COUNTIFS(DATOS!G:G,CONFIG_METADATA!$B$4,DATOS!I:I,B42,DATOS!L:L,"S")/COUNTIFS(DATOS!G:G,CONFIG_METADATA!$B$4,DATOS!I:I,B42),"—") -> — | I42: =IFERROR(COUNTIFS(DATOS!G:G,CONFIG_METADATA!$B$4,DATOS!I:I,B42,DATOS!L:L,"N")/COUNTIFS(DATOS!G:G,CONFIG_METADATA!$B$4,DATOS!I:I,B42),"—") -> — | J42: {=IFERROR(_xlfn.MODE.SNGL(IF((nEVAL=CONFIG_METADATA!$B$4)*(nASIG=B42)*(nAPTO="S"),nNOTA)),"—")} -> — | K42: {=IFERROR(_xlfn.MODE.SNGL(IF((nEVAL=CONFIG_METADATA!$B$4)*(nASIG=B42)*(nAPTO="N"),nNOTA)),"—")} -> — | L42: =COUNTIFS(DATOS!G:G,CONFIG_METADATA!$B$4,DATOS!I:I,B42,DATOS!K:K,1) -> 0 | M42: =COUNTIFS(DATOS!G:G,CONFIG_METADATA!$B$4,DATOS!I:I,B42,DATOS!K:K,2) -> 0 | N42: =COUNTIFS(DATOS!G:G,CONFIG_METADATA!$B$4,DATOS!I:I,B42,DATOS!K:K,3) -> 0 | O42: =COUNTIFS(DATOS!G:G,CONFIG_METADATA!$B$4,DATOS!I:I,B42,DATOS!K:K,4) -> 0 | P42: =COUNTIFS(DATOS!G:G,CONFIG_METADATA!$B$4,DATOS!I:I,B42,DATOS!K:K,5) -> 0 | Q42: =COUNTIFS(DATOS!G:G,CONFIG_METADATA!$B$4,DATOS!I:I,B42,DATOS!K:K,6) -> 0 | R42: =COUNTIFS(DATOS!G:G,CONFIG_METADATA!$B$4,DATOS!I:I,B42,DATOS!K:K,7) -> 0 | S42: =COUNTIFS(DATOS!G:G,CONFIG_METADATA!$B$4,DATOS!I:I,B42,DATOS!K:K,8) -> 0 | T42: =COUNTIFS(DATOS!G:G,CONFIG_METADATA!$B$4,DATOS!I:I,B42,DATOS!K:K,9) -> 0 | U42: =COUNTIFS(DATOS!G:G,CONFIG_METADATA!$B$4,DATOS!I:I,B42,DATOS!K:K,10) -> 0
A43: GLOBAL | B43: {=IFERROR(INDEX(_xlfn._xlws.FILTER(CONFIG_ASIGNATURAS!$B$2:$B$61,CONFIG_ASIGNATURAS!$G$2:$G$61="Sí"),39),"")} | C43: =IF(B43="","",IFERROR(IF(VLOOKUP(B43,CONFIG_ASIGNATURAS!$B$2:$F$61,5,FALSE())="Sí","Especialidad","Asignatura"),"Asignatura")) | D43: =COUNTIFS(DATOS!G:G,CONFIG_METADATA!$B$4,DATOS!I:I,B43) -> 0 | E43: =IFERROR(AVERAGEIFS(DATOS!K:K,DATOS!G:G,CONFIG_METADATA!$B$4,DATOS!I:I,B43),"—") -> — | F43: {=IFERROR(_xlfn.STDEV.P(IF((nEVAL=CONFIG_METADATA!$B$4)*(nASIG=B43),nNOTA)),"—")} -> — | G43: {=IFERROR(_xlfn.MODE.SNGL(IF((nEVAL=CONFIG_METADATA!$B$4)*(nASIG=B43),nNOTA)),"—")} -> — | H43: =IFERROR(COUNTIFS(DATOS!G:G,CONFIG_METADATA!$B$4,DATOS!I:I,B43,DATOS!L:L,"S")/COUNTIFS(DATOS!G:G,CONFIG_METADATA!$B$4,DATOS!I:I,B43),"—") -> — | I43: =IFERROR(COUNTIFS(DATOS!G:G,CONFIG_METADATA!$B$4,DATOS!I:I,B43,DATOS!L:L,"N")/COUNTIFS(DATOS!G:G,CONFIG_METADATA!$B$4,DATOS!I:I,B43),"—") -> — | J43: {=IFERROR(_xlfn.MODE.SNGL(IF((nEVAL=CONFIG_METADATA!$B$4)*(nASIG=B43)*(nAPTO="S"),nNOTA)),"—")} -> — | K43: {=IFERROR(_xlfn.MODE.SNGL(IF((nEVAL=CONFIG_METADATA!$B$4)*(nASIG=B43)*(nAPTO="N"),nNOTA)),"—")} -> — | L43: =COUNTIFS(DATOS!G:G,CONFIG_METADATA!$B$4,DATOS!I:I,B43,DATOS!K:K,1) -> 0 | M43: =COUNTIFS(DATOS!G:G,CONFIG_METADATA!$B$4,DATOS!I:I,B43,DATOS!K:K,2) -> 0 | N43: =COUNTIFS(DATOS!G:G,CONFIG_METADATA!$B$4,DATOS!I:I,B43,DATOS!K:K,3) -> 0 | O43: =COUNTIFS(DATOS!G:G,CONFIG_METADATA!$B$4,DATOS!I:I,B43,DATOS!K:K,4) -> 0 | P43: =COUNTIFS(DATOS!G:G,CONFIG_METADATA!$B$4,DATOS!I:I,B43,DATOS!K:K,5) -> 0 | Q43: =COUNTIFS(DATOS!G:G,CONFIG_METADATA!$B$4,DATOS!I:I,B43,DATOS!K:K,6) -> 0 | R43: =COUNTIFS(DATOS!G:G,CONFIG_METADATA!$B$4,DATOS!I:I,B43,DATOS!K:K,7) -> 0 | S43: =COUNTIFS(DATOS!G:G,CONFIG_METADATA!$B$4,DATOS!I:I,B43,DATOS!K:K,8) -> 0 | T43: =COUNTIFS(DATOS!G:G,CONFIG_METADATA!$B$4,DATOS!I:I,B43,DATOS!K:K,9) -> 0 | U43: =COUNTIFS(DATOS!G:G,CONFIG_METADATA!$B$4,DATOS!I:I,B43,DATOS!K:K,10) -> 0
A44: GLOBAL | B44: {=IFERROR(INDEX(_xlfn._xlws.FILTER(CONFIG_ASIGNATURAS!$B$2:$B$61,CONFIG_ASIGNATURAS!$G$2:$G$61="Sí"),40),"")} | C44: =IF(B44="","",IFERROR(IF(VLOOKUP(B44,CONFIG_ASIGNATURAS!$B$2:$F$61,5,FALSE())="Sí","Especialidad","Asignatura"),"Asignatura")) | D44: =COUNTIFS(DATOS!G:G,CONFIG_METADATA!$B$4,DATOS!I:I,B44) -> 0 | E44: =IFERROR(AVERAGEIFS(DATOS!K:K,DATOS!G:G,CONFIG_METADATA!$B$4,DATOS!I:I,B44),"—") -> — | F44: {=IFERROR(_xlfn.STDEV.P(IF((nEVAL=CONFIG_METADATA!$B$4)*(nASIG=B44),nNOTA)),"—")} -> — | G44: {=IFERROR(_xlfn.MODE.SNGL(IF((nEVAL=CONFIG_METADATA!$B$4)*(nASIG=B44),nNOTA)),"—")} -> — | H44: =IFERROR(COUNTIFS(DATOS!G:G,CONFIG_METADATA!$B$4,DATOS!I:I,B44,DATOS!L:L,"S")/COUNTIFS(DATOS!G:G,CONFIG_METADATA!$B$4,DATOS!I:I,B44),"—") -> — | I44: =IFERROR(COUNTIFS(DATOS!G:G,CONFIG_METADATA!$B$4,DATOS!I:I,B44,DATOS!L:L,"N")/COUNTIFS(DATOS!G:G,CONFIG_METADATA!$B$4,DATOS!I:I,B44),"—") -> — | J44: {=IFERROR(_xlfn.MODE.SNGL(IF((nEVAL=CONFIG_METADATA!$B$4)*(nASIG=B44)*(nAPTO="S"),nNOTA)),"—")} -> — | K44: {=IFERROR(_xlfn.MODE.SNGL(IF((nEVAL=CONFIG_METADATA!$B$4)*(nASIG=B44)*(nAPTO="N"),nNOTA)),"—")} -> — | L44: =COUNTIFS(DATOS!G:G,CONFIG_METADATA!$B$4,DATOS!I:I,B44,DATOS!K:K,1) -> 0 | M44: =COUNTIFS(DATOS!G:G,CONFIG_METADATA!$B$4,DATOS!I:I,B44,DATOS!K:K,2) -> 0 | N44: =COUNTIFS(DATOS!G:G,CONFIG_METADATA!$B$4,DATOS!I:I,B44,DATOS!K:K,3) -> 0 | O44: =COUNTIFS(DATOS!G:G,CONFIG_METADATA!$B$4,DATOS!I:I,B44,DATOS!K:K,4) -> 0 | P44: =COUNTIFS(DATOS!G:G,CONFIG_METADATA!$B$4,DATOS!I:I,B44,DATOS!K:K,5) -> 0 | Q44: =COUNTIFS(DATOS!G:G,CONFIG_METADATA!$B$4,DATOS!I:I,B44,DATOS!K:K,6) -> 0 | R44: =COUNTIFS(DATOS!G:G,CONFIG_METADATA!$B$4,DATOS!I:I,B44,DATOS!K:K,7) -> 0 | S44: =COUNTIFS(DATOS!G:G,CONFIG_METADATA!$B$4,DATOS!I:I,B44,DATOS!K:K,8) -> 0 | T44: =COUNTIFS(DATOS!G:G,CONFIG_METADATA!$B$4,DATOS!I:I,B44,DATOS!K:K,9) -> 0 | U44: =COUNTIFS(DATOS!G:G,CONFIG_METADATA!$B$4,DATOS!I:I,B44,DATOS!K:K,10) -> 0
A45: GLOBAL | B45: {=IFERROR(INDEX(_xlfn._xlws.FILTER(CONFIG_ASIGNATURAS!$B$2:$B$61,CONFIG_ASIGNATURAS!$G$2:$G$61="Sí"),41),"")} | C45: =IF(B45="","",IFERROR(IF(VLOOKUP(B45,CONFIG_ASIGNATURAS!$B$2:$F$61,5,FALSE())="Sí","Especialidad","Asignatura"),"Asignatura")) | D45: =COUNTIFS(DATOS!G:G,CONFIG_METADATA!$B$4,DATOS!I:I,B45) -> 0 | E45: =IFERROR(AVERAGEIFS(DATOS!K:K,DATOS!G:G,CONFIG_METADATA!$B$4,DATOS!I:I,B45),"—") -> — | F45: {=IFERROR(_xlfn.STDEV.P(IF((nEVAL=CONFIG_METADATA!$B$4)*(nASIG=B45),nNOTA)),"—")} -> — | G45: {=IFERROR(_xlfn.MODE.SNGL(IF((nEVAL=CONFIG_METADATA!$B$4)*(nASIG=B45),nNOTA)),"—")} -> — | H45: =IFERROR(COUNTIFS(DATOS!G:G,CONFIG_METADATA!$B$4,DATOS!I:I,B45,DATOS!L:L,"S")/COUNTIFS(DATOS!G:G,CONFIG_METADATA!$B$4,DATOS!I:I,B45),"—") -> — | I45: =IFERROR(COUNTIFS(DATOS!G:G,CONFIG_METADATA!$B$4,DATOS!I:I,B45,DATOS!L:L,"N")/COUNTIFS(DATOS!G:G,CONFIG_METADATA!$B$4,DATOS!I:I,B45),"—") -> — | J45: {=IFERROR(_xlfn.MODE.SNGL(IF((nEVAL=CONFIG_METADATA!$B$4)*(nASIG=B45)*(nAPTO="S"),nNOTA)),"—")} -> — | K45: {=IFERROR(_xlfn.MODE.SNGL(IF((nEVAL=CONFIG_METADATA!$B$4)*(nASIG=B45)*(nAPTO="N"),nNOTA)),"—")} -> — | L45: =COUNTIFS(DATOS!G:G,CONFIG_METADATA!$B$4,DATOS!I:I,B45,DATOS!K:K,1) -> 0 | M45: =COUNTIFS(DATOS!G:G,CONFIG_METADATA!$B$4,DATOS!I:I,B45,DATOS!K:K,2) -> 0 | N45: =COUNTIFS(DATOS!G:G,CONFIG_METADATA!$B$4,DATOS!I:I,B45,DATOS!K:K,3) -> 0 | O45: =COUNTIFS(DATOS!G:G,CONFIG_METADATA!$B$4,DATOS!I:I,B45,DATOS!K:K,4) -> 0 | P45: =COUNTIFS(DATOS!G:G,CONFIG_METADATA!$B$4,DATOS!I:I,B45,DATOS!K:K,5) -> 0 | Q45: =COUNTIFS(DATOS!G:G,CONFIG_METADATA!$B$4,DATOS!I:I,B45,DATOS!K:K,6) -> 0 | R45: =COUNTIFS(DATOS!G:G,CONFIG_METADATA!$B$4,DATOS!I:I,B45,DATOS!K:K,7) -> 0 | S45: =COUNTIFS(DATOS!G:G,CONFIG_METADATA!$B$4,DATOS!I:I,B45,DATOS!K:K,8) -> 0 | T45: =COUNTIFS(DATOS!G:G,CONFIG_METADATA!$B$4,DATOS!I:I,B45,DATOS!K:K,9) -> 0 | U45: =COUNTIFS(DATOS!G:G,CONFIG_METADATA!$B$4,DATOS!I:I,B45,DATOS!K:K,10) -> 0
A46: GLOBAL | B46: {=IFERROR(INDEX(_xlfn._xlws.FILTER(CONFIG_ASIGNATURAS!$B$2:$B$61,CONFIG_ASIGNATURAS!$G$2:$G$61="Sí"),42),"")} | C46: =IF(B46="","",IFERROR(IF(VLOOKUP(B46,CONFIG_ASIGNATURAS!$B$2:$F$61,5,FALSE())="Sí","Especialidad","Asignatura"),"Asignatura")) | D46: =COUNTIFS(DATOS!G:G,CONFIG_METADATA!$B$4,DATOS!I:I,B46) -> 0 | E46: =IFERROR(AVERAGEIFS(DATOS!K:K,DATOS!G:G,CONFIG_METADATA!$B$4,DATOS!I:I,B46),"—") -> — | F46: {=IFERROR(_xlfn.STDEV.P(IF((nEVAL=CONFIG_METADATA!$B$4)*(nASIG=B46),nNOTA)),"—")} -> — | G46: {=IFERROR(_xlfn.MODE.SNGL(IF((nEVAL=CONFIG_METADATA!$B$4)*(nASIG=B46),nNOTA)),"—")} -> — | H46: =IFERROR(COUNTIFS(DATOS!G:G,CONFIG_METADATA!$B$4,DATOS!I:I,B46,DATOS!L:L,"S")/COUNTIFS(DATOS!G:G,CONFIG_METADATA!$B$4,DATOS!I:I,B46),"—") -> — | I46: =IFERROR(COUNTIFS(DATOS!G:G,CONFIG_METADATA!$B$4,DATOS!I:I,B46,DATOS!L:L,"N")/COUNTIFS(DATOS!G:G,CONFIG_METADATA!$B$4,DATOS!I:I,B46),"—") -> — | J46: {=IFERROR(_xlfn.MODE.SNGL(IF((nEVAL=CONFIG_METADATA!$B$4)*(nASIG=B46)*(nAPTO="S"),nNOTA)),"—")} -> — | K46: {=IFERROR(_xlfn.MODE.SNGL(IF((nEVAL=CONFIG_METADATA!$B$4)*(nASIG=B46)*(nAPTO="N"),nNOTA)),"—")} -> — | L46: =COUNTIFS(DATOS!G:G,CONFIG_METADATA!$B$4,DATOS!I:I,B46,DATOS!K:K,1) -> 0 | M46: =COUNTIFS(DATOS!G:G,CONFIG_METADATA!$B$4,DATOS!I:I,B46,DATOS!K:K,2) -> 0 | N46: =COUNTIFS(DATOS!G:G,CONFIG_METADATA!$B$4,DATOS!I:I,B46,DATOS!K:K,3) -> 0 | O46: =COUNTIFS(DATOS!G:G,CONFIG_METADATA!$B$4,DATOS!I:I,B46,DATOS!K:K,4) -> 0 | P46: =COUNTIFS(DATOS!G:G,CONFIG_METADATA!$B$4,DATOS!I:I,B46,DATOS!K:K,5) -> 0 | Q46: =COUNTIFS(DATOS!G:G,CONFIG_METADATA!$B$4,DATOS!I:I,B46,DATOS!K:K,6) -> 0 | R46: =COUNTIFS(DATOS!G:G,CONFIG_METADATA!$B$4,DATOS!I:I,B46,DATOS!K:K,7) -> 0 | S46: =COUNTIFS(DATOS!G:G,CONFIG_METADATA!$B$4,DATOS!I:I,B46,DATOS!K:K,8) -> 0 | T46: =COUNTIFS(DATOS!G:G,CONFIG_METADATA!$B$4,DATOS!I:I,B46,DATOS!K:K,9) -> 0 | U46: =COUNTIFS(DATOS!G:G,CONFIG_METADATA!$B$4,DATOS!I:I,B46,DATOS!K:K,10) -> 0
A47: GLOBAL | B47: {=IFERROR(INDEX(_xlfn._xlws.FILTER(CONFIG_ASIGNATURAS!$B$2:$B$61,CONFIG_ASIGNATURAS!$G$2:$G$61="Sí"),43),"")} | C47: =IF(B47="","",IFERROR(IF(VLOOKUP(B47,CONFIG_ASIGNATURAS!$B$2:$F$61,5,FALSE())="Sí","Especialidad","Asignatura"),"Asignatura")) | D47: =COUNTIFS(DATOS!G:G,CONFIG_METADATA!$B$4,DATOS!I:I,B47) -> 0 | E47: =IFERROR(AVERAGEIFS(DATOS!K:K,DATOS!G:G,CONFIG_METADATA!$B$4,DATOS!I:I,B47),"—") -> — | F47: {=IFERROR(_xlfn.STDEV.P(IF((nEVAL=CONFIG_METADATA!$B$4)*(nASIG=B47),nNOTA)),"—")} -> — | G47: {=IFERROR(_xlfn.MODE.SNGL(IF((nEVAL=CONFIG_METADATA!$B$4)*(nASIG=B47),nNOTA)),"—")} -> — | H47: =IFERROR(COUNTIFS(DATOS!G:G,CONFIG_METADATA!$B$4,DATOS!I:I,B47,DATOS!L:L,"S")/COUNTIFS(DATOS!G:G,CONFIG_METADATA!$B$4,DATOS!I:I,B47),"—") -> — | I47: =IFERROR(COUNTIFS(DATOS!G:G,CONFIG_METADATA!$B$4,DATOS!I:I,B47,DATOS!L:L,"N")/COUNTIFS(DATOS!G:G,CONFIG_METADATA!$B$4,DATOS!I:I,B47),"—") -> — | J47: {=IFERROR(_xlfn.MODE.SNGL(IF((nEVAL=CONFIG_METADATA!$B$4)*(nASIG=B47)*(nAPTO="S"),nNOTA)),"—")} -> — | K47: {=IFERROR(_xlfn.MODE.SNGL(IF((nEVAL=CONFIG_METADATA!$B$4)*(nASIG=B47)*(nAPTO="N"),nNOTA)),"—")} -> — | L47: =COUNTIFS(DATOS!G:G,CONFIG_METADATA!$B$4,DATOS!I:I,B47,DATOS!K:K,1) -> 0 | M47: =COUNTIFS(DATOS!G:G,CONFIG_METADATA!$B$4,DATOS!I:I,B47,DATOS!K:K,2) -> 0 | N47: =COUNTIFS(DATOS!G:G,CONFIG_METADATA!$B$4,DATOS!I:I,B47,DATOS!K:K,3) -> 0 | O47: =COUNTIFS(DATOS!G:G,CONFIG_METADATA!$B$4,DATOS!I:I,B47,DATOS!K:K,4) -> 0 | P47: =COUNTIFS(DATOS!G:G,CONFIG_METADATA!$B$4,DATOS!I:I,B47,DATOS!K:K,5) -> 0 | Q47: =COUNTIFS(DATOS!G:G,CONFIG_METADATA!$B$4,DATOS!I:I,B47,DATOS!K:K,6) -> 0 | R47: =COUNTIFS(DATOS!G:G,CONFIG_METADATA!$B$4,DATOS!I:I,B47,DATOS!K:K,7) -> 0 | S47: =COUNTIFS(DATOS!G:G,CONFIG_METADATA!$B$4,DATOS!I:I,B47,DATOS!K:K,8) -> 0 | T47: =COUNTIFS(DATOS!G:G,CONFIG_METADATA!$B$4,DATOS!I:I,B47,DATOS!K:K,9) -> 0 | U47: =COUNTIFS(DATOS!G:G,CONFIG_METADATA!$B$4,DATOS!I:I,B47,DATOS!K:K,10) -> 0
A48: GLOBAL | B48: {=IFERROR(INDEX(_xlfn._xlws.FILTER(CONFIG_ASIGNATURAS!$B$2:$B$61,CONFIG_ASIGNATURAS!$G$2:$G$61="Sí"),44),"")} | C48: =IF(B48="","",IFERROR(IF(VLOOKUP(B48,CONFIG_ASIGNATURAS!$B$2:$F$61,5,FALSE())="Sí","Especialidad","Asignatura"),"Asignatura")) | D48: =COUNTIFS(DATOS!G:G,CONFIG_METADATA!$B$4,DATOS!I:I,B48) -> 0 | E48: =IFERROR(AVERAGEIFS(DATOS!K:K,DATOS!G:G,CONFIG_METADATA!$B$4,DATOS!I:I,B48),"—") -> — | F48: {=IFERROR(_xlfn.STDEV.P(IF((nEVAL=CONFIG_METADATA!$B$4)*(nASIG=B48),nNOTA)),"—")} -> — | G48: {=IFERROR(_xlfn.MODE.SNGL(IF((nEVAL=CONFIG_METADATA!$B$4)*(nASIG=B48),nNOTA)),"—")} -> — | H48: =IFERROR(COUNTIFS(DATOS!G:G,CONFIG_METADATA!$B$4,DATOS!I:I,B48,DATOS!L:L,"S")/COUNTIFS(DATOS!G:G,CONFIG_METADATA!$B$4,DATOS!I:I,B48),"—") -> — | I48: =IFERROR(COUNTIFS(DATOS!G:G,CONFIG_METADATA!$B$4,DATOS!I:I,B48,DATOS!L:L,"N")/COUNTIFS(DATOS!G:G,CONFIG_METADATA!$B$4,DATOS!I:I,B48),"—") -> — | J48: {=IFERROR(_xlfn.MODE.SNGL(IF((nEVAL=CONFIG_METADATA!$B$4)*(nASIG=B48)*(nAPTO="S"),nNOTA)),"—")} -> — | K48: {=IFERROR(_xlfn.MODE.SNGL(IF((nEVAL=CONFIG_METADATA!$B$4)*(nASIG=B48)*(nAPTO="N"),nNOTA)),"—")} -> — | L48: =COUNTIFS(DATOS!G:G,CONFIG_METADATA!$B$4,DATOS!I:I,B48,DATOS!K:K,1) -> 0 | M48: =COUNTIFS(DATOS!G:G,CONFIG_METADATA!$B$4,DATOS!I:I,B48,DATOS!K:K,2) -> 0 | N48: =COUNTIFS(DATOS!G:G,CONFIG_METADATA!$B$4,DATOS!I:I,B48,DATOS!K:K,3) -> 0 | O48: =COUNTIFS(DATOS!G:G,CONFIG_METADATA!$B$4,DATOS!I:I,B48,DATOS!K:K,4) -> 0 | P48: =COUNTIFS(DATOS!G:G,CONFIG_METADATA!$B$4,DATOS!I:I,B48,DATOS!K:K,5) -> 0 | Q48: =COUNTIFS(DATOS!G:G,CONFIG_METADATA!$B$4,DATOS!I:I,B48,DATOS!K:K,6) -> 0 | R48: =COUNTIFS(DATOS!G:G,CONFIG_METADATA!$B$4,DATOS!I:I,B48,DATOS!K:K,7) -> 0 | S48: =COUNTIFS(DATOS!G:G,CONFIG_METADATA!$B$4,DATOS!I:I,B48,DATOS!K:K,8) -> 0 | T48: =COUNTIFS(DATOS!G:G,CONFIG_METADATA!$B$4,DATOS!I:I,B48,DATOS!K:K,9) -> 0 | U48: =COUNTIFS(DATOS!G:G,CONFIG_METADATA!$B$4,DATOS!I:I,B48,DATOS!K:K,10) -> 0
A49: GLOBAL | B49: {=IFERROR(INDEX(_xlfn._xlws.FILTER(CONFIG_ASIGNATURAS!$B$2:$B$61,CONFIG_ASIGNATURAS!$G$2:$G$61="Sí"),45),"")} | C49: =IF(B49="","",IFERROR(IF(VLOOKUP(B49,CONFIG_ASIGNATURAS!$B$2:$F$61,5,FALSE())="Sí","Especialidad","Asignatura"),"Asignatura")) | D49: =COUNTIFS(DATOS!G:G,CONFIG_METADATA!$B$4,DATOS!I:I,B49) -> 0 | E49: =IFERROR(AVERAGEIFS(DATOS!K:K,DATOS!G:G,CONFIG_METADATA!$B$4,DATOS!I:I,B49),"—") -> — | F49: {=IFERROR(_xlfn.STDEV.P(IF((nEVAL=CONFIG_METADATA!$B$4)*(nASIG=B49),nNOTA)),"—")} -> — | G49: {=IFERROR(_xlfn.MODE.SNGL(IF((nEVAL=CONFIG_METADATA!$B$4)*(nASIG=B49),nNOTA)),"—")} -> — | H49: =IFERROR(COUNTIFS(DATOS!G:G,CONFIG_METADATA!$B$4,DATOS!I:I,B49,DATOS!L:L,"S")/COUNTIFS(DATOS!G:G,CONFIG_METADATA!$B$4,DATOS!I:I,B49),"—") -> — | I49: =IFERROR(COUNTIFS(DATOS!G:G,CONFIG_METADATA!$B$4,DATOS!I:I,B49,DATOS!L:L,"N")/COUNTIFS(DATOS!G:G,CONFIG_METADATA!$B$4,DATOS!I:I,B49),"—") -> — | J49: {=IFERROR(_xlfn.MODE.SNGL(IF((nEVAL=CONFIG_METADATA!$B$4)*(nASIG=B49)*(nAPTO="S"),nNOTA)),"—")} -> — | K49: {=IFERROR(_xlfn.MODE.SNGL(IF((nEVAL=CONFIG_METADATA!$B$4)*(nASIG=B49)*(nAPTO="N"),nNOTA)),"—")} -> — | L49: =COUNTIFS(DATOS!G:G,CONFIG_METADATA!$B$4,DATOS!I:I,B49,DATOS!K:K,1) -> 0 | M49: =COUNTIFS(DATOS!G:G,CONFIG_METADATA!$B$4,DATOS!I:I,B49,DATOS!K:K,2) -> 0 | N49: =COUNTIFS(DATOS!G:G,CONFIG_METADATA!$B$4,DATOS!I:I,B49,DATOS!K:K,3) -> 0 | O49: =COUNTIFS(DATOS!G:G,CONFIG_METADATA!$B$4,DATOS!I:I,B49,DATOS!K:K,4) -> 0 | P49: =COUNTIFS(DATOS!G:G,CONFIG_METADATA!$B$4,DATOS!I:I,B49,DATOS!K:K,5) -> 0 | Q49: =COUNTIFS(DATOS!G:G,CONFIG_METADATA!$B$4,DATOS!I:I,B49,DATOS!K:K,6) -> 0 | R49: =COUNTIFS(DATOS!G:G,CONFIG_METADATA!$B$4,DATOS!I:I,B49,DATOS!K:K,7) -> 0 | S49: =COUNTIFS(DATOS!G:G,CONFIG_METADATA!$B$4,DATOS!I:I,B49,DATOS!K:K,8) -> 0 | T49: =COUNTIFS(DATOS!G:G,CONFIG_METADATA!$B$4,DATOS!I:I,B49,DATOS!K:K,9) -> 0 | U49: =COUNTIFS(DATOS!G:G,CONFIG_METADATA!$B$4,DATOS!I:I,B49,DATOS!K:K,10) -> 0
A50: GLOBAL | B50: {=IFERROR(INDEX(_xlfn._xlws.FILTER(CONFIG_ASIGNATURAS!$B$2:$B$61,CONFIG_ASIGNATURAS!$G$2:$G$61="Sí"),46),"")} | C50: =IF(B50="","",IFERROR(IF(VLOOKUP(B50,CONFIG_ASIGNATURAS!$B$2:$F$61,5,FALSE())="Sí","Especialidad","Asignatura"),"Asignatura")) | D50: =COUNTIFS(DATOS!G:G,CONFIG_METADATA!$B$4,DATOS!I:I,B50) -> 0 | E50: =IFERROR(AVERAGEIFS(DATOS!K:K,DATOS!G:G,CONFIG_METADATA!$B$4,DATOS!I:I,B50),"—") -> — | F50: {=IFERROR(_xlfn.STDEV.P(IF((nEVAL=CONFIG_METADATA!$B$4)*(nASIG=B50),nNOTA)),"—")} -> — | G50: {=IFERROR(_xlfn.MODE.SNGL(IF((nEVAL=CONFIG_METADATA!$B$4)*(nASIG=B50),nNOTA)),"—")} -> — | H50: =IFERROR(COUNTIFS(DATOS!G:G,CONFIG_METADATA!$B$4,DATOS!I:I,B50,DATOS!L:L,"S")/COUNTIFS(DATOS!G:G,CONFIG_METADATA!$B$4,DATOS!I:I,B50),"—") -> — | I50: =IFERROR(COUNTIFS(DATOS!G:G,CONFIG_METADATA!$B$4,DATOS!I:I,B50,DATOS!L:L,"N")/COUNTIFS(DATOS!G:G,CONFIG_METADATA!$B$4,DATOS!I:I,B50),"—") -> — | J50: {=IFERROR(_xlfn.MODE.SNGL(IF((nEVAL=CONFIG_METADATA!$B$4)*(nASIG=B50)*(nAPTO="S"),nNOTA)),"—")} -> — | K50: {=IFERROR(_xlfn.MODE.SNGL(IF((nEVAL=CONFIG_METADATA!$B$4)*(nASIG=B50)*(nAPTO="N"),nNOTA)),"—")} -> — | L50: =COUNTIFS(DATOS!G:G,CONFIG_METADATA!$B$4,DATOS!I:I,B50,DATOS!K:K,1) -> 0 | M50: =COUNTIFS(DATOS!G:G,CONFIG_METADATA!$B$4,DATOS!I:I,B50,DATOS!K:K,2) -> 0 | N50: =COUNTIFS(DATOS!G:G,CONFIG_METADATA!$B$4,DATOS!I:I,B50,DATOS!K:K,3) -> 0 | O50: =COUNTIFS(DATOS!G:G,CONFIG_METADATA!$B$4,DATOS!I:I,B50,DATOS!K:K,4) -> 0 | P50: =COUNTIFS(DATOS!G:G,CONFIG_METADATA!$B$4,DATOS!I:I,B50,DATOS!K:K,5) -> 0 | Q50: =COUNTIFS(DATOS!G:G,CONFIG_METADATA!$B$4,DATOS!I:I,B50,DATOS!K:K,6) -> 0 | R50: =COUNTIFS(DATOS!G:G,CONFIG_METADATA!$B$4,DATOS!I:I,B50,DATOS!K:K,7) -> 0 | S50: =COUNTIFS(DATOS!G:G,CONFIG_METADATA!$B$4,DATOS!I:I,B50,DATOS!K:K,8) -> 0 | T50: =COUNTIFS(DATOS!G:G,CONFIG_METADATA!$B$4,DATOS!I:I,B50,DATOS!K:K,9) -> 0 | U50: =COUNTIFS(DATOS!G:G,CONFIG_METADATA!$B$4,DATOS!I:I,B50,DATOS!K:K,10) -> 0
A51: GLOBAL | B51: {=IFERROR(INDEX(_xlfn._xlws.FILTER(CONFIG_ASIGNATURAS!$B$2:$B$61,CONFIG_ASIGNATURAS!$G$2:$G$61="Sí"),47),"")} | C51: =IF(B51="","",IFERROR(IF(VLOOKUP(B51,CONFIG_ASIGNATURAS!$B$2:$F$61,5,FALSE())="Sí","Especialidad","Asignatura"),"Asignatura")) | D51: =COUNTIFS(DATOS!G:G,CONFIG_METADATA!$B$4,DATOS!I:I,B51) -> 0 | E51: =IFERROR(AVERAGEIFS(DATOS!K:K,DATOS!G:G,CONFIG_METADATA!$B$4,DATOS!I:I,B51),"—") -> — | F51: {=IFERROR(_xlfn.STDEV.P(IF((nEVAL=CONFIG_METADATA!$B$4)*(nASIG=B51),nNOTA)),"—")} -> — | G51: {=IFERROR(_xlfn.MODE.SNGL(IF((nEVAL=CONFIG_METADATA!$B$4)*(nASIG=B51),nNOTA)),"—")} -> — | H51: =IFERROR(COUNTIFS(DATOS!G:G,CONFIG_METADATA!$B$4,DATOS!I:I,B51,DATOS!L:L,"S")/COUNTIFS(DATOS!G:G,CONFIG_METADATA!$B$4,DATOS!I:I,B51),"—") -> — | I51: =IFERROR(COUNTIFS(DATOS!G:G,CONFIG_METADATA!$B$4,DATOS!I:I,B51,DATOS!L:L,"N")/COUNTIFS(DATOS!G:G,CONFIG_METADATA!$B$4,DATOS!I:I,B51),"—") -> — | J51: {=IFERROR(_xlfn.MODE.SNGL(IF((nEVAL=CONFIG_METADATA!$B$4)*(nASIG=B51)*(nAPTO="S"),nNOTA)),"—")} -> — | K51: {=IFERROR(_xlfn.MODE.SNGL(IF((nEVAL=CONFIG_METADATA!$B$4)*(nASIG=B51)*(nAPTO="N"),nNOTA)),"—")} -> — | L51: =COUNTIFS(DATOS!G:G,CONFIG_METADATA!$B$4,DATOS!I:I,B51,DATOS!K:K,1) -> 0 | M51: =COUNTIFS(DATOS!G:G,CONFIG_METADATA!$B$4,DATOS!I:I,B51,DATOS!K:K,2) -> 0 | N51: =COUNTIFS(DATOS!G:G,CONFIG_METADATA!$B$4,DATOS!I:I,B51,DATOS!K:K,3) -> 0 | O51: =COUNTIFS(DATOS!G:G,CONFIG_METADATA!$B$4,DATOS!I:I,B51,DATOS!K:K,4) -> 0 | P51: =COUNTIFS(DATOS!G:G,CONFIG_METADATA!$B$4,DATOS!I:I,B51,DATOS!K:K,5) -> 0 | Q51: =COUNTIFS(DATOS!G:G,CONFIG_METADATA!$B$4,DATOS!I:I,B51,DATOS!K:K,6) -> 0 | R51: =COUNTIFS(DATOS!G:G,CONFIG_METADATA!$B$4,DATOS!I:I,B51,DATOS!K:K,7) -> 0 | S51: =COUNTIFS(DATOS!G:G,CONFIG_METADATA!$B$4,DATOS!I:I,B51,DATOS!K:K,8) -> 0 | T51: =COUNTIFS(DATOS!G:G,CONFIG_METADATA!$B$4,DATOS!I:I,B51,DATOS!K:K,9) -> 0 | U51: =COUNTIFS(DATOS!G:G,CONFIG_METADATA!$B$4,DATOS!I:I,B51,DATOS!K:K,10) -> 0
A52: GLOBAL | B52: {=IFERROR(INDEX(_xlfn._xlws.FILTER(CONFIG_ASIGNATURAS!$B$2:$B$61,CONFIG_ASIGNATURAS!$G$2:$G$61="Sí"),48),"")} | C52: =IF(B52="","",IFERROR(IF(VLOOKUP(B52,CONFIG_ASIGNATURAS!$B$2:$F$61,5,FALSE())="Sí","Especialidad","Asignatura"),"Asignatura")) | D52: =COUNTIFS(DATOS!G:G,CONFIG_METADATA!$B$4,DATOS!I:I,B52) -> 0 | E52: =IFERROR(AVERAGEIFS(DATOS!K:K,DATOS!G:G,CONFIG_METADATA!$B$4,DATOS!I:I,B52),"—") -> — | F52: {=IFERROR(_xlfn.STDEV.P(IF((nEVAL=CONFIG_METADATA!$B$4)*(nASIG=B52),nNOTA)),"—")} -> — | G52: {=IFERROR(_xlfn.MODE.SNGL(IF((nEVAL=CONFIG_METADATA!$B$4)*(nASIG=B52),nNOTA)),"—")} -> — | H52: =IFERROR(COUNTIFS(DATOS!G:G,CONFIG_METADATA!$B$4,DATOS!I:I,B52,DATOS!L:L,"S")/COUNTIFS(DATOS!G:G,CONFIG_METADATA!$B$4,DATOS!I:I,B52),"—") -> — | I52: =IFERROR(COUNTIFS(DATOS!G:G,CONFIG_METADATA!$B$4,DATOS!I:I,B52,DATOS!L:L,"N")/COUNTIFS(DATOS!G:G,CONFIG_METADATA!$B$4,DATOS!I:I,B52),"—") -> — | J52: {=IFERROR(_xlfn.MODE.SNGL(IF((nEVAL=CONFIG_METADATA!$B$4)*(nASIG=B52)*(nAPTO="S"),nNOTA)),"—")} -> — | K52: {=IFERROR(_xlfn.MODE.SNGL(IF((nEVAL=CONFIG_METADATA!$B$4)*(nASIG=B52)*(nAPTO="N"),nNOTA)),"—")} -> — | L52: =COUNTIFS(DATOS!G:G,CONFIG_METADATA!$B$4,DATOS!I:I,B52,DATOS!K:K,1) -> 0 | M52: =COUNTIFS(DATOS!G:G,CONFIG_METADATA!$B$4,DATOS!I:I,B52,DATOS!K:K,2) -> 0 | N52: =COUNTIFS(DATOS!G:G,CONFIG_METADATA!$B$4,DATOS!I:I,B52,DATOS!K:K,3) -> 0 | O52: =COUNTIFS(DATOS!G:G,CONFIG_METADATA!$B$4,DATOS!I:I,B52,DATOS!K:K,4) -> 0 | P52: =COUNTIFS(DATOS!G:G,CONFIG_METADATA!$B$4,DATOS!I:I,B52,DATOS!K:K,5) -> 0 | Q52: =COUNTIFS(DATOS!G:G,CONFIG_METADATA!$B$4,DATOS!I:I,B52,DATOS!K:K,6) -> 0 | R52: =COUNTIFS(DATOS!G:G,CONFIG_METADATA!$B$4,DATOS!I:I,B52,DATOS!K:K,7) -> 0 | S52: =COUNTIFS(DATOS!G:G,CONFIG_METADATA!$B$4,DATOS!I:I,B52,DATOS!K:K,8) -> 0 | T52: =COUNTIFS(DATOS!G:G,CONFIG_METADATA!$B$4,DATOS!I:I,B52,DATOS!K:K,9) -> 0 | U52: =COUNTIFS(DATOS!G:G,CONFIG_METADATA!$B$4,DATOS!I:I,B52,DATOS!K:K,10) -> 0
A53: GLOBAL | B53: {=IFERROR(INDEX(_xlfn._xlws.FILTER(CONFIG_ASIGNATURAS!$B$2:$B$61,CONFIG_ASIGNATURAS!$G$2:$G$61="Sí"),49),"")} | C53: =IF(B53="","",IFERROR(IF(VLOOKUP(B53,CONFIG_ASIGNATURAS!$B$2:$F$61,5,FALSE())="Sí","Especialidad","Asignatura"),"Asignatura")) | D53: =COUNTIFS(DATOS!G:G,CONFIG_METADATA!$B$4,DATOS!I:I,B53) -> 0 | E53: =IFERROR(AVERAGEIFS(DATOS!K:K,DATOS!G:G,CONFIG_METADATA!$B$4,DATOS!I:I,B53),"—") -> — | F53: {=IFERROR(_xlfn.STDEV.P(IF((nEVAL=CONFIG_METADATA!$B$4)*(nASIG=B53),nNOTA)),"—")} -> — | G53: {=IFERROR(_xlfn.MODE.SNGL(IF((nEVAL=CONFIG_METADATA!$B$4)*(nASIG=B53),nNOTA)),"—")} -> — | H53: =IFERROR(COUNTIFS(DATOS!G:G,CONFIG_METADATA!$B$4,DATOS!I:I,B53,DATOS!L:L,"S")/COUNTIFS(DATOS!G:G,CONFIG_METADATA!$B$4,DATOS!I:I,B53),"—") -> — | I53: =IFERROR(COUNTIFS(DATOS!G:G,CONFIG_METADATA!$B$4,DATOS!I:I,B53,DATOS!L:L,"N")/COUNTIFS(DATOS!G:G,CONFIG_METADATA!$B$4,DATOS!I:I,B53),"—") -> — | J53: {=IFERROR(_xlfn.MODE.SNGL(IF((nEVAL=CONFIG_METADATA!$B$4)*(nASIG=B53)*(nAPTO="S"),nNOTA)),"—")} -> — | K53: {=IFERROR(_xlfn.MODE.SNGL(IF((nEVAL=CONFIG_METADATA!$B$4)*(nASIG=B53)*(nAPTO="N"),nNOTA)),"—")} -> — | L53: =COUNTIFS(DATOS!G:G,CONFIG_METADATA!$B$4,DATOS!I:I,B53,DATOS!K:K,1) -> 0 | M53: =COUNTIFS(DATOS!G:G,CONFIG_METADATA!$B$4,DATOS!I:I,B53,DATOS!K:K,2) -> 0 | N53: =COUNTIFS(DATOS!G:G,CONFIG_METADATA!$B$4,DATOS!I:I,B53,DATOS!K:K,3) -> 0 | O53: =COUNTIFS(DATOS!G:G,CONFIG_METADATA!$B$4,DATOS!I:I,B53,DATOS!K:K,4) -> 0 | P53: =COUNTIFS(DATOS!G:G,CONFIG_METADATA!$B$4,DATOS!I:I,B53,DATOS!K:K,5) -> 0 | Q53: =COUNTIFS(DATOS!G:G,CONFIG_METADATA!$B$4,DATOS!I:I,B53,DATOS!K:K,6) -> 0 | R53: =COUNTIFS(DATOS!G:G,CONFIG_METADATA!$B$4,DATOS!I:I,B53,DATOS!K:K,7) -> 0 | S53: =COUNTIFS(DATOS!G:G,CONFIG_METADATA!$B$4,DATOS!I:I,B53,DATOS!K:K,8) -> 0 | T53: =COUNTIFS(DATOS!G:G,CONFIG_METADATA!$B$4,DATOS!I:I,B53,DATOS!K:K,9) -> 0 | U53: =COUNTIFS(DATOS!G:G,CONFIG_METADATA!$B$4,DATOS!I:I,B53,DATOS!K:K,10) -> 0
A54: GLOBAL | B54: {=IFERROR(INDEX(_xlfn._xlws.FILTER(CONFIG_ASIGNATURAS!$B$2:$B$61,CONFIG_ASIGNATURAS!$G$2:$G$61="Sí"),50),"")} | C54: =IF(B54="","",IFERROR(IF(VLOOKUP(B54,CONFIG_ASIGNATURAS!$B$2:$F$61,5,FALSE())="Sí","Especialidad","Asignatura"),"Asignatura")) | D54: =COUNTIFS(DATOS!G:G,CONFIG_METADATA!$B$4,DATOS!I:I,B54) -> 0 | E54: =IFERROR(AVERAGEIFS(DATOS!K:K,DATOS!G:G,CONFIG_METADATA!$B$4,DATOS!I:I,B54),"—") -> — | F54: {=IFERROR(_xlfn.STDEV.P(IF((nEVAL=CONFIG_METADATA!$B$4)*(nASIG=B54),nNOTA)),"—")} -> — | G54: {=IFERROR(_xlfn.MODE.SNGL(IF((nEVAL=CONFIG_METADATA!$B$4)*(nASIG=B54),nNOTA)),"—")} -> — | H54: =IFERROR(COUNTIFS(DATOS!G:G,CONFIG_METADATA!$B$4,DATOS!I:I,B54,DATOS!L:L,"S")/COUNTIFS(DATOS!G:G,CONFIG_METADATA!$B$4,DATOS!I:I,B54),"—") -> — | I54: =IFERROR(COUNTIFS(DATOS!G:G,CONFIG_METADATA!$B$4,DATOS!I:I,B54,DATOS!L:L,"N")/COUNTIFS(DATOS!G:G,CONFIG_METADATA!$B$4,DATOS!I:I,B54),"—") -> — | J54: {=IFERROR(_xlfn.MODE.SNGL(IF((nEVAL=CONFIG_METADATA!$B$4)*(nASIG=B54)*(nAPTO="S"),nNOTA)),"—")} -> — | K54: {=IFERROR(_xlfn.MODE.SNGL(IF((nEVAL=CONFIG_METADATA!$B$4)*(nASIG=B54)*(nAPTO="N"),nNOTA)),"—")} -> — | L54: =COUNTIFS(DATOS!G:G,CONFIG_METADATA!$B$4,DATOS!I:I,B54,DATOS!K:K,1) -> 0 | M54: =COUNTIFS(DATOS!G:G,CONFIG_METADATA!$B$4,DATOS!I:I,B54,DATOS!K:K,2) -> 0 | N54: =COUNTIFS(DATOS!G:G,CONFIG_METADATA!$B$4,DATOS!I:I,B54,DATOS!K:K,3) -> 0 | O54: =COUNTIFS(DATOS!G:G,CONFIG_METADATA!$B$4,DATOS!I:I,B54,DATOS!K:K,4) -> 0 | P54: =COUNTIFS(DATOS!G:G,CONFIG_METADATA!$B$4,DATOS!I:I,B54,DATOS!K:K,5) -> 0 | Q54: =COUNTIFS(DATOS!G:G,CONFIG_METADATA!$B$4,DATOS!I:I,B54,DATOS!K:K,6) -> 0 | R54: =COUNTIFS(DATOS!G:G,CONFIG_METADATA!$B$4,DATOS!I:I,B54,DATOS!K:K,7) -> 0 | S54: =COUNTIFS(DATOS!G:G,CONFIG_METADATA!$B$4,DATOS!I:I,B54,DATOS!K:K,8) -> 0 | T54: =COUNTIFS(DATOS!G:G,CONFIG_METADATA!$B$4,DATOS!I:I,B54,DATOS!K:K,9) -> 0 | U54: =COUNTIFS(DATOS!G:G,CONFIG_METADATA!$B$4,DATOS!I:I,B54,DATOS!K:K,10) -> 0
A55: GLOBAL | B55: {=IFERROR(INDEX(_xlfn._xlws.FILTER(CONFIG_ASIGNATURAS!$B$2:$B$61,CONFIG_ASIGNATURAS!$G$2:$G$61="Sí"),51),"")} | C55: =IF(B55="","",IFERROR(IF(VLOOKUP(B55,CONFIG_ASIGNATURAS!$B$2:$F$61,5,FALSE())="Sí","Especialidad","Asignatura"),"Asignatura")) | D55: =COUNTIFS(DATOS!G:G,CONFIG_METADATA!$B$4,DATOS!I:I,B55) -> 0 | E55: =IFERROR(AVERAGEIFS(DATOS!K:K,DATOS!G:G,CONFIG_METADATA!$B$4,DATOS!I:I,B55),"—") -> — | F55: {=IFERROR(_xlfn.STDEV.P(IF((nEVAL=CONFIG_METADATA!$B$4)*(nASIG=B55),nNOTA)),"—")} -> — | G55: {=IFERROR(_xlfn.MODE.SNGL(IF((nEVAL=CONFIG_METADATA!$B$4)*(nASIG=B55),nNOTA)),"—")} -> — | H55: =IFERROR(COUNTIFS(DATOS!G:G,CONFIG_METADATA!$B$4,DATOS!I:I,B55,DATOS!L:L,"S")/COUNTIFS(DATOS!G:G,CONFIG_METADATA!$B$4,DATOS!I:I,B55),"—") -> — | I55: =IFERROR(COUNTIFS(DATOS!G:G,CONFIG_METADATA!$B$4,DATOS!I:I,B55,DATOS!L:L,"N")/COUNTIFS(DATOS!G:G,CONFIG_METADATA!$B$4,DATOS!I:I,B55),"—") -> — | J55: {=IFERROR(_xlfn.MODE.SNGL(IF((nEVAL=CONFIG_METADATA!$B$4)*(nASIG=B55)*(nAPTO="S"),nNOTA)),"—")} -> — | K55: {=IFERROR(_xlfn.MODE.SNGL(IF((nEVAL=CONFIG_METADATA!$B$4)*(nASIG=B55)*(nAPTO="N"),nNOTA)),"—")} -> — | L55: =COUNTIFS(DATOS!G:G,CONFIG_METADATA!$B$4,DATOS!I:I,B55,DATOS!K:K,1) -> 0 | M55: =COUNTIFS(DATOS!G:G,CONFIG_METADATA!$B$4,DATOS!I:I,B55,DATOS!K:K,2) -> 0 | N55: =COUNTIFS(DATOS!G:G,CONFIG_METADATA!$B$4,DATOS!I:I,B55,DATOS!K:K,3) -> 0 | O55: =COUNTIFS(DATOS!G:G,CONFIG_METADATA!$B$4,DATOS!I:I,B55,DATOS!K:K,4) -> 0 | P55: =COUNTIFS(DATOS!G:G,CONFIG_METADATA!$B$4,DATOS!I:I,B55,DATOS!K:K,5) -> 0 | Q55: =COUNTIFS(DATOS!G:G,CONFIG_METADATA!$B$4,DATOS!I:I,B55,DATOS!K:K,6) -> 0 | R55: =COUNTIFS(DATOS!G:G,CONFIG_METADATA!$B$4,DATOS!I:I,B55,DATOS!K:K,7) -> 0 | S55: =COUNTIFS(DATOS!G:G,CONFIG_METADATA!$B$4,DATOS!I:I,B55,DATOS!K:K,8) -> 0 | T55: =COUNTIFS(DATOS!G:G,CONFIG_METADATA!$B$4,DATOS!I:I,B55,DATOS!K:K,9) -> 0 | U55: =COUNTIFS(DATOS!G:G,CONFIG_METADATA!$B$4,DATOS!I:I,B55,DATOS!K:K,10) -> 0
A56: GLOBAL | B56: {=IFERROR(INDEX(_xlfn._xlws.FILTER(CONFIG_ASIGNATURAS!$B$2:$B$61,CONFIG_ASIGNATURAS!$G$2:$G$61="Sí"),52),"")} | C56: =IF(B56="","",IFERROR(IF(VLOOKUP(B56,CONFIG_ASIGNATURAS!$B$2:$F$61,5,FALSE())="Sí","Especialidad","Asignatura"),"Asignatura")) | D56: =COUNTIFS(DATOS!G:G,CONFIG_METADATA!$B$4,DATOS!I:I,B56) -> 0 | E56: =IFERROR(AVERAGEIFS(DATOS!K:K,DATOS!G:G,CONFIG_METADATA!$B$4,DATOS!I:I,B56),"—") -> — | F56: {=IFERROR(_xlfn.STDEV.P(IF((nEVAL=CONFIG_METADATA!$B$4)*(nASIG=B56),nNOTA)),"—")} -> — | G56: {=IFERROR(_xlfn.MODE.SNGL(IF((nEVAL=CONFIG_METADATA!$B$4)*(nASIG=B56),nNOTA)),"—")} -> — | H56: =IFERROR(COUNTIFS(DATOS!G:G,CONFIG_METADATA!$B$4,DATOS!I:I,B56,DATOS!L:L,"S")/COUNTIFS(DATOS!G:G,CONFIG_METADATA!$B$4,DATOS!I:I,B56),"—") -> — | I56: =IFERROR(COUNTIFS(DATOS!G:G,CONFIG_METADATA!$B$4,DATOS!I:I,B56,DATOS!L:L,"N")/COUNTIFS(DATOS!G:G,CONFIG_METADATA!$B$4,DATOS!I:I,B56),"—") -> — | J56: {=IFERROR(_xlfn.MODE.SNGL(IF((nEVAL=CONFIG_METADATA!$B$4)*(nASIG=B56)*(nAPTO="S"),nNOTA)),"—")} -> — | K56: {=IFERROR(_xlfn.MODE.SNGL(IF((nEVAL=CONFIG_METADATA!$B$4)*(nASIG=B56)*(nAPTO="N"),nNOTA)),"—")} -> — | L56: =COUNTIFS(DATOS!G:G,CONFIG_METADATA!$B$4,DATOS!I:I,B56,DATOS!K:K,1) -> 0 | M56: =COUNTIFS(DATOS!G:G,CONFIG_METADATA!$B$4,DATOS!I:I,B56,DATOS!K:K,2) -> 0 | N56: =COUNTIFS(DATOS!G:G,CONFIG_METADATA!$B$4,DATOS!I:I,B56,DATOS!K:K,3) -> 0 | O56: =COUNTIFS(DATOS!G:G,CONFIG_METADATA!$B$4,DATOS!I:I,B56,DATOS!K:K,4) -> 0 | P56: =COUNTIFS(DATOS!G:G,CONFIG_METADATA!$B$4,DATOS!I:I,B56,DATOS!K:K,5) -> 0 | Q56: =COUNTIFS(DATOS!G:G,CONFIG_METADATA!$B$4,DATOS!I:I,B56,DATOS!K:K,6) -> 0 | R56: =COUNTIFS(DATOS!G:G,CONFIG_METADATA!$B$4,DATOS!I:I,B56,DATOS!K:K,7) -> 0 | S56: =COUNTIFS(DATOS!G:G,CONFIG_METADATA!$B$4,DATOS!I:I,B56,DATOS!K:K,8) -> 0 | T56: =COUNTIFS(DATOS!G:G,CONFIG_METADATA!$B$4,DATOS!I:I,B56,DATOS!K:K,9) -> 0 | U56: =COUNTIFS(DATOS!G:G,CONFIG_METADATA!$B$4,DATOS!I:I,B56,DATOS!K:K,10) -> 0
A57: GLOBAL | B57: {=IFERROR(INDEX(_xlfn._xlws.FILTER(CONFIG_ASIGNATURAS!$B$2:$B$61,CONFIG_ASIGNATURAS!$G$2:$G$61="Sí"),53),"")} | C57: =IF(B57="","",IFERROR(IF(VLOOKUP(B57,CONFIG_ASIGNATURAS!$B$2:$F$61,5,FALSE())="Sí","Especialidad","Asignatura"),"Asignatura")) | D57: =COUNTIFS(DATOS!G:G,CONFIG_METADATA!$B$4,DATOS!I:I,B57) -> 0 | E57: =IFERROR(AVERAGEIFS(DATOS!K:K,DATOS!G:G,CONFIG_METADATA!$B$4,DATOS!I:I,B57),"—") -> — | F57: {=IFERROR(_xlfn.STDEV.P(IF((nEVAL=CONFIG_METADATA!$B$4)*(nASIG=B57),nNOTA)),"—")} -> — | G57: {=IFERROR(_xlfn.MODE.SNGL(IF((nEVAL=CONFIG_METADATA!$B$4)*(nASIG=B57),nNOTA)),"—")} -> — | H57: =IFERROR(COUNTIFS(DATOS!G:G,CONFIG_METADATA!$B$4,DATOS!I:I,B57,DATOS!L:L,"S")/COUNTIFS(DATOS!G:G,CONFIG_METADATA!$B$4,DATOS!I:I,B57),"—") -> — | I57: =IFERROR(COUNTIFS(DATOS!G:G,CONFIG_METADATA!$B$4,DATOS!I:I,B57,DATOS!L:L,"N")/COUNTIFS(DATOS!G:G,CONFIG_METADATA!$B$4,DATOS!I:I,B57),"—") -> — | J57: {=IFERROR(_xlfn.MODE.SNGL(IF((nEVAL=CONFIG_METADATA!$B$4)*(nASIG=B57)*(nAPTO="S"),nNOTA)),"—")} -> — | K57: {=IFERROR(_xlfn.MODE.SNGL(IF((nEVAL=CONFIG_METADATA!$B$4)*(nASIG=B57)*(nAPTO="N"),nNOTA)),"—")} -> — | L57: =COUNTIFS(DATOS!G:G,CONFIG_METADATA!$B$4,DATOS!I:I,B57,DATOS!K:K,1) -> 0 | M57: =COUNTIFS(DATOS!G:G,CONFIG_METADATA!$B$4,DATOS!I:I,B57,DATOS!K:K,2) -> 0 | N57: =COUNTIFS(DATOS!G:G,CONFIG_METADATA!$B$4,DATOS!I:I,B57,DATOS!K:K,3) -> 0 | O57: =COUNTIFS(DATOS!G:G,CONFIG_METADATA!$B$4,DATOS!I:I,B57,DATOS!K:K,4) -> 0 | P57: =COUNTIFS(DATOS!G:G,CONFIG_METADATA!$B$4,DATOS!I:I,B57,DATOS!K:K,5) -> 0 | Q57: =COUNTIFS(DATOS!G:G,CONFIG_METADATA!$B$4,DATOS!I:I,B57,DATOS!K:K,6) -> 0 | R57: =COUNTIFS(DATOS!G:G,CONFIG_METADATA!$B$4,DATOS!I:I,B57,DATOS!K:K,7) -> 0 | S57: =COUNTIFS(DATOS!G:G,CONFIG_METADATA!$B$4,DATOS!I:I,B57,DATOS!K:K,8) -> 0 | T57: =COUNTIFS(DATOS!G:G,CONFIG_METADATA!$B$4,DATOS!I:I,B57,DATOS!K:K,9) -> 0 | U57: =COUNTIFS(DATOS!G:G,CONFIG_METADATA!$B$4,DATOS!I:I,B57,DATOS!K:K,10) -> 0
A58: GLOBAL | B58: {=IFERROR(INDEX(_xlfn._xlws.FILTER(CONFIG_ASIGNATURAS!$B$2:$B$61,CONFIG_ASIGNATURAS!$G$2:$G$61="Sí"),54),"")} | C58: =IF(B58="","",IFERROR(IF(VLOOKUP(B58,CONFIG_ASIGNATURAS!$B$2:$F$61,5,FALSE())="Sí","Especialidad","Asignatura"),"Asignatura")) | D58: =COUNTIFS(DATOS!G:G,CONFIG_METADATA!$B$4,DATOS!I:I,B58) -> 0 | E58: =IFERROR(AVERAGEIFS(DATOS!K:K,DATOS!G:G,CONFIG_METADATA!$B$4,DATOS!I:I,B58),"—") -> — | F58: {=IFERROR(_xlfn.STDEV.P(IF((nEVAL=CONFIG_METADATA!$B$4)*(nASIG=B58),nNOTA)),"—")} -> — | G58: {=IFERROR(_xlfn.MODE.SNGL(IF((nEVAL=CONFIG_METADATA!$B$4)*(nASIG=B58),nNOTA)),"—")} -> — | H58: =IFERROR(COUNTIFS(DATOS!G:G,CONFIG_METADATA!$B$4,DATOS!I:I,B58,DATOS!L:L,"S")/COUNTIFS(DATOS!G:G,CONFIG_METADATA!$B$4,DATOS!I:I,B58),"—") -> — | I58: =IFERROR(COUNTIFS(DATOS!G:G,CONFIG_METADATA!$B$4,DATOS!I:I,B58,DATOS!L:L,"N")/COUNTIFS(DATOS!G:G,CONFIG_METADATA!$B$4,DATOS!I:I,B58),"—") -> — | J58: {=IFERROR(_xlfn.MODE.SNGL(IF((nEVAL=CONFIG_METADATA!$B$4)*(nASIG=B58)*(nAPTO="S"),nNOTA)),"—")} -> — | K58: {=IFERROR(_xlfn.MODE.SNGL(IF((nEVAL=CONFIG_METADATA!$B$4)*(nASIG=B58)*(nAPTO="N"),nNOTA)),"—")} -> — | L58: =COUNTIFS(DATOS!G:G,CONFIG_METADATA!$B$4,DATOS!I:I,B58,DATOS!K:K,1) -> 0 | M58: =COUNTIFS(DATOS!G:G,CONFIG_METADATA!$B$4,DATOS!I:I,B58,DATOS!K:K,2) -> 0 | N58: =COUNTIFS(DATOS!G:G,CONFIG_METADATA!$B$4,DATOS!I:I,B58,DATOS!K:K,3) -> 0 | O58: =COUNTIFS(DATOS!G:G,CONFIG_METADATA!$B$4,DATOS!I:I,B58,DATOS!K:K,4) -> 0 | P58: =COUNTIFS(DATOS!G:G,CONFIG_METADATA!$B$4,DATOS!I:I,B58,DATOS!K:K,5) -> 0 | Q58: =COUNTIFS(DATOS!G:G,CONFIG_METADATA!$B$4,DATOS!I:I,B58,DATOS!K:K,6) -> 0 | R58: =COUNTIFS(DATOS!G:G,CONFIG_METADATA!$B$4,DATOS!I:I,B58,DATOS!K:K,7) -> 0 | S58: =COUNTIFS(DATOS!G:G,CONFIG_METADATA!$B$4,DATOS!I:I,B58,DATOS!K:K,8) -> 0 | T58: =COUNTIFS(DATOS!G:G,CONFIG_METADATA!$B$4,DATOS!I:I,B58,DATOS!K:K,9) -> 0 | U58: =COUNTIFS(DATOS!G:G,CONFIG_METADATA!$B$4,DATOS!I:I,B58,DATOS!K:K,10) -> 0
A59: GLOBAL | B59: {=IFERROR(INDEX(_xlfn._xlws.FILTER(CONFIG_ASIGNATURAS!$B$2:$B$61,CONFIG_ASIGNATURAS!$G$2:$G$61="Sí"),55),"")} | C59: =IF(B59="","",IFERROR(IF(VLOOKUP(B59,CONFIG_ASIGNATURAS!$B$2:$F$61,5,FALSE())="Sí","Especialidad","Asignatura"),"Asignatura")) | D59: =COUNTIFS(DATOS!G:G,CONFIG_METADATA!$B$4,DATOS!I:I,B59) -> 0 | E59: =IFERROR(AVERAGEIFS(DATOS!K:K,DATOS!G:G,CONFIG_METADATA!$B$4,DATOS!I:I,B59),"—") -> — | F59: {=IFERROR(_xlfn.STDEV.P(IF((nEVAL=CONFIG_METADATA!$B$4)*(nASIG=B59),nNOTA)),"—")} -> — | G59: {=IFERROR(_xlfn.MODE.SNGL(IF((nEVAL=CONFIG_METADATA!$B$4)*(nASIG=B59),nNOTA)),"—")} -> — | H59: =IFERROR(COUNTIFS(DATOS!G:G,CONFIG_METADATA!$B$4,DATOS!I:I,B59,DATOS!L:L,"S")/COUNTIFS(DATOS!G:G,CONFIG_METADATA!$B$4,DATOS!I:I,B59),"—") -> — | I59: =IFERROR(COUNTIFS(DATOS!G:G,CONFIG_METADATA!$B$4,DATOS!I:I,B59,DATOS!L:L,"N")/COUNTIFS(DATOS!G:G,CONFIG_METADATA!$B$4,DATOS!I:I,B59),"—") -> — | J59: {=IFERROR(_xlfn.MODE.SNGL(IF((nEVAL=CONFIG_METADATA!$B$4)*(nASIG=B59)*(nAPTO="S"),nNOTA)),"—")} -> — | K59: {=IFERROR(_xlfn.MODE.SNGL(IF((nEVAL=CONFIG_METADATA!$B$4)*(nASIG=B59)*(nAPTO="N"),nNOTA)),"—")} -> — | L59: =COUNTIFS(DATOS!G:G,CONFIG_METADATA!$B$4,DATOS!I:I,B59,DATOS!K:K,1) -> 0 | M59: =COUNTIFS(DATOS!G:G,CONFIG_METADATA!$B$4,DATOS!I:I,B59,DATOS!K:K,2) -> 0 | N59: =COUNTIFS(DATOS!G:G,CONFIG_METADATA!$B$4,DATOS!I:I,B59,DATOS!K:K,3) -> 0 | O59: =COUNTIFS(DATOS!G:G,CONFIG_METADATA!$B$4,DATOS!I:I,B59,DATOS!K:K,4) -> 0 | P59: =COUNTIFS(DATOS!G:G,CONFIG_METADATA!$B$4,DATOS!I:I,B59,DATOS!K:K,5) -> 0 | Q59: =COUNTIFS(DATOS!G:G,CONFIG_METADATA!$B$4,DATOS!I:I,B59,DATOS!K:K,6) -> 0 | R59: =COUNTIFS(DATOS!G:G,CONFIG_METADATA!$B$4,DATOS!I:I,B59,DATOS!K:K,7) -> 0 | S59: =COUNTIFS(DATOS!G:G,CONFIG_METADATA!$B$4,DATOS!I:I,B59,DATOS!K:K,8) -> 0 | T59: =COUNTIFS(DATOS!G:G,CONFIG_METADATA!$B$4,DATOS!I:I,B59,DATOS!K:K,9) -> 0 | U59: =COUNTIFS(DATOS!G:G,CONFIG_METADATA!$B$4,DATOS!I:I,B59,DATOS!K:K,10) -> 0
A60: GLOBAL | B60: {=IFERROR(INDEX(_xlfn._xlws.FILTER(CONFIG_ASIGNATURAS!$B$2:$B$61,CONFIG_ASIGNATURAS!$G$2:$G$61="Sí"),56),"")} | C60: =IF(B60="","",IFERROR(IF(VLOOKUP(B60,CONFIG_ASIGNATURAS!$B$2:$F$61,5,FALSE())="Sí","Especialidad","Asignatura"),"Asignatura")) | D60: =COUNTIFS(DATOS!G:G,CONFIG_METADATA!$B$4,DATOS!I:I,B60) -> 0 | E60: =IFERROR(AVERAGEIFS(DATOS!K:K,DATOS!G:G,CONFIG_METADATA!$B$4,DATOS!I:I,B60),"—") -> — | F60: {=IFERROR(_xlfn.STDEV.P(IF((nEVAL=CONFIG_METADATA!$B$4)*(nASIG=B60),nNOTA)),"—")} -> — | G60: {=IFERROR(_xlfn.MODE.SNGL(IF((nEVAL=CONFIG_METADATA!$B$4)*(nASIG=B60),nNOTA)),"—")} -> — | H60: =IFERROR(COUNTIFS(DATOS!G:G,CONFIG_METADATA!$B$4,DATOS!I:I,B60,DATOS!L:L,"S")/COUNTIFS(DATOS!G:G,CONFIG_METADATA!$B$4,DATOS!I:I,B60),"—") -> — | I60: =IFERROR(COUNTIFS(DATOS!G:G,CONFIG_METADATA!$B$4,DATOS!I:I,B60,DATOS!L:L,"N")/COUNTIFS(DATOS!G:G,CONFIG_METADATA!$B$4,DATOS!I:I,B60),"—") -> — | J60: {=IFERROR(_xlfn.MODE.SNGL(IF((nEVAL=CONFIG_METADATA!$B$4)*(nASIG=B60)*(nAPTO="S"),nNOTA)),"—")} -> — | K60: {=IFERROR(_xlfn.MODE.SNGL(IF((nEVAL=CONFIG_METADATA!$B$4)*(nASIG=B60)*(nAPTO="N"),nNOTA)),"—")} -> — | L60: =COUNTIFS(DATOS!G:G,CONFIG_METADATA!$B$4,DATOS!I:I,B60,DATOS!K:K,1) -> 0 | M60: =COUNTIFS(DATOS!G:G,CONFIG_METADATA!$B$4,DATOS!I:I,B60,DATOS!K:K,2) -> 0 | N60: =COUNTIFS(DATOS!G:G,CONFIG_METADATA!$B$4,DATOS!I:I,B60,DATOS!K:K,3) -> 0 | O60: =COUNTIFS(DATOS!G:G,CONFIG_METADATA!$B$4,DATOS!I:I,B60,DATOS!K:K,4) -> 0 | P60: =COUNTIFS(DATOS!G:G,CONFIG_METADATA!$B$4,DATOS!I:I,B60,DATOS!K:K,5) -> 0 | Q60: =COUNTIFS(DATOS!G:G,CONFIG_METADATA!$B$4,DATOS!I:I,B60,DATOS!K:K,6) -> 0 | R60: =COUNTIFS(DATOS!G:G,CONFIG_METADATA!$B$4,DATOS!I:I,B60,DATOS!K:K,7) -> 0 | S60: =COUNTIFS(DATOS!G:G,CONFIG_METADATA!$B$4,DATOS!I:I,B60,DATOS!K:K,8) -> 0 | T60: =COUNTIFS(DATOS!G:G,CONFIG_METADATA!$B$4,DATOS!I:I,B60,DATOS!K:K,9) -> 0 | U60: =COUNTIFS(DATOS!G:G,CONFIG_METADATA!$B$4,DATOS!I:I,B60,DATOS!K:K,10) -> 0
A61: GLOBAL | B61: {=IFERROR(INDEX(_xlfn._xlws.FILTER(CONFIG_ASIGNATURAS!$B$2:$B$61,CONFIG_ASIGNATURAS!$G$2:$G$61="Sí"),57),"")} | C61: =IF(B61="","",IFERROR(IF(VLOOKUP(B61,CONFIG_ASIGNATURAS!$B$2:$F$61,5,FALSE())="Sí","Especialidad","Asignatura"),"Asignatura")) | D61: =COUNTIFS(DATOS!G:G,CONFIG_METADATA!$B$4,DATOS!I:I,B61) -> 0 | E61: =IFERROR(AVERAGEIFS(DATOS!K:K,DATOS!G:G,CONFIG_METADATA!$B$4,DATOS!I:I,B61),"—") -> — | F61: {=IFERROR(_xlfn.STDEV.P(IF((nEVAL=CONFIG_METADATA!$B$4)*(nASIG=B61),nNOTA)),"—")} -> — | G61: {=IFERROR(_xlfn.MODE.SNGL(IF((nEVAL=CONFIG_METADATA!$B$4)*(nASIG=B61),nNOTA)),"—")} -> — | H61: =IFERROR(COUNTIFS(DATOS!G:G,CONFIG_METADATA!$B$4,DATOS!I:I,B61,DATOS!L:L,"S")/COUNTIFS(DATOS!G:G,CONFIG_METADATA!$B$4,DATOS!I:I,B61),"—") -> — | I61: =IFERROR(COUNTIFS(DATOS!G:G,CONFIG_METADATA!$B$4,DATOS!I:I,B61,DATOS!L:L,"N")/COUNTIFS(DATOS!G:G,CONFIG_METADATA!$B$4,DATOS!I:I,B61),"—") -> — | J61: {=IFERROR(_xlfn.MODE.SNGL(IF((nEVAL=CONFIG_METADATA!$B$4)*(nASIG=B61)*(nAPTO="S"),nNOTA)),"—")} -> — | K61: {=IFERROR(_xlfn.MODE.SNGL(IF((nEVAL=CONFIG_METADATA!$B$4)*(nASIG=B61)*(nAPTO="N"),nNOTA)),"—")} -> — | L61: =COUNTIFS(DATOS!G:G,CONFIG_METADATA!$B$4,DATOS!I:I,B61,DATOS!K:K,1) -> 0 | M61: =COUNTIFS(DATOS!G:G,CONFIG_METADATA!$B$4,DATOS!I:I,B61,DATOS!K:K,2) -> 0 | N61: =COUNTIFS(DATOS!G:G,CONFIG_METADATA!$B$4,DATOS!I:I,B61,DATOS!K:K,3) -> 0 | O61: =COUNTIFS(DATOS!G:G,CONFIG_METADATA!$B$4,DATOS!I:I,B61,DATOS!K:K,4) -> 0 | P61: =COUNTIFS(DATOS!G:G,CONFIG_METADATA!$B$4,DATOS!I:I,B61,DATOS!K:K,5) -> 0 | Q61: =COUNTIFS(DATOS!G:G,CONFIG_METADATA!$B$4,DATOS!I:I,B61,DATOS!K:K,6) -> 0 | R61: =COUNTIFS(DATOS!G:G,CONFIG_METADATA!$B$4,DATOS!I:I,B61,DATOS!K:K,7) -> 0 | S61: =COUNTIFS(DATOS!G:G,CONFIG_METADATA!$B$4,DATOS!I:I,B61,DATOS!K:K,8) -> 0 | T61: =COUNTIFS(DATOS!G:G,CONFIG_METADATA!$B$4,DATOS!I:I,B61,DATOS!K:K,9) -> 0 | U61: =COUNTIFS(DATOS!G:G,CONFIG_METADATA!$B$4,DATOS!I:I,B61,DATOS!K:K,10) -> 0
A62: GLOBAL | B62: {=IFERROR(INDEX(_xlfn._xlws.FILTER(CONFIG_ASIGNATURAS!$B$2:$B$61,CONFIG_ASIGNATURAS!$G$2:$G$61="Sí"),58),"")} | C62: =IF(B62="","",IFERROR(IF(VLOOKUP(B62,CONFIG_ASIGNATURAS!$B$2:$F$61,5,FALSE())="Sí","Especialidad","Asignatura"),"Asignatura")) | D62: =COUNTIFS(DATOS!G:G,CONFIG_METADATA!$B$4,DATOS!I:I,B62) -> 0 | E62: =IFERROR(AVERAGEIFS(DATOS!K:K,DATOS!G:G,CONFIG_METADATA!$B$4,DATOS!I:I,B62),"—") -> — | F62: {=IFERROR(_xlfn.STDEV.P(IF((nEVAL=CONFIG_METADATA!$B$4)*(nASIG=B62),nNOTA)),"—")} -> — | G62: {=IFERROR(_xlfn.MODE.SNGL(IF((nEVAL=CONFIG_METADATA!$B$4)*(nASIG=B62),nNOTA)),"—")} -> — | H62: =IFERROR(COUNTIFS(DATOS!G:G,CONFIG_METADATA!$B$4,DATOS!I:I,B62,DATOS!L:L,"S")/COUNTIFS(DATOS!G:G,CONFIG_METADATA!$B$4,DATOS!I:I,B62),"—") -> — | I62: =IFERROR(COUNTIFS(DATOS!G:G,CONFIG_METADATA!$B$4,DATOS!I:I,B62,DATOS!L:L,"N")/COUNTIFS(DATOS!G:G,CONFIG_METADATA!$B$4,DATOS!I:I,B62),"—") -> — | J62: {=IFERROR(_xlfn.MODE.SNGL(IF((nEVAL=CONFIG_METADATA!$B$4)*(nASIG=B62)*(nAPTO="S"),nNOTA)),"—")} -> — | K62: {=IFERROR(_xlfn.MODE.SNGL(IF((nEVAL=CONFIG_METADATA!$B$4)*(nASIG=B62)*(nAPTO="N"),nNOTA)),"—")} -> — | L62: =COUNTIFS(DATOS!G:G,CONFIG_METADATA!$B$4,DATOS!I:I,B62,DATOS!K:K,1) -> 0 | M62: =COUNTIFS(DATOS!G:G,CONFIG_METADATA!$B$4,DATOS!I:I,B62,DATOS!K:K,2) -> 0 | N62: =COUNTIFS(DATOS!G:G,CONFIG_METADATA!$B$4,DATOS!I:I,B62,DATOS!K:K,3) -> 0 | O62: =COUNTIFS(DATOS!G:G,CONFIG_METADATA!$B$4,DATOS!I:I,B62,DATOS!K:K,4) -> 0 | P62: =COUNTIFS(DATOS!G:G,CONFIG_METADATA!$B$4,DATOS!I:I,B62,DATOS!K:K,5) -> 0 | Q62: =COUNTIFS(DATOS!G:G,CONFIG_METADATA!$B$4,DATOS!I:I,B62,DATOS!K:K,6) -> 0 | R62: =COUNTIFS(DATOS!G:G,CONFIG_METADATA!$B$4,DATOS!I:I,B62,DATOS!K:K,7) -> 0 | S62: =COUNTIFS(DATOS!G:G,CONFIG_METADATA!$B$4,DATOS!I:I,B62,DATOS!K:K,8) -> 0 | T62: =COUNTIFS(DATOS!G:G,CONFIG_METADATA!$B$4,DATOS!I:I,B62,DATOS!K:K,9) -> 0 | U62: =COUNTIFS(DATOS!G:G,CONFIG_METADATA!$B$4,DATOS!I:I,B62,DATOS!K:K,10) -> 0
A63: GLOBAL | B63: {=IFERROR(INDEX(_xlfn._xlws.FILTER(CONFIG_ASIGNATURAS!$B$2:$B$61,CONFIG_ASIGNATURAS!$G$2:$G$61="Sí"),59),"")} | C63: =IF(B63="","",IFERROR(IF(VLOOKUP(B63,CONFIG_ASIGNATURAS!$B$2:$F$61,5,FALSE())="Sí","Especialidad","Asignatura"),"Asignatura")) | D63: =COUNTIFS(DATOS!G:G,CONFIG_METADATA!$B$4,DATOS!I:I,B63) -> 0 | E63: =IFERROR(AVERAGEIFS(DATOS!K:K,DATOS!G:G,CONFIG_METADATA!$B$4,DATOS!I:I,B63),"—") -> — | F63: {=IFERROR(_xlfn.STDEV.P(IF((nEVAL=CONFIG_METADATA!$B$4)*(nASIG=B63),nNOTA)),"—")} -> — | G63: {=IFERROR(_xlfn.MODE.SNGL(IF((nEVAL=CONFIG_METADATA!$B$4)*(nASIG=B63),nNOTA)),"—")} -> — | H63: =IFERROR(COUNTIFS(DATOS!G:G,CONFIG_METADATA!$B$4,DATOS!I:I,B63,DATOS!L:L,"S")/COUNTIFS(DATOS!G:G,CONFIG_METADATA!$B$4,DATOS!I:I,B63),"—") -> — | I63: =IFERROR(COUNTIFS(DATOS!G:G,CONFIG_METADATA!$B$4,DATOS!I:I,B63,DATOS!L:L,"N")/COUNTIFS(DATOS!G:G,CONFIG_METADATA!$B$4,DATOS!I:I,B63),"—") -> — | J63: {=IFERROR(_xlfn.MODE.SNGL(IF((nEVAL=CONFIG_METADATA!$B$4)*(nASIG=B63)*(nAPTO="S"),nNOTA)),"—")} -> — | K63: {=IFERROR(_xlfn.MODE.SNGL(IF((nEVAL=CONFIG_METADATA!$B$4)*(nASIG=B63)*(nAPTO="N"),nNOTA)),"—")} -> — | L63: =COUNTIFS(DATOS!G:G,CONFIG_METADATA!$B$4,DATOS!I:I,B63,DATOS!K:K,1) -> 0 | M63: =COUNTIFS(DATOS!G:G,CONFIG_METADATA!$B$4,DATOS!I:I,B63,DATOS!K:K,2) -> 0 | N63: =COUNTIFS(DATOS!G:G,CONFIG_METADATA!$B$4,DATOS!I:I,B63,DATOS!K:K,3) -> 0 | O63: =COUNTIFS(DATOS!G:G,CONFIG_METADATA!$B$4,DATOS!I:I,B63,DATOS!K:K,4) -> 0 | P63: =COUNTIFS(DATOS!G:G,CONFIG_METADATA!$B$4,DATOS!I:I,B63,DATOS!K:K,5) -> 0 | Q63: =COUNTIFS(DATOS!G:G,CONFIG_METADATA!$B$4,DATOS!I:I,B63,DATOS!K:K,6) -> 0 | R63: =COUNTIFS(DATOS!G:G,CONFIG_METADATA!$B$4,DATOS!I:I,B63,DATOS!K:K,7) -> 0 | S63: =COUNTIFS(DATOS!G:G,CONFIG_METADATA!$B$4,DATOS!I:I,B63,DATOS!K:K,8) -> 0 | T63: =COUNTIFS(DATOS!G:G,CONFIG_METADATA!$B$4,DATOS!I:I,B63,DATOS!K:K,9) -> 0 | U63: =COUNTIFS(DATOS!G:G,CONFIG_METADATA!$B$4,DATOS!I:I,B63,DATOS!K:K,10) -> 0
A64: GLOBAL | B64: {=IFERROR(INDEX(_xlfn._xlws.FILTER(CONFIG_ASIGNATURAS!$B$2:$B$61,CONFIG_ASIGNATURAS!$G$2:$G$61="Sí"),60),"")} | C64: =IF(B64="","",IFERROR(IF(VLOOKUP(B64,CONFIG_ASIGNATURAS!$B$2:$F$61,5,FALSE())="Sí","Especialidad","Asignatura"),"Asignatura")) | D64: =COUNTIFS(DATOS!G:G,CONFIG_METADATA!$B$4,DATOS!I:I,B64) -> 0 | E64: =IFERROR(AVERAGEIFS(DATOS!K:K,DATOS!G:G,CONFIG_METADATA!$B$4,DATOS!I:I,B64),"—") -> — | F64: {=IFERROR(_xlfn.STDEV.P(IF((nEVAL=CONFIG_METADATA!$B$4)*(nASIG=B64),nNOTA)),"—")} -> — | G64: {=IFERROR(_xlfn.MODE.SNGL(IF((nEVAL=CONFIG_METADATA!$B$4)*(nASIG=B64),nNOTA)),"—")} -> — | H64: =IFERROR(COUNTIFS(DATOS!G:G,CONFIG_METADATA!$B$4,DATOS!I:I,B64,DATOS!L:L,"S")/COUNTIFS(DATOS!G:G,CONFIG_METADATA!$B$4,DATOS!I:I,B64),"—") -> — | I64: =IFERROR(COUNTIFS(DATOS!G:G,CONFIG_METADATA!$B$4,DATOS!I:I,B64,DATOS!L:L,"N")/COUNTIFS(DATOS!G:G,CONFIG_METADATA!$B$4,DATOS!I:I,B64),"—") -> — | J64: {=IFERROR(_xlfn.MODE.SNGL(IF((nEVAL=CONFIG_METADATA!$B$4)*(nASIG=B64)*(nAPTO="S"),nNOTA)),"—")} -> — | K64: {=IFERROR(_xlfn.MODE.SNGL(IF((nEVAL=CONFIG_METADATA!$B$4)*(nASIG=B64)*(nAPTO="N"),nNOTA)),"—")} -> — | L64: =COUNTIFS(DATOS!G:G,CONFIG_METADATA!$B$4,DATOS!I:I,B64,DATOS!K:K,1) -> 0 | M64: =COUNTIFS(DATOS!G:G,CONFIG_METADATA!$B$4,DATOS!I:I,B64,DATOS!K:K,2) -> 0 | N64: =COUNTIFS(DATOS!G:G,CONFIG_METADATA!$B$4,DATOS!I:I,B64,DATOS!K:K,3) -> 0 | O64: =COUNTIFS(DATOS!G:G,CONFIG_METADATA!$B$4,DATOS!I:I,B64,DATOS!K:K,4) -> 0 | P64: =COUNTIFS(DATOS!G:G,CONFIG_METADATA!$B$4,DATOS!I:I,B64,DATOS!K:K,5) -> 0 | Q64: =COUNTIFS(DATOS!G:G,CONFIG_METADATA!$B$4,DATOS!I:I,B64,DATOS!K:K,6) -> 0 | R64: =COUNTIFS(DATOS!G:G,CONFIG_METADATA!$B$4,DATOS!I:I,B64,DATOS!K:K,7) -> 0 | S64: =COUNTIFS(DATOS!G:G,CONFIG_METADATA!$B$4,DATOS!I:I,B64,DATOS!K:K,8) -> 0 | T64: =COUNTIFS(DATOS!G:G,CONFIG_METADATA!$B$4,DATOS!I:I,B64,DATOS!K:K,9) -> 0 | U64: =COUNTIFS(DATOS!G:G,CONFIG_METADATA!$B$4,DATOS!I:I,B64,DATOS!K:K,10) -> 0
A65: 1EEM | B65: Total | C65: Total | D65: =COUNTIFS(DATOS!G:G,CONFIG_METADATA!$B$4,DATOS!D:D,A65) -> 0 | E65: =IFERROR(AVERAGEIFS(DATOS!K:K,DATOS!G:G,CONFIG_METADATA!$B$4,DATOS!D:D,A65),"—") -> — | F65: {=IFERROR(_xlfn.STDEV.P(IF((nEVAL=CONFIG_METADATA!$B$4)*(nCURSO=A65),nNOTA)),"—")} -> — | G65: {=IFERROR(_xlfn.MODE.SNGL(IF((nEVAL=CONFIG_METADATA!$B$4)*(nCURSO=A65),nNOTA)),"—")} -> — | H65: =IFERROR(COUNTIFS(nEVAL,CONFIG_METADATA!$B$4,nCURSO,A65,nAPTO,"S")/COUNTIFS(nEVAL,CONFIG_METADATA!$B$4,nCURSO,A65),"—") -> — | I65: =IFERROR(COUNTIFS(nEVAL,CONFIG_METADATA!$B$4,nCURSO,A65,nAPTO,"N")/COUNTIFS(nEVAL,CONFIG_METADATA!$B$4,nCURSO,A65),"—") -> — | J65: {=IFERROR(_xlfn.MODE.SNGL(IF((nEVAL=CONFIG_METADATA!$B$4)*(nCURSO=A65)*(nAPTO="S"),nNOTA)),"—")} -> — | K65: {=IFERROR(_xlfn.MODE.SNGL(IF((nEVAL=CONFIG_METADATA!$B$4)*(nCURSO=A65)*(nAPTO="N"),nNOTA)),"—")} -> — | L65: {=SUMPRODUCT((nEVAL=CONFIG_METADATA!$B$4)*(nCURSO=A65)*(nNOTA=1))} -> 0 | M65: {=SUMPRODUCT((nEVAL=CONFIG_METADATA!$B$4)*(nCURSO=A65)*(nNOTA=2))} -> 0 | N65: {=SUMPRODUCT((nEVAL=CONFIG_METADATA!$B$4)*(nCURSO=A65)*(nNOTA=3))} -> 0 | O65: {=SUMPRODUCT((nEVAL=CONFIG_METADATA!$B$4)*(nCURSO=A65)*(nNOTA=4))} -> 0 | P65: {=SUMPRODUCT((nEVAL=CONFIG_METADATA!$B$4)*(nCURSO=A65)*(nNOTA=5))} -> 0 | Q65: {=SUMPRODUCT((nEVAL=CONFIG_METADATA!$B$4)*(nCURSO=A65)*(nNOTA=6))} -> 0 | R65: {=SUMPRODUCT((nEVAL=CONFIG_METADATA!$B$4)*(nCURSO=A65)*(nNOTA=7))} -> 0 | S65: {=SUMPRODUCT((nEVAL=CONFIG_METADATA!$B$4)*(nCURSO=A65)*(nNOTA=8))} -> 0 | T65: {=SUMPRODUCT((nEVAL=CONFIG_METADATA!$B$4)*(nCURSO=A65)*(nNOTA=9))} -> 0 | U65: {=SUMPRODUCT((nEVAL=CONFIG_METADATA!$B$4)*(nCURSO=A65)*(nNOTA=10))} -> 0
A66: 1EEM | B66: Total Especialidad | C66: TotalEsp | D66: =SUMPRODUCT((nEVAL=CONFIG_METADATA!$B$4)*(nCURSO=A66)*(nCLASE_E="E")*1) | E66: {=IFERROR(AVERAGE(IF((nEVAL=CONFIG_METADATA!$B$4)*(nCURSO=A66)*(nCLASE_E="E"),nNOTA)),"—")} | F66: {=IFERROR(_xlfn.STDEV.P(IF((nEVAL=CONFIG_METADATA!$B$4)*(nCURSO=A66)*(nCLASE_E="E"),nNOTA)),"—")} | G66: {=IFERROR(_xlfn.MODE.SNGL(IF((nEVAL=CONFIG_METADATA!$B$4)*(nCURSO=A66)*(nCLASE_E="E"),nNOTA)),"—")} | H66: =IFERROR(SUMPRODUCT((nEVAL=CONFIG_METADATA!$B$4)*(nCURSO=A66)*(nCLASE_E="E")*(nAPTO="S"))/SUMPRODUCT((nEVAL=CONFIG_METADATA!$B$4)*(nCURSO=A66)*(nCLASE_E="E")*1),"—") | I66: =IFERROR(SUMPRODUCT((nEVAL=CONFIG_METADATA!$B$4)*(nCURSO=A66)*(nCLASE_E="E")*(nAPTO="N"))/SUMPRODUCT((nEVAL=CONFIG_METADATA!$B$4)*(nCURSO=A66)*(nCLASE_E="E")*1),"—") | J66: {=IFERROR(_xlfn.MODE.SNGL(IF((nEVAL=CONFIG_METADATA!$B$4)*(nCURSO=A66)*(nCLASE_E="E")*(nAPTO="S"),nNOTA)),"—")} | K66: {=IFERROR(_xlfn.MODE.SNGL(IF((nEVAL=CONFIG_METADATA!$B$4)*(nCURSO=A66)*(nCLASE_E="E")*(nAPTO="N"),nNOTA)),"—")} | L66: =SUMPRODUCT((nEVAL=CONFIG_METADATA!$B$4)*(nCURSO=A66)*(nCLASE_E="E")*(nNOTA=1)) | M66: =SUMPRODUCT((nEVAL=CONFIG_METADATA!$B$4)*(nCURSO=A66)*(nCLASE_E="E")*(nNOTA=2)) | N66: =SUMPRODUCT((nEVAL=CONFIG_METADATA!$B$4)*(nCURSO=A66)*(nCLASE_E="E")*(nNOTA=3)) | O66: =SUMPRODUCT((nEVAL=CONFIG_METADATA!$B$4)*(nCURSO=A66)*(nCLASE_E="E")*(nNOTA=4)) | P66: =SUMPRODUCT((nEVAL=CONFIG_METADATA!$B$4)*(nCURSO=A66)*(nCLASE_E="E")*(nNOTA=5)) | Q66: =SUMPRODUCT((nEVAL=CONFIG_METADATA!$B$4)*(nCURSO=A66)*(nCLASE_E="E")*(nNOTA=6)) | R66: =SUMPRODUCT((nEVAL=CONFIG_METADATA!$B$4)*(nCURSO=A66)*(nCLASE_E="E")*(nNOTA=7)) | S66: =SUMPRODUCT((nEVAL=CONFIG_METADATA!$B$4)*(nCURSO=A66)*(nCLASE_E="E")*(nNOTA=8)) | T66: =SUMPRODUCT((nEVAL=CONFIG_METADATA!$B$4)*(nCURSO=A66)*(nCLASE_E="E")*(nNOTA=9)) | U66: =SUMPRODUCT((nEVAL=CONFIG_METADATA!$B$4)*(nCURSO=A66)*(nCLASE_E="E")*(nNOTA=10))
A67: 1EEM | B67: Total no Especialidad | C67: TotalNoEsp | D67: =SUMPRODUCT((nEVAL=CONFIG_METADATA!$B$4)*(nCURSO=A67)*((nCLASE_E<>"")*(nCLASE_E<>"E"))*1) | E67: {=IFERROR(AVERAGE(IF((nEVAL=CONFIG_METADATA!$B$4)*(nCURSO=A67)*((nCLASE_E<>"")*(nCLASE_E<>"E")),nNOTA)),"—")} | F67: {=IFERROR(_xlfn.STDEV.P(IF((nEVAL=CONFIG_METADATA!$B$4)*(nCURSO=A67)*((nCLASE_E<>"")*(nCLASE_E<>"E")),nNOTA)),"—")} | G67: {=IFERROR(_xlfn.MODE.SNGL(IF((nEVAL=CONFIG_METADATA!$B$4)*(nCURSO=A67)*((nCLASE_E<>"")*(nCLASE_E<>"E")),nNOTA)),"—")} | H67: =IFERROR(SUMPRODUCT((nEVAL=CONFIG_METADATA!$B$4)*(nCURSO=A67)*((nCLASE_E<>"")*(nCLASE_E<>"E"))*(nAPTO="S"))/SUMPRODUCT((nEVAL=CONFIG_METADATA!$B$4)*(nCURSO=A67)*((nCLASE_E<>"")*(nCLASE_E<>"E"))*1),"—") | I67: =IFERROR(SUMPRODUCT((nEVAL=CONFIG_METADATA!$B$4)*(nCURSO=A67)*((nCLASE_E<>"")*(nCLASE_E<>"E"))*(nAPTO="N"))/SUMPRODUCT((nEVAL=CONFIG_METADATA!$B$4)*(nCURSO=A67)*((nCLASE_E<>"")*(nCLASE_E<>"E"))*1),"—") | J67: {=IFERROR(_xlfn.MODE.SNGL(IF((nEVAL=CONFIG_METADATA!$B$4)*(nCURSO=A67)*((nCLASE_E<>"")*(nCLASE_E<>"E"))*(nAPTO="S"),nNOTA)),"—")} | K67: {=IFERROR(_xlfn.MODE.SNGL(IF((nEVAL=CONFIG_METADATA!$B$4)*(nCURSO=A67)*((nCLASE_E<>"")*(nCLASE_E<>"E"))*(nAPTO="N"),nNOTA)),"—")} | L67: =SUMPRODUCT((nEVAL=CONFIG_METADATA!$B$4)*(nCURSO=A67)*((nCLASE_E<>"")*(nCLASE_E<>"E"))*(nNOTA=1)) | M67: =SUMPRODUCT((nEVAL=CONFIG_METADATA!$B$4)*(nCURSO=A67)*((nCLASE_E<>"")*(nCLASE_E<>"E"))*(nNOTA=2)) | N67: =SUMPRODUCT((nEVAL=CONFIG_METADATA!$B$4)*(nCURSO=A67)*((nCLASE_E<>"")*(nCLASE_E<>"E"))*(nNOTA=3)) | O67: =SUMPRODUCT((nEVAL=CONFIG_METADATA!$B$4)*(nCURSO=A67)*((nCLASE_E<>"")*(nCLASE_E<>"E"))*(nNOTA=4)) | P67: =SUMPRODUCT((nEVAL=CONFIG_METADATA!$B$4)*(nCURSO=A67)*((nCLASE_E<>"")*(nCLASE_E<>"E"))*(nNOTA=5)) | Q67: =SUMPRODUCT((nEVAL=CONFIG_METADATA!$B$4)*(nCURSO=A67)*((nCLASE_E<>"")*(nCLASE_E<>"E"))*(nNOTA=6)) | R67: =SUMPRODUCT((nEVAL=CONFIG_METADATA!$B$4)*(nCURSO=A67)*((nCLASE_E<>"")*(nCLASE_E<>"E"))*(nNOTA=7)) | S67: =SUMPRODUCT((nEVAL=CONFIG_METADATA!$B$4)*(nCURSO=A67)*((nCLASE_E<>"")*(nCLASE_E<>"E"))*(nNOTA=8)) | T67: =SUMPRODUCT((nEVAL=CONFIG_METADATA!$B$4)*(nCURSO=A67)*((nCLASE_E<>"")*(nCLASE_E<>"E"))*(nNOTA=9)) | U67: =SUMPRODUCT((nEVAL=CONFIG_METADATA!$B$4)*(nCURSO=A67)*((nCLASE_E<>"")*(nCLASE_E<>"E"))*(nNOTA=10))
A68: 1EEM | B68: {=IFERROR(INDEX(_xlfn._xlws.FILTER(CONFIG_ASIGNATURAS!$B$2:$B$61,(CONFIG_ASIGNATURAS!$G$2:$G$61="Sí")*ISNUMBER(SEARCH("1EEM",CONFIG_ASIGNATURAS!$C$2:$C$61))),1),"")} | C68: =IF(B68="","",IFERROR(IF(VLOOKUP(B68,CONFIG_ASIGNATURAS!$B$2:$F$61,5,FALSE())="Sí","Especialidad","Asignatura"),"Asignatura")) | D68: =IF(V68="Sí",COUNTIFS(DATOS!G:G,CONFIG_METADATA!$B$4,DATOS!D:D,A68,DATOS!I:I,B68),"") -> 0 | E68: =IF(V68="Sí",IFERROR(AVERAGEIFS(DATOS!K:K,DATOS!G:G,CONFIG_METADATA!$B$4,DATOS!D:D,A68,DATOS!I:I,B68),"—"),"") -> — | F68: {=IF(V68="Sí",IFERROR(_xlfn.STDEV.P(IF((nEVAL=CONFIG_METADATA!$B$4)*(nCURSO=A68)*(nASIG=B68),nNOTA)),"—"),"")} -> — | G68: {=IF(V68="Sí",IFERROR(_xlfn.MODE.SNGL(IF((nEVAL=CONFIG_METADATA!$B$4)*(nCURSO=A68)*(nASIG=B68),nNOTA)),"—"),"")} -> — | H68: =IF(V68="Sí",IFERROR(COUNTIFS(DATOS!G:G,CONFIG_METADATA!$B$4,DATOS!D:D,A68,DATOS!I:I,B68,DATOS!L:L,"S")/COUNTIFS(DATOS!G:G,CONFIG_METADATA!$B$4,DATOS!D:D,A68,DATOS!I:I,B68),"—"),"") -> — | I68: =IF(V68="Sí",IFERROR(COUNTIFS(DATOS!G:G,CONFIG_METADATA!$B$4,DATOS!D:D,A68,DATOS!I:I,B68,DATOS!L:L,"N")/COUNTIFS(DATOS!G:G,CONFIG_METADATA!$B$4,DATOS!D:D,A68,DATOS!I:I,B68),"—"),"") -> — | J68: {=IF(V68="Sí",IFERROR(_xlfn.MODE.SNGL(IF((nEVAL=CONFIG_METADATA!$B$4)*(nCURSO=A68)*(nASIG=B68)*(nAPTO="S"),nNOTA)),"—"),"")} -> — | K68: {=IF(V68="Sí",IFERROR(_xlfn.MODE.SNGL(IF((nEVAL=CONFIG_METADATA!$B$4)*(nCURSO=A68)*(nASIG=B68)*(nAPTO="N"),nNOTA)),"—"),"")} -> — | L68: =IF(V68="Sí",COUNTIFS(DATOS!G:G,CONFIG_METADATA!$B$4,DATOS!D:D,A68,DATOS!I:I,B68,DATOS!K:K,1),"") -> 0 | M68: =IF(V68="Sí",COUNTIFS(DATOS!G:G,CONFIG_METADATA!$B$4,DATOS!D:D,A68,DATOS!I:I,B68,DATOS!K:K,2),"") -> 0 | N68: =IF(V68="Sí",COUNTIFS(DATOS!G:G,CONFIG_METADATA!$B$4,DATOS!D:D,A68,DATOS!I:I,B68,DATOS!K:K,3),"") -> 0 | O68: =IF(V68="Sí",COUNTIFS(DATOS!G:G,CONFIG_METADATA!$B$4,DATOS!D:D,A68,DATOS!I:I,B68,DATOS!K:K,4),"") -> 0 | P68: =IF(V68="Sí",COUNTIFS(DATOS!G:G,CONFIG_METADATA!$B$4,DATOS!D:D,A68,DATOS!I:I,B68,DATOS!K:K,5),"") -> 0 | Q68: =IF(V68="Sí",COUNTIFS(DATOS!G:G,CONFIG_METADATA!$B$4,DATOS!D:D,A68,DATOS!I:I,B68,DATOS!K:K,6),"") -> 0 | R68: =IF(V68="Sí",COUNTIFS(DATOS!G:G,CONFIG_METADATA!$B$4,DATOS!D:D,A68,DATOS!I:I,B68,DATOS!K:K,7),"") -> 0 | S68: =IF(V68="Sí",COUNTIFS(DATOS!G:G,CONFIG_METADATA!$B$4,DATOS!D:D,A68,DATOS!I:I,B68,DATOS!K:K,8),"") -> 0 | T68: =IF(V68="Sí",COUNTIFS(DATOS!G:G,CONFIG_METADATA!$B$4,DATOS!D:D,A68,DATOS!I:I,B68,DATOS!K:K,9),"") -> 0 | U68: =IF(V68="Sí",COUNTIFS(DATOS!G:G,CONFIG_METADATA!$B$4,DATOS!D:D,A68,DATOS!I:I,B68,DATOS!K:K,10),"") -> 0 | V68: =IFERROR(IF(ISERROR(FIND(A68,VLOOKUP(B68,CONFIG_ASIGNATURAS!B:C,2,FALSE()))),"No","Sí"),"No") -> Sí
A69: 1EEM | B69: {=IFERROR(INDEX(_xlfn._xlws.FILTER(CONFIG_ASIGNATURAS!$B$2:$B$61,(CONFIG_ASIGNATURAS!$G$2:$G$61="Sí")*ISNUMBER(SEARCH("1EEM",CONFIG_ASIGNATURAS!$C$2:$C$61))),2),"")} | C69: =IF(B69="","",IFERROR(IF(VLOOKUP(B69,CONFIG_ASIGNATURAS!$B$2:$F$61,5,FALSE())="Sí","Especialidad","Asignatura"),"Asignatura")) | D69: =IF(V69="Sí",COUNTIFS(DATOS!G:G,CONFIG_METADATA!$B$4,DATOS!D:D,A69,DATOS!I:I,B69),"") -> 0 | E69: =IF(V69="Sí",IFERROR(AVERAGEIFS(DATOS!K:K,DATOS!G:G,CONFIG_METADATA!$B$4,DATOS!D:D,A69,DATOS!I:I,B69),"—"),"") -> — | F69: {=IF(V69="Sí",IFERROR(_xlfn.STDEV.P(IF((nEVAL=CONFIG_METADATA!$B$4)*(nCURSO=A69)*(nASIG=B69),nNOTA)),"—"),"")} -> — | G69: {=IF(V69="Sí",IFERROR(_xlfn.MODE.SNGL(IF((nEVAL=CONFIG_METADATA!$B$4)*(nCURSO=A69)*(nASIG=B69),nNOTA)),"—"),"")} -> — | H69: =IF(V69="Sí",IFERROR(COUNTIFS(DATOS!G:G,CONFIG_METADATA!$B$4,DATOS!D:D,A69,DATOS!I:I,B69,DATOS!L:L,"S")/COUNTIFS(DATOS!G:G,CONFIG_METADATA!$B$4,DATOS!D:D,A69,DATOS!I:I,B69),"—"),"") -> — | I69: =IF(V69="Sí",IFERROR(COUNTIFS(DATOS!G:G,CONFIG_METADATA!$B$4,DATOS!D:D,A69,DATOS!I:I,B69,DATOS!L:L,"N")/COUNTIFS(DATOS!G:G,CONFIG_METADATA!$B$4,DATOS!D:D,A69,DATOS!I:I,B69),"—"),"") -> — | J69: {=IF(V69="Sí",IFERROR(_xlfn.MODE.SNGL(IF((nEVAL=CONFIG_METADATA!$B$4)*(nCURSO=A69)*(nASIG=B69)*(nAPTO="S"),nNOTA)),"—"),"")} -> — | K69: {=IF(V69="Sí",IFERROR(_xlfn.MODE.SNGL(IF((nEVAL=CONFIG_METADATA!$B$4)*(nCURSO=A69)*(nASIG=B69)*(nAPTO="N"),nNOTA)),"—"),"")} -> — | L69: =IF(V69="Sí",COUNTIFS(DATOS!G:G,CONFIG_METADATA!$B$4,DATOS!D:D,A69,DATOS!I:I,B69,DATOS!K:K,1),"") -> 0 | M69: =IF(V69="Sí",COUNTIFS(DATOS!G:G,CONFIG_METADATA!$B$4,DATOS!D:D,A69,DATOS!I:I,B69,DATOS!K:K,2),"") -> 0 | N69: =IF(V69="Sí",COUNTIFS(DATOS!G:G,CONFIG_METADATA!$B$4,DATOS!D:D,A69,DATOS!I:I,B69,DATOS!K:K,3),"") -> 0 | O69: =IF(V69="Sí",COUNTIFS(DATOS!G:G,CONFIG_METADATA!$B$4,DATOS!D:D,A69,DATOS!I:I,B69,DATOS!K:K,4),"") -> 0 | P69: =IF(V69="Sí",COUNTIFS(DATOS!G:G,CONFIG_METADATA!$B$4,DATOS!D:D,A69,DATOS!I:I,B69,DATOS!K:K,5),"") -> 0 | Q69: =IF(V69="Sí",COUNTIFS(DATOS!G:G,CONFIG_METADATA!$B$4,DATOS!D:D,A69,DATOS!I:I,B69,DATOS!K:K,6),"") -> 0 | R69: =IF(V69="Sí",COUNTIFS(DATOS!G:G,CONFIG_METADATA!$B$4,DATOS!D:D,A69,DATOS!I:I,B69,DATOS!K:K,7),"") -> 0 | S69: =IF(V69="Sí",COUNTIFS(DATOS!G:G,CONFIG_METADATA!$B$4,DATOS!D:D,A69,DATOS!I:I,B69,DATOS!K:K,8),"") -> 0 | T69: =IF(V69="Sí",COUNTIFS(DATOS!G:G,CONFIG_METADATA!$B$4,DATOS!D:D,A69,DATOS!I:I,B69,DATOS!K:K,9),"") -> 0 | U69: =IF(V69="Sí",COUNTIFS(DATOS!G:G,CONFIG_METADATA!$B$4,DATOS!D:D,A69,DATOS!I:I,B69,DATOS!K:K,10),"") -> 0 | V69: =IFERROR(IF(ISERROR(FIND(A69,VLOOKUP(B69,CONFIG_ASIGNATURAS!B:C,2,FALSE()))),"No","Sí"),"No") -> Sí
A70: 1EEM | B70: {=IFERROR(INDEX(_xlfn._xlws.FILTER(CONFIG_ASIGNATURAS!$B$2:$B$61,(CONFIG_ASIGNATURAS!$G$2:$G$61="Sí")*ISNUMBER(SEARCH("1EEM",CONFIG_ASIGNATURAS!$C$2:$C$61))),3),"")} | C70: =IF(B70="","",IFERROR(IF(VLOOKUP(B70,CONFIG_ASIGNATURAS!$B$2:$F$61,5,FALSE())="Sí","Especialidad","Asignatura"),"Asignatura")) | D70: =IF(V70="Sí",COUNTIFS(DATOS!G:G,CONFIG_METADATA!$B$4,DATOS!D:D,A70,DATOS!I:I,B70),"") -> 0 | E70: =IF(V70="Sí",IFERROR(AVERAGEIFS(DATOS!K:K,DATOS!G:G,CONFIG_METADATA!$B$4,DATOS!D:D,A70,DATOS!I:I,B70),"—"),"") -> — | F70: {=IF(V70="Sí",IFERROR(_xlfn.STDEV.P(IF((nEVAL=CONFIG_METADATA!$B$4)*(nCURSO=A70)*(nASIG=B70),nNOTA)),"—"),"")} -> — | G70: {=IF(V70="Sí",IFERROR(_xlfn.MODE.SNGL(IF((nEVAL=CONFIG_METADATA!$B$4)*(nCURSO=A70)*(nASIG=B70),nNOTA)),"—"),"")} -> — | H70: =IF(V70="Sí",IFERROR(COUNTIFS(DATOS!G:G,CONFIG_METADATA!$B$4,DATOS!D:D,A70,DATOS!I:I,B70,DATOS!L:L,"S")/COUNTIFS(DATOS!G:G,CONFIG_METADATA!$B$4,DATOS!D:D,A70,DATOS!I:I,B70),"—"),"") -> — | I70: =IF(V70="Sí",IFERROR(COUNTIFS(DATOS!G:G,CONFIG_METADATA!$B$4,DATOS!D:D,A70,DATOS!I:I,B70,DATOS!L:L,"N")/COUNTIFS(DATOS!G:G,CONFIG_METADATA!$B$4,DATOS!D:D,A70,DATOS!I:I,B70),"—"),"") -> — | J70: {=IF(V70="Sí",IFERROR(_xlfn.MODE.SNGL(IF((nEVAL=CONFIG_METADATA!$B$4)*(nCURSO=A70)*(nASIG=B70)*(nAPTO="S"),nNOTA)),"—"),"")} -> — | K70: {=IF(V70="Sí",IFERROR(_xlfn.MODE.SNGL(IF((nEVAL=CONFIG_METADATA!$B$4)*(nCURSO=A70)*(nASIG=B70)*(nAPTO="N"),nNOTA)),"—"),"")} -> — | L70: =IF(V70="Sí",COUNTIFS(DATOS!G:G,CONFIG_METADATA!$B$4,DATOS!D:D,A70,DATOS!I:I,B70,DATOS!K:K,1),"") -> 0 | M70: =IF(V70="Sí",COUNTIFS(DATOS!G:G,CONFIG_METADATA!$B$4,DATOS!D:D,A70,DATOS!I:I,B70,DATOS!K:K,2),"") -> 0 | N70: =IF(V70="Sí",COUNTIFS(DATOS!G:G,CONFIG_METADATA!$B$4,DATOS!D:D,A70,DATOS!I:I,B70,DATOS!K:K,3),"") -> 0 | O70: =IF(V70="Sí",COUNTIFS(DATOS!G:G,CONFIG_METADATA!$B$4,DATOS!D:D,A70,DATOS!I:I,B70,DATOS!K:K,4),"") -> 0 | P70: =IF(V70="Sí",COUNTIFS(DATOS!G:G,CONFIG_METADATA!$B$4,DATOS!D:D,A70,DATOS!I:I,B70,DATOS!K:K,5),"") -> 0 | Q70: =IF(V70="Sí",COUNTIFS(DATOS!G:G,CONFIG_METADATA!$B$4,DATOS!D:D,A70,DATOS!I:I,B70,DATOS!K:K,6),"") -> 0 | R70: =IF(V70="Sí",COUNTIFS(DATOS!G:G,CONFIG_METADATA!$B$4,DATOS!D:D,A70,DATOS!I:I,B70,DATOS!K:K,7),"") -> 0 | S70: =IF(V70="Sí",COUNTIFS(DATOS!G:G,CONFIG_METADATA!$B$4,DATOS!D:D,A70,DATOS!I:I,B70,DATOS!K:K,8),"") -> 0 | T70: =IF(V70="Sí",COUNTIFS(DATOS!G:G,CONFIG_METADATA!$B$4,DATOS!D:D,A70,DATOS!I:I,B70,DATOS!K:K,9),"") -> 0 | U70: =IF(V70="Sí",COUNTIFS(DATOS!G:G,CONFIG_METADATA!$B$4,DATOS!D:D,A70,DATOS!I:I,B70,DATOS!K:K,10),"") -> 0 | V70: =IFERROR(IF(ISERROR(FIND(A70,VLOOKUP(B70,CONFIG_ASIGNATURAS!B:C,2,FALSE()))),"No","Sí"),"No") -> Sí
A71: 1EEM | B71: {=IFERROR(INDEX(_xlfn._xlws.FILTER(CONFIG_ASIGNATURAS!$B$2:$B$61,(CONFIG_ASIGNATURAS!$G$2:$G$61="Sí")*ISNUMBER(SEARCH("1EEM",CONFIG_ASIGNATURAS!$C$2:$C$61))),4),"")} | C71: =IF(B71="","",IFERROR(IF(VLOOKUP(B71,CONFIG_ASIGNATURAS!$B$2:$F$61,5,FALSE())="Sí","Especialidad","Asignatura"),"Asignatura")) | D71: =IF(V71="Sí",COUNTIFS(DATOS!G:G,CONFIG_METADATA!$B$4,DATOS!D:D,A71,DATOS!I:I,B71),"") -> 0 | E71: =IF(V71="Sí",IFERROR(AVERAGEIFS(DATOS!K:K,DATOS!G:G,CONFIG_METADATA!$B$4,DATOS!D:D,A71,DATOS!I:I,B71),"—"),"") -> — | F71: {=IF(V71="Sí",IFERROR(_xlfn.STDEV.P(IF((nEVAL=CONFIG_METADATA!$B$4)*(nCURSO=A71)*(nASIG=B71),nNOTA)),"—"),"")} -> — | G71: {=IF(V71="Sí",IFERROR(_xlfn.MODE.SNGL(IF((nEVAL=CONFIG_METADATA!$B$4)*(nCURSO=A71)*(nASIG=B71),nNOTA)),"—"),"")} -> — | H71: =IF(V71="Sí",IFERROR(COUNTIFS(DATOS!G:G,CONFIG_METADATA!$B$4,DATOS!D:D,A71,DATOS!I:I,B71,DATOS!L:L,"S")/COUNTIFS(DATOS!G:G,CONFIG_METADATA!$B$4,DATOS!D:D,A71,DATOS!I:I,B71),"—"),"") -> — | I71: =IF(V71="Sí",IFERROR(COUNTIFS(DATOS!G:G,CONFIG_METADATA!$B$4,DATOS!D:D,A71,DATOS!I:I,B71,DATOS!L:L,"N")/COUNTIFS(DATOS!G:G,CONFIG_METADATA!$B$4,DATOS!D:D,A71,DATOS!I:I,B71),"—"),"") -> — | J71: {=IF(V71="Sí",IFERROR(_xlfn.MODE.SNGL(IF((nEVAL=CONFIG_METADATA!$B$4)*(nCURSO=A71)*(nASIG=B71)*(nAPTO="S"),nNOTA)),"—"),"")} -> — | K71: {=IF(V71="Sí",IFERROR(_xlfn.MODE.SNGL(IF((nEVAL=CONFIG_METADATA!$B$4)*(nCURSO=A71)*(nASIG=B71)*(nAPTO="N"),nNOTA)),"—"),"")} -> — | L71: =IF(V71="Sí",COUNTIFS(DATOS!G:G,CONFIG_METADATA!$B$4,DATOS!D:D,A71,DATOS!I:I,B71,DATOS!K:K,1),"") -> 0 | M71: =IF(V71="Sí",COUNTIFS(DATOS!G:G,CONFIG_METADATA!$B$4,DATOS!D:D,A71,DATOS!I:I,B71,DATOS!K:K,2),"") -> 0 | N71: =IF(V71="Sí",COUNTIFS(DATOS!G:G,CONFIG_METADATA!$B$4,DATOS!D:D,A71,DATOS!I:I,B71,DATOS!K:K,3),"") -> 0 | O71: =IF(V71="Sí",COUNTIFS(DATOS!G:G,CONFIG_METADATA!$B$4,DATOS!D:D,A71,DATOS!I:I,B71,DATOS!K:K,4),"") -> 0 | P71: =IF(V71="Sí",COUNTIFS(DATOS!G:G,CONFIG_METADATA!$B$4,DATOS!D:D,A71,DATOS!I:I,B71,DATOS!K:K,5),"") -> 0 | Q71: =IF(V71="Sí",COUNTIFS(DATOS!G:G,CONFIG_METADATA!$B$4,DATOS!D:D,A71,DATOS!I:I,B71,DATOS!K:K,6),"") -> 0 | R71: =IF(V71="Sí",COUNTIFS(DATOS!G:G,CONFIG_METADATA!$B$4,DATOS!D:D,A71,DATOS!I:I,B71,DATOS!K:K,7),"") -> 0 | S71: =IF(V71="Sí",COUNTIFS(DATOS!G:G,CONFIG_METADATA!$B$4,DATOS!D:D,A71,DATOS!I:I,B71,DATOS!K:K,8),"") -> 0 | T71: =IF(V71="Sí",COUNTIFS(DATOS!G:G,CONFIG_METADATA!$B$4,DATOS!D:D,A71,DATOS!I:I,B71,DATOS!K:K,9),"") -> 0 | U71: =IF(V71="Sí",COUNTIFS(DATOS!G:G,CONFIG_METADATA!$B$4,DATOS!D:D,A71,DATOS!I:I,B71,DATOS!K:K,10),"") -> 0 | V71: =IFERROR(IF(ISERROR(FIND(A71,VLOOKUP(B71,CONFIG_ASIGNATURAS!B:C,2,FALSE()))),"No","Sí"),"No") -> Sí
A72: 1EEM | B72: {=IFERROR(INDEX(_xlfn._xlws.FILTER(CONFIG_ASIGNATURAS!$B$2:$B$61,(CONFIG_ASIGNATURAS!$G$2:$G$61="Sí")*ISNUMBER(SEARCH("1EEM",CONFIG_ASIGNATURAS!$C$2:$C$61))),5),"")} | C72: =IF(B72="","",IFERROR(IF(VLOOKUP(B72,CONFIG_ASIGNATURAS!$B$2:$F$61,5,FALSE())="Sí","Especialidad","Asignatura"),"Asignatura")) | D72: =IF(V72="Sí",COUNTIFS(DATOS!G:G,CONFIG_METADATA!$B$4,DATOS!D:D,A72,DATOS!I:I,B72),"") -> 0 | E72: =IF(V72="Sí",IFERROR(AVERAGEIFS(DATOS!K:K,DATOS!G:G,CONFIG_METADATA!$B$4,DATOS!D:D,A72,DATOS!I:I,B72),"—"),"") -> — | F72: {=IF(V72="Sí",IFERROR(_xlfn.STDEV.P(IF((nEVAL=CONFIG_METADATA!$B$4)*(nCURSO=A72)*(nASIG=B72),nNOTA)),"—"),"")} -> — | G72: {=IF(V72="Sí",IFERROR(_xlfn.MODE.SNGL(IF((nEVAL=CONFIG_METADATA!$B$4)*(nCURSO=A72)*(nASIG=B72),nNOTA)),"—"),"")} -> — | H72: =IF(V72="Sí",IFERROR(COUNTIFS(DATOS!G:G,CONFIG_METADATA!$B$4,DATOS!D:D,A72,DATOS!I:I,B72,DATOS!L:L,"S")/COUNTIFS(DATOS!G:G,CONFIG_METADATA!$B$4,DATOS!D:D,A72,DATOS!I:I,B72),"—"),"") -> — | I72: =IF(V72="Sí",IFERROR(COUNTIFS(DATOS!G:G,CONFIG_METADATA!$B$4,DATOS!D:D,A72,DATOS!I:I,B72,DATOS!L:L,"N")/COUNTIFS(DATOS!G:G,CONFIG_METADATA!$B$4,DATOS!D:D,A72,DATOS!I:I,B72),"—"),"") -> — | J72: {=IF(V72="Sí",IFERROR(_xlfn.MODE.SNGL(IF((nEVAL=CONFIG_METADATA!$B$4)*(nCURSO=A72)*(nASIG=B72)*(nAPTO="S"),nNOTA)),"—"),"")} -> — | K72: {=IF(V72="Sí",IFERROR(_xlfn.MODE.SNGL(IF((nEVAL=CONFIG_METADATA!$B$4)*(nCURSO=A72)*(nASIG=B72)*(nAPTO="N"),nNOTA)),"—"),"")} -> — | L72: =IF(V72="Sí",COUNTIFS(DATOS!G:G,CONFIG_METADATA!$B$4,DATOS!D:D,A72,DATOS!I:I,B72,DATOS!K:K,1),"") -> 0 | M72: =IF(V72="Sí",COUNTIFS(DATOS!G:G,CONFIG_METADATA!$B$4,DATOS!D:D,A72,DATOS!I:I,B72,DATOS!K:K,2),"") -> 0 | N72: =IF(V72="Sí",COUNTIFS(DATOS!G:G,CONFIG_METADATA!$B$4,DATOS!D:D,A72,DATOS!I:I,B72,DATOS!K:K,3),"") -> 0 | O72: =IF(V72="Sí",COUNTIFS(DATOS!G:G,CONFIG_METADATA!$B$4,DATOS!D:D,A72,DATOS!I:I,B72,DATOS!K:K,4),"") -> 0 | P72: =IF(V72="Sí",COUNTIFS(DATOS!G:G,CONFIG_METADATA!$B$4,DATOS!D:D,A72,DATOS!I:I,B72,DATOS!K:K,5),"") -> 0 | Q72: =IF(V72="Sí",COUNTIFS(DATOS!G:G,CONFIG_METADATA!$B$4,DATOS!D:D,A72,DATOS!I:I,B72,DATOS!K:K,6),"") -> 0 | R72: =IF(V72="Sí",COUNTIFS(DATOS!G:G,CONFIG_METADATA!$B$4,DATOS!D:D,A72,DATOS!I:I,B72,DATOS!K:K,7),"") -> 0 | S72: =IF(V72="Sí",COUNTIFS(DATOS!G:G,CONFIG_METADATA!$B$4,DATOS!D:D,A72,DATOS!I:I,B72,DATOS!K:K,8),"") -> 0 | T72: =IF(V72="Sí",COUNTIFS(DATOS!G:G,CONFIG_METADATA!$B$4,DATOS!D:D,A72,DATOS!I:I,B72,DATOS!K:K,9),"") -> 0 | U72: =IF(V72="Sí",COUNTIFS(DATOS!G:G,CONFIG_METADATA!$B$4,DATOS!D:D,A72,DATOS!I:I,B72,DATOS!K:K,10),"") -> 0 | V72: =IFERROR(IF(ISERROR(FIND(A72,VLOOKUP(B72,CONFIG_ASIGNATURAS!B:C,2,FALSE()))),"No","Sí"),"No") -> Sí
A73: 1EEM | B73: {=IFERROR(INDEX(_xlfn._xlws.FILTER(CONFIG_ASIGNATURAS!$B$2:$B$61,(CONFIG_ASIGNATURAS!$G$2:$G$61="Sí")*ISNUMBER(SEARCH("1EEM",CONFIG_ASIGNATURAS!$C$2:$C$61))),6),"")} | C73: =IF(B73="","",IFERROR(IF(VLOOKUP(B73,CONFIG_ASIGNATURAS!$B$2:$F$61,5,FALSE())="Sí","Especialidad","Asignatura"),"Asignatura")) | D73: =IF(V73="Sí",COUNTIFS(DATOS!G:G,CONFIG_METADATA!$B$4,DATOS!D:D,A73,DATOS!I:I,B73),"") -> 0 | E73: =IF(V73="Sí",IFERROR(AVERAGEIFS(DATOS!K:K,DATOS!G:G,CONFIG_METADATA!$B$4,DATOS!D:D,A73,DATOS!I:I,B73),"—"),"") -> — | F73: {=IF(V73="Sí",IFERROR(_xlfn.STDEV.P(IF((nEVAL=CONFIG_METADATA!$B$4)*(nCURSO=A73)*(nASIG=B73),nNOTA)),"—"),"")} -> — | G73: {=IF(V73="Sí",IFERROR(_xlfn.MODE.SNGL(IF((nEVAL=CONFIG_METADATA!$B$4)*(nCURSO=A73)*(nASIG=B73),nNOTA)),"—"),"")} -> — | H73: =IF(V73="Sí",IFERROR(COUNTIFS(DATOS!G:G,CONFIG_METADATA!$B$4,DATOS!D:D,A73,DATOS!I:I,B73,DATOS!L:L,"S")/COUNTIFS(DATOS!G:G,CONFIG_METADATA!$B$4,DATOS!D:D,A73,DATOS!I:I,B73),"—"),"") -> — | I73: =IF(V73="Sí",IFERROR(COUNTIFS(DATOS!G:G,CONFIG_METADATA!$B$4,DATOS!D:D,A73,DATOS!I:I,B73,DATOS!L:L,"N")/COUNTIFS(DATOS!G:G,CONFIG_METADATA!$B$4,DATOS!D:D,A73,DATOS!I:I,B73),"—"),"") -> — | J73: {=IF(V73="Sí",IFERROR(_xlfn.MODE.SNGL(IF((nEVAL=CONFIG_METADATA!$B$4)*(nCURSO=A73)*(nASIG=B73)*(nAPTO="S"),nNOTA)),"—"),"")} -> — | K73: {=IF(V73="Sí",IFERROR(_xlfn.MODE.SNGL(IF((nEVAL=CONFIG_METADATA!$B$4)*(nCURSO=A73)*(nASIG=B73)*(nAPTO="N"),nNOTA)),"—"),"")} -> — | L73: =IF(V73="Sí",COUNTIFS(DATOS!G:G,CONFIG_METADATA!$B$4,DATOS!D:D,A73,DATOS!I:I,B73,DATOS!K:K,1),"") -> 0 | M73: =IF(V73="Sí",COUNTIFS(DATOS!G:G,CONFIG_METADATA!$B$4,DATOS!D:D,A73,DATOS!I:I,B73,DATOS!K:K,2),"") -> 0 | N73: =IF(V73="Sí",COUNTIFS(DATOS!G:G,CONFIG_METADATA!$B$4,DATOS!D:D,A73,DATOS!I:I,B73,DATOS!K:K,3),"") -> 0 | O73: =IF(V73="Sí",COUNTIFS(DATOS!G:G,CONFIG_METADATA!$B$4,DATOS!D:D,A73,DATOS!I:I,B73,DATOS!K:K,4),"") -> 0 | P73: =IF(V73="Sí",COUNTIFS(DATOS!G:G,CONFIG_METADATA!$B$4,DATOS!D:D,A73,DATOS!I:I,B73,DATOS!K:K,5),"") -> 0 | Q73: =IF(V73="Sí",COUNTIFS(DATOS!G:G,CONFIG_METADATA!$B$4,DATOS!D:D,A73,DATOS!I:I,B73,DATOS!K:K,6),"") -> 0 | R73: =IF(V73="Sí",COUNTIFS(DATOS!G:G,CONFIG_METADATA!$B$4,DATOS!D:D,A73,DATOS!I:I,B73,DATOS!K:K,7),"") -> 0 | S73: =IF(V73="Sí",COUNTIFS(DATOS!G:G,CONFIG_METADATA!$B$4,DATOS!D:D,A73,DATOS!I:I,B73,DATOS!K:K,8),"") -> 0 | T73: =IF(V73="Sí",COUNTIFS(DATOS!G:G,CONFIG_METADATA!$B$4,DATOS!D:D,A73,DATOS!I:I,B73,DATOS!K:K,9),"") -> 0 | U73: =IF(V73="Sí",COUNTIFS(DATOS!G:G,CONFIG_METADATA!$B$4,DATOS!D:D,A73,DATOS!I:I,B73,DATOS!K:K,10),"") -> 0 | V73: =IFERROR(IF(ISERROR(FIND(A73,VLOOKUP(B73,CONFIG_ASIGNATURAS!B:C,2,FALSE()))),"No","Sí"),"No") -> Sí
A74: 1EEM | B74: {=IFERROR(INDEX(_xlfn._xlws.FILTER(CONFIG_ASIGNATURAS!$B$2:$B$61,(CONFIG_ASIGNATURAS!$G$2:$G$61="Sí")*ISNUMBER(SEARCH("1EEM",CONFIG_ASIGNATURAS!$C$2:$C$61))),7),"")} | C74: =IF(B74="","",IFERROR(IF(VLOOKUP(B74,CONFIG_ASIGNATURAS!$B$2:$F$61,5,FALSE())="Sí","Especialidad","Asignatura"),"Asignatura")) | D74: =IF(V74="Sí",COUNTIFS(DATOS!G:G,CONFIG_METADATA!$B$4,DATOS!D:D,A74,DATOS!I:I,B74),"") -> 0 | E74: =IF(V74="Sí",IFERROR(AVERAGEIFS(DATOS!K:K,DATOS!G:G,CONFIG_METADATA!$B$4,DATOS!D:D,A74,DATOS!I:I,B74),"—"),"") -> — | F74: {=IF(V74="Sí",IFERROR(_xlfn.STDEV.P(IF((nEVAL=CONFIG_METADATA!$B$4)*(nCURSO=A74)*(nASIG=B74),nNOTA)),"—"),"")} -> — | G74: {=IF(V74="Sí",IFERROR(_xlfn.MODE.SNGL(IF((nEVAL=CONFIG_METADATA!$B$4)*(nCURSO=A74)*(nASIG=B74),nNOTA)),"—"),"")} -> — | H74: =IF(V74="Sí",IFERROR(COUNTIFS(DATOS!G:G,CONFIG_METADATA!$B$4,DATOS!D:D,A74,DATOS!I:I,B74,DATOS!L:L,"S")/COUNTIFS(DATOS!G:G,CONFIG_METADATA!$B$4,DATOS!D:D,A74,DATOS!I:I,B74),"—"),"") -> — | I74: =IF(V74="Sí",IFERROR(COUNTIFS(DATOS!G:G,CONFIG_METADATA!$B$4,DATOS!D:D,A74,DATOS!I:I,B74,DATOS!L:L,"N")/COUNTIFS(DATOS!G:G,CONFIG_METADATA!$B$4,DATOS!D:D,A74,DATOS!I:I,B74),"—"),"") -> — | J74: {=IF(V74="Sí",IFERROR(_xlfn.MODE.SNGL(IF((nEVAL=CONFIG_METADATA!$B$4)*(nCURSO=A74)*(nASIG=B74)*(nAPTO="S"),nNOTA)),"—"),"")} -> — | K74: {=IF(V74="Sí",IFERROR(_xlfn.MODE.SNGL(IF((nEVAL=CONFIG_METADATA!$B$4)*(nCURSO=A74)*(nASIG=B74)*(nAPTO="N"),nNOTA)),"—"),"")} -> — | L74: =IF(V74="Sí",COUNTIFS(DATOS!G:G,CONFIG_METADATA!$B$4,DATOS!D:D,A74,DATOS!I:I,B74,DATOS!K:K,1),"") -> 0 | M74: =IF(V74="Sí",COUNTIFS(DATOS!G:G,CONFIG_METADATA!$B$4,DATOS!D:D,A74,DATOS!I:I,B74,DATOS!K:K,2),"") -> 0 | N74: =IF(V74="Sí",COUNTIFS(DATOS!G:G,CONFIG_METADATA!$B$4,DATOS!D:D,A74,DATOS!I:I,B74,DATOS!K:K,3),"") -> 0 | O74: =IF(V74="Sí",COUNTIFS(DATOS!G:G,CONFIG_METADATA!$B$4,DATOS!D:D,A74,DATOS!I:I,B74,DATOS!K:K,4),"") -> 0 | P74: =IF(V74="Sí",COUNTIFS(DATOS!G:G,CONFIG_METADATA!$B$4,DATOS!D:D,A74,DATOS!I:I,B74,DATOS!K:K,5),"") -> 0 | Q74: =IF(V74="Sí",COUNTIFS(DATOS!G:G,CONFIG_METADATA!$B$4,DATOS!D:D,A74,DATOS!I:I,B74,DATOS!K:K,6),"") -> 0 | R74: =IF(V74="Sí",COUNTIFS(DATOS!G:G,CONFIG_METADATA!$B$4,DATOS!D:D,A74,DATOS!I:I,B74,DATOS!K:K,7),"") -> 0 | S74: =IF(V74="Sí",COUNTIFS(DATOS!G:G,CONFIG_METADATA!$B$4,DATOS!D:D,A74,DATOS!I:I,B74,DATOS!K:K,8),"") -> 0 | T74: =IF(V74="Sí",COUNTIFS(DATOS!G:G,CONFIG_METADATA!$B$4,DATOS!D:D,A74,DATOS!I:I,B74,DATOS!K:K,9),"") -> 0 | U74: =IF(V74="Sí",COUNTIFS(DATOS!G:G,CONFIG_METADATA!$B$4,DATOS!D:D,A74,DATOS!I:I,B74,DATOS!K:K,10),"") -> 0 | V74: =IFERROR(IF(ISERROR(FIND(A74,VLOOKUP(B74,CONFIG_ASIGNATURAS!B:C,2,FALSE()))),"No","Sí"),"No") -> Sí
A75: 1EEM | B75: {=IFERROR(INDEX(_xlfn._xlws.FILTER(CONFIG_ASIGNATURAS!$B$2:$B$61,(CONFIG_ASIGNATURAS!$G$2:$G$61="Sí")*ISNUMBER(SEARCH("1EEM",CONFIG_ASIGNATURAS!$C$2:$C$61))),8),"")} | C75: =IF(B75="","",IFERROR(IF(VLOOKUP(B75,CONFIG_ASIGNATURAS!$B$2:$F$61,5,FALSE())="Sí","Especialidad","Asignatura"),"Asignatura")) | D75: =IF(V75="Sí",COUNTIFS(DATOS!G:G,CONFIG_METADATA!$B$4,DATOS!D:D,A75,DATOS!I:I,B75),"") -> 0 | E75: =IF(V75="Sí",IFERROR(AVERAGEIFS(DATOS!K:K,DATOS!G:G,CONFIG_METADATA!$B$4,DATOS!D:D,A75,DATOS!I:I,B75),"—"),"") -> — | F75: {=IF(V75="Sí",IFERROR(_xlfn.STDEV.P(IF((nEVAL=CONFIG_METADATA!$B$4)*(nCURSO=A75)*(nASIG=B75),nNOTA)),"—"),"")} -> — | G75: {=IF(V75="Sí",IFERROR(_xlfn.MODE.SNGL(IF((nEVAL=CONFIG_METADATA!$B$4)*(nCURSO=A75)*(nASIG=B75),nNOTA)),"—"),"")} -> — | H75: =IF(V75="Sí",IFERROR(COUNTIFS(DATOS!G:G,CONFIG_METADATA!$B$4,DATOS!D:D,A75,DATOS!I:I,B75,DATOS!L:L,"S")/COUNTIFS(DATOS!G:G,CONFIG_METADATA!$B$4,DATOS!D:D,A75,DATOS!I:I,B75),"—"),"") -> — | I75: =IF(V75="Sí",IFERROR(COUNTIFS(DATOS!G:G,CONFIG_METADATA!$B$4,DATOS!D:D,A75,DATOS!I:I,B75,DATOS!L:L,"N")/COUNTIFS(DATOS!G:G,CONFIG_METADATA!$B$4,DATOS!D:D,A75,DATOS!I:I,B75),"—"),"") -> — | J75: {=IF(V75="Sí",IFERROR(_xlfn.MODE.SNGL(IF((nEVAL=CONFIG_METADATA!$B$4)*(nCURSO=A75)*(nASIG=B75)*(nAPTO="S"),nNOTA)),"—"),"")} -> — | K75: {=IF(V75="Sí",IFERROR(_xlfn.MODE.SNGL(IF((nEVAL=CONFIG_METADATA!$B$4)*(nCURSO=A75)*(nASIG=B75)*(nAPTO="N"),nNOTA)),"—"),"")} -> — | L75: =IF(V75="Sí",COUNTIFS(DATOS!G:G,CONFIG_METADATA!$B$4,DATOS!D:D,A75,DATOS!I:I,B75,DATOS!K:K,1),"") -> 0 | M75: =IF(V75="Sí",COUNTIFS(DATOS!G:G,CONFIG_METADATA!$B$4,DATOS!D:D,A75,DATOS!I:I,B75,DATOS!K:K,2),"") -> 0 | N75: =IF(V75="Sí",COUNTIFS(DATOS!G:G,CONFIG_METADATA!$B$4,DATOS!D:D,A75,DATOS!I:I,B75,DATOS!K:K,3),"") -> 0 | O75: =IF(V75="Sí",COUNTIFS(DATOS!G:G,CONFIG_METADATA!$B$4,DATOS!D:D,A75,DATOS!I:I,B75,DATOS!K:K,4),"") -> 0 | P75: =IF(V75="Sí",COUNTIFS(DATOS!G:G,CONFIG_METADATA!$B$4,DATOS!D:D,A75,DATOS!I:I,B75,DATOS!K:K,5),"") -> 0 | Q75: =IF(V75="Sí",COUNTIFS(DATOS!G:G,CONFIG_METADATA!$B$4,DATOS!D:D,A75,DATOS!I:I,B75,DATOS!K:K,6),"") -> 0 | R75: =IF(V75="Sí",COUNTIFS(DATOS!G:G,CONFIG_METADATA!$B$4,DATOS!D:D,A75,DATOS!I:I,B75,DATOS!K:K,7),"") -> 0 | S75: =IF(V75="Sí",COUNTIFS(DATOS!G:G,CONFIG_METADATA!$B$4,DATOS!D:D,A75,DATOS!I:I,B75,DATOS!K:K,8),"") -> 0 | T75: =IF(V75="Sí",COUNTIFS(DATOS!G:G,CONFIG_METADATA!$B$4,DATOS!D:D,A75,DATOS!I:I,B75,DATOS!K:K,9),"") -> 0 | U75: =IF(V75="Sí",COUNTIFS(DATOS!G:G,CONFIG_METADATA!$B$4,DATOS!D:D,A75,DATOS!I:I,B75,DATOS!K:K,10),"") -> 0 | V75: =IFERROR(IF(ISERROR(FIND(A75,VLOOKUP(B75,CONFIG_ASIGNATURAS!B:C,2,FALSE()))),"No","Sí"),"No") -> Sí
A76: 1EEM | B76: {=IFERROR(INDEX(_xlfn._xlws.FILTER(CONFIG_ASIGNATURAS!$B$2:$B$61,(CONFIG_ASIGNATURAS!$G$2:$G$61="Sí")*ISNUMBER(SEARCH("1EEM",CONFIG_ASIGNATURAS!$C$2:$C$61))),9),"")} | C76: =IF(B76="","",IFERROR(IF(VLOOKUP(B76,CONFIG_ASIGNATURAS!$B$2:$F$61,5,FALSE())="Sí","Especialidad","Asignatura"),"Asignatura")) | D76: =IF(V76="Sí",COUNTIFS(DATOS!G:G,CONFIG_METADATA!$B$4,DATOS!D:D,A76,DATOS!I:I,B76),"") -> 0 | E76: =IF(V76="Sí",IFERROR(AVERAGEIFS(DATOS!K:K,DATOS!G:G,CONFIG_METADATA!$B$4,DATOS!D:D,A76,DATOS!I:I,B76),"—"),"") -> — | F76: {=IF(V76="Sí",IFERROR(_xlfn.STDEV.P(IF((nEVAL=CONFIG_METADATA!$B$4)*(nCURSO=A76)*(nASIG=B76),nNOTA)),"—"),"")} -> — | G76: {=IF(V76="Sí",IFERROR(_xlfn.MODE.SNGL(IF((nEVAL=CONFIG_METADATA!$B$4)*(nCURSO=A76)*(nASIG=B76),nNOTA)),"—"),"")} -> — | H76: =IF(V76="Sí",IFERROR(COUNTIFS(DATOS!G:G,CONFIG_METADATA!$B$4,DATOS!D:D,A76,DATOS!I:I,B76,DATOS!L:L,"S")/COUNTIFS(DATOS!G:G,CONFIG_METADATA!$B$4,DATOS!D:D,A76,DATOS!I:I,B76),"—"),"") -> — | I76: =IF(V76="Sí",IFERROR(COUNTIFS(DATOS!G:G,CONFIG_METADATA!$B$4,DATOS!D:D,A76,DATOS!I:I,B76,DATOS!L:L,"N")/COUNTIFS(DATOS!G:G,CONFIG_METADATA!$B$4,DATOS!D:D,A76,DATOS!I:I,B76),"—"),"") -> — | J76: {=IF(V76="Sí",IFERROR(_xlfn.MODE.SNGL(IF((nEVAL=CONFIG_METADATA!$B$4)*(nCURSO=A76)*(nASIG=B76)*(nAPTO="S"),nNOTA)),"—"),"")} -> — | K76: {=IF(V76="Sí",IFERROR(_xlfn.MODE.SNGL(IF((nEVAL=CONFIG_METADATA!$B$4)*(nCURSO=A76)*(nASIG=B76)*(nAPTO="N"),nNOTA)),"—"),"")} -> — | L76: =IF(V76="Sí",COUNTIFS(DATOS!G:G,CONFIG_METADATA!$B$4,DATOS!D:D,A76,DATOS!I:I,B76,DATOS!K:K,1),"") -> 0 | M76: =IF(V76="Sí",COUNTIFS(DATOS!G:G,CONFIG_METADATA!$B$4,DATOS!D:D,A76,DATOS!I:I,B76,DATOS!K:K,2),"") -> 0 | N76: =IF(V76="Sí",COUNTIFS(DATOS!G:G,CONFIG_METADATA!$B$4,DATOS!D:D,A76,DATOS!I:I,B76,DATOS!K:K,3),"") -> 0 | O76: =IF(V76="Sí",COUNTIFS(DATOS!G:G,CONFIG_METADATA!$B$4,DATOS!D:D,A76,DATOS!I:I,B76,DATOS!K:K,4),"") -> 0 | P76: =IF(V76="Sí",COUNTIFS(DATOS!G:G,CONFIG_METADATA!$B$4,DATOS!D:D,A76,DATOS!I:I,B76,DATOS!K:K,5),"") -> 0 | Q76: =IF(V76="Sí",COUNTIFS(DATOS!G:G,CONFIG_METADATA!$B$4,DATOS!D:D,A76,DATOS!I:I,B76,DATOS!K:K,6),"") -> 0 | R76: =IF(V76="Sí",COUNTIFS(DATOS!G:G,CONFIG_METADATA!$B$4,DATOS!D:D,A76,DATOS!I:I,B76,DATOS!K:K,7),"") -> 0 | S76: =IF(V76="Sí",COUNTIFS(DATOS!G:G,CONFIG_METADATA!$B$4,DATOS!D:D,A76,DATOS!I:I,B76,DATOS!K:K,8),"") -> 0 | T76: =IF(V76="Sí",COUNTIFS(DATOS!G:G,CONFIG_METADATA!$B$4,DATOS!D:D,A76,DATOS!I:I,B76,DATOS!K:K,9),"") -> 0 | U76: =IF(V76="Sí",COUNTIFS(DATOS!G:G,CONFIG_METADATA!$B$4,DATOS!D:D,A76,DATOS!I:I,B76,DATOS!K:K,10),"") -> 0 | V76: =IFERROR(IF(ISERROR(FIND(A76,VLOOKUP(B76,CONFIG_ASIGNATURAS!B:C,2,FALSE()))),"No","Sí"),"No") -> Sí
A77: 1EEM | B77: {=IFERROR(INDEX(_xlfn._xlws.FILTER(CONFIG_ASIGNATURAS!$B$2:$B$61,(CONFIG_ASIGNATURAS!$G$2:$G$61="Sí")*ISNUMBER(SEARCH("1EEM",CONFIG_ASIGNATURAS!$C$2:$C$61))),10),"")} | C77: =IF(B77="","",IFERROR(IF(VLOOKUP(B77,CONFIG_ASIGNATURAS!$B$2:$F$61,5,FALSE())="Sí","Especialidad","Asignatura"),"Asignatura")) | D77: =IF(V77="Sí",COUNTIFS(DATOS!G:G,CONFIG_METADATA!$B$4,DATOS!D:D,A77,DATOS!I:I,B77),"") -> 0 | E77: =IF(V77="Sí",IFERROR(AVERAGEIFS(DATOS!K:K,DATOS!G:G,CONFIG_METADATA!$B$4,DATOS!D:D,A77,DATOS!I:I,B77),"—"),"") -> — | F77: {=IF(V77="Sí",IFERROR(_xlfn.STDEV.P(IF((nEVAL=CONFIG_METADATA!$B$4)*(nCURSO=A77)*(nASIG=B77),nNOTA)),"—"),"")} -> — | G77: {=IF(V77="Sí",IFERROR(_xlfn.MODE.SNGL(IF((nEVAL=CONFIG_METADATA!$B$4)*(nCURSO=A77)*(nASIG=B77),nNOTA)),"—"),"")} -> — | H77: =IF(V77="Sí",IFERROR(COUNTIFS(DATOS!G:G,CONFIG_METADATA!$B$4,DATOS!D:D,A77,DATOS!I:I,B77,DATOS!L:L,"S")/COUNTIFS(DATOS!G:G,CONFIG_METADATA!$B$4,DATOS!D:D,A77,DATOS!I:I,B77),"—"),"") -> — | I77: =IF(V77="Sí",IFERROR(COUNTIFS(DATOS!G:G,CONFIG_METADATA!$B$4,DATOS!D:D,A77,DATOS!I:I,B77,DATOS!L:L,"N")/COUNTIFS(DATOS!G:G,CONFIG_METADATA!$B$4,DATOS!D:D,A77,DATOS!I:I,B77),"—"),"") -> — | J77: {=IF(V77="Sí",IFERROR(_xlfn.MODE.SNGL(IF((nEVAL=CONFIG_METADATA!$B$4)*(nCURSO=A77)*(nASIG=B77)*(nAPTO="S"),nNOTA)),"—"),"")} -> — | K77: {=IF(V77="Sí",IFERROR(_xlfn.MODE.SNGL(IF((nEVAL=CONFIG_METADATA!$B$4)*(nCURSO=A77)*(nASIG=B77)*(nAPTO="N"),nNOTA)),"—"),"")} -> — | L77: =IF(V77="Sí",COUNTIFS(DATOS!G:G,CONFIG_METADATA!$B$4,DATOS!D:D,A77,DATOS!I:I,B77,DATOS!K:K,1),"") -> 0 | M77: =IF(V77="Sí",COUNTIFS(DATOS!G:G,CONFIG_METADATA!$B$4,DATOS!D:D,A77,DATOS!I:I,B77,DATOS!K:K,2),"") -> 0 | N77: =IF(V77="Sí",COUNTIFS(DATOS!G:G,CONFIG_METADATA!$B$4,DATOS!D:D,A77,DATOS!I:I,B77,DATOS!K:K,3),"") -> 0 | O77: =IF(V77="Sí",COUNTIFS(DATOS!G:G,CONFIG_METADATA!$B$4,DATOS!D:D,A77,DATOS!I:I,B77,DATOS!K:K,4),"") -> 0 | P77: =IF(V77="Sí",COUNTIFS(DATOS!G:G,CONFIG_METADATA!$B$4,DATOS!D:D,A77,DATOS!I:I,B77,DATOS!K:K,5),"") -> 0 | Q77: =IF(V77="Sí",COUNTIFS(DATOS!G:G,CONFIG_METADATA!$B$4,DATOS!D:D,A77,DATOS!I:I,B77,DATOS!K:K,6),"") -> 0 | R77: =IF(V77="Sí",COUNTIFS(DATOS!G:G,CONFIG_METADATA!$B$4,DATOS!D:D,A77,DATOS!I:I,B77,DATOS!K:K,7),"") -> 0 | S77: =IF(V77="Sí",COUNTIFS(DATOS!G:G,CONFIG_METADATA!$B$4,DATOS!D:D,A77,DATOS!I:I,B77,DATOS!K:K,8),"") -> 0 | T77: =IF(V77="Sí",COUNTIFS(DATOS!G:G,CONFIG_METADATA!$B$4,DATOS!D:D,A77,DATOS!I:I,B77,DATOS!K:K,9),"") -> 0 | U77: =IF(V77="Sí",COUNTIFS(DATOS!G:G,CONFIG_METADATA!$B$4,DATOS!D:D,A77,DATOS!I:I,B77,DATOS!K:K,10),"") -> 0 | V77: =IFERROR(IF(ISERROR(FIND(A77,VLOOKUP(B77,CONFIG_ASIGNATURAS!B:C,2,FALSE()))),"No","Sí"),"No") -> Sí
A78: 1EEM | B78: {=IFERROR(INDEX(_xlfn._xlws.FILTER(CONFIG_ASIGNATURAS!$B$2:$B$61,(CONFIG_ASIGNATURAS!$G$2:$G$61="Sí")*ISNUMBER(SEARCH("1EEM",CONFIG_ASIGNATURAS!$C$2:$C$61))),11),"")} | C78: =IF(B78="","",IFERROR(IF(VLOOKUP(B78,CONFIG_ASIGNATURAS!$B$2:$F$61,5,FALSE())="Sí","Especialidad","Asignatura"),"Asignatura")) | D78: =IF(V78="Sí",COUNTIFS(DATOS!G:G,CONFIG_METADATA!$B$4,DATOS!D:D,A78,DATOS!I:I,B78),"") -> 0 | E78: =IF(V78="Sí",IFERROR(AVERAGEIFS(DATOS!K:K,DATOS!G:G,CONFIG_METADATA!$B$4,DATOS!D:D,A78,DATOS!I:I,B78),"—"),"") -> — | F78: {=IF(V78="Sí",IFERROR(_xlfn.STDEV.P(IF((nEVAL=CONFIG_METADATA!$B$4)*(nCURSO=A78)*(nASIG=B78),nNOTA)),"—"),"")} -> — | G78: {=IF(V78="Sí",IFERROR(_xlfn.MODE.SNGL(IF((nEVAL=CONFIG_METADATA!$B$4)*(nCURSO=A78)*(nASIG=B78),nNOTA)),"—"),"")} -> — | H78: =IF(V78="Sí",IFERROR(COUNTIFS(DATOS!G:G,CONFIG_METADATA!$B$4,DATOS!D:D,A78,DATOS!I:I,B78,DATOS!L:L,"S")/COUNTIFS(DATOS!G:G,CONFIG_METADATA!$B$4,DATOS!D:D,A78,DATOS!I:I,B78),"—"),"") -> — | I78: =IF(V78="Sí",IFERROR(COUNTIFS(DATOS!G:G,CONFIG_METADATA!$B$4,DATOS!D:D,A78,DATOS!I:I,B78,DATOS!L:L,"N")/COUNTIFS(DATOS!G:G,CONFIG_METADATA!$B$4,DATOS!D:D,A78,DATOS!I:I,B78),"—"),"") -> — | J78: {=IF(V78="Sí",IFERROR(_xlfn.MODE.SNGL(IF((nEVAL=CONFIG_METADATA!$B$4)*(nCURSO=A78)*(nASIG=B78)*(nAPTO="S"),nNOTA)),"—"),"")} -> — | K78: {=IF(V78="Sí",IFERROR(_xlfn.MODE.SNGL(IF((nEVAL=CONFIG_METADATA!$B$4)*(nCURSO=A78)*(nASIG=B78)*(nAPTO="N"),nNOTA)),"—"),"")} -> — | L78: =IF(V78="Sí",COUNTIFS(DATOS!G:G,CONFIG_METADATA!$B$4,DATOS!D:D,A78,DATOS!I:I,B78,DATOS!K:K,1),"") -> 0 | M78: =IF(V78="Sí",COUNTIFS(DATOS!G:G,CONFIG_METADATA!$B$4,DATOS!D:D,A78,DATOS!I:I,B78,DATOS!K:K,2),"") -> 0 | N78: =IF(V78="Sí",COUNTIFS(DATOS!G:G,CONFIG_METADATA!$B$4,DATOS!D:D,A78,DATOS!I:I,B78,DATOS!K:K,3),"") -> 0 | O78: =IF(V78="Sí",COUNTIFS(DATOS!G:G,CONFIG_METADATA!$B$4,DATOS!D:D,A78,DATOS!I:I,B78,DATOS!K:K,4),"") -> 0 | P78: =IF(V78="Sí",COUNTIFS(DATOS!G:G,CONFIG_METADATA!$B$4,DATOS!D:D,A78,DATOS!I:I,B78,DATOS!K:K,5),"") -> 0 | Q78: =IF(V78="Sí",COUNTIFS(DATOS!G:G,CONFIG_METADATA!$B$4,DATOS!D:D,A78,DATOS!I:I,B78,DATOS!K:K,6),"") -> 0 | R78: =IF(V78="Sí",COUNTIFS(DATOS!G:G,CONFIG_METADATA!$B$4,DATOS!D:D,A78,DATOS!I:I,B78,DATOS!K:K,7),"") -> 0 | S78: =IF(V78="Sí",COUNTIFS(DATOS!G:G,CONFIG_METADATA!$B$4,DATOS!D:D,A78,DATOS!I:I,B78,DATOS!K:K,8),"") -> 0 | T78: =IF(V78="Sí",COUNTIFS(DATOS!G:G,CONFIG_METADATA!$B$4,DATOS!D:D,A78,DATOS!I:I,B78,DATOS!K:K,9),"") -> 0 | U78: =IF(V78="Sí",COUNTIFS(DATOS!G:G,CONFIG_METADATA!$B$4,DATOS!D:D,A78,DATOS!I:I,B78,DATOS!K:K,10),"") -> 0 | V78: =IFERROR(IF(ISERROR(FIND(A78,VLOOKUP(B78,CONFIG_ASIGNATURAS!B:C,2,FALSE()))),"No","Sí"),"No") -> Sí
A79: 1EEM | B79: {=IFERROR(INDEX(_xlfn._xlws.FILTER(CONFIG_ASIGNATURAS!$B$2:$B$61,(CONFIG_ASIGNATURAS!$G$2:$G$61="Sí")*ISNUMBER(SEARCH("1EEM",CONFIG_ASIGNATURAS!$C$2:$C$61))),12),"")} | C79: =IF(B79="","",IFERROR(IF(VLOOKUP(B79,CONFIG_ASIGNATURAS!$B$2:$F$61,5,FALSE())="Sí","Especialidad","Asignatura"),"Asignatura")) | D79: =IF(V79="Sí",COUNTIFS(DATOS!G:G,CONFIG_METADATA!$B$4,DATOS!D:D,A79,DATOS!I:I,B79),"") -> 0 | E79: =IF(V79="Sí",IFERROR(AVERAGEIFS(DATOS!K:K,DATOS!G:G,CONFIG_METADATA!$B$4,DATOS!D:D,A79,DATOS!I:I,B79),"—"),"") -> — | F79: {=IF(V79="Sí",IFERROR(_xlfn.STDEV.P(IF((nEVAL=CONFIG_METADATA!$B$4)*(nCURSO=A79)*(nASIG=B79),nNOTA)),"—"),"")} -> — | G79: {=IF(V79="Sí",IFERROR(_xlfn.MODE.SNGL(IF((nEVAL=CONFIG_METADATA!$B$4)*(nCURSO=A79)*(nASIG=B79),nNOTA)),"—"),"")} -> — | H79: =IF(V79="Sí",IFERROR(COUNTIFS(DATOS!G:G,CONFIG_METADATA!$B$4,DATOS!D:D,A79,DATOS!I:I,B79,DATOS!L:L,"S")/COUNTIFS(DATOS!G:G,CONFIG_METADATA!$B$4,DATOS!D:D,A79,DATOS!I:I,B79),"—"),"") -> — | I79: =IF(V79="Sí",IFERROR(COUNTIFS(DATOS!G:G,CONFIG_METADATA!$B$4,DATOS!D:D,A79,DATOS!I:I,B79,DATOS!L:L,"N")/COUNTIFS(DATOS!G:G,CONFIG_METADATA!$B$4,DATOS!D:D,A79,DATOS!I:I,B79),"—"),"") -> — | J79: {=IF(V79="Sí",IFERROR(_xlfn.MODE.SNGL(IF((nEVAL=CONFIG_METADATA!$B$4)*(nCURSO=A79)*(nASIG=B79)*(nAPTO="S"),nNOTA)),"—"),"")} -> — | K79: {=IF(V79="Sí",IFERROR(_xlfn.MODE.SNGL(IF((nEVAL=CONFIG_METADATA!$B$4)*(nCURSO=A79)*(nASIG=B79)*(nAPTO="N"),nNOTA)),"—"),"")} -> — | L79: =IF(V79="Sí",COUNTIFS(DATOS!G:G,CONFIG_METADATA!$B$4,DATOS!D:D,A79,DATOS!I:I,B79,DATOS!K:K,1),"") -> 0 | M79: =IF(V79="Sí",COUNTIFS(DATOS!G:G,CONFIG_METADATA!$B$4,DATOS!D:D,A79,DATOS!I:I,B79,DATOS!K:K,2),"") -> 0 | N79: =IF(V79="Sí",COUNTIFS(DATOS!G:G,CONFIG_METADATA!$B$4,DATOS!D:D,A79,DATOS!I:I,B79,DATOS!K:K,3),"") -> 0 | O79: =IF(V79="Sí",COUNTIFS(DATOS!G:G,CONFIG_METADATA!$B$4,DATOS!D:D,A79,DATOS!I:I,B79,DATOS!K:K,4),"") -> 0 | P79: =IF(V79="Sí",COUNTIFS(DATOS!G:G,CONFIG_METADATA!$B$4,DATOS!D:D,A79,DATOS!I:I,B79,DATOS!K:K,5),"") -> 0 | Q79: =IF(V79="Sí",COUNTIFS(DATOS!G:G,CONFIG_METADATA!$B$4,DATOS!D:D,A79,DATOS!I:I,B79,DATOS!K:K,6),"") -> 0 | R79: =IF(V79="Sí",COUNTIFS(DATOS!G:G,CONFIG_METADATA!$B$4,DATOS!D:D,A79,DATOS!I:I,B79,DATOS!K:K,7),"") -> 0 | S79: =IF(V79="Sí",COUNTIFS(DATOS!G:G,CONFIG_METADATA!$B$4,DATOS!D:D,A79,DATOS!I:I,B79,DATOS!K:K,8),"") -> 0 | T79: =IF(V79="Sí",COUNTIFS(DATOS!G:G,CONFIG_METADATA!$B$4,DATOS!D:D,A79,DATOS!I:I,B79,DATOS!K:K,9),"") -> 0 | U79: =IF(V79="Sí",COUNTIFS(DATOS!G:G,CONFIG_METADATA!$B$4,DATOS!D:D,A79,DATOS!I:I,B79,DATOS!K:K,10),"") -> 0 | V79: =IFERROR(IF(ISERROR(FIND(A79,VLOOKUP(B79,CONFIG_ASIGNATURAS!B:C,2,FALSE()))),"No","Sí"),"No") -> Sí
A80: 1EEM | B80: {=IFERROR(INDEX(_xlfn._xlws.FILTER(CONFIG_ASIGNATURAS!$B$2:$B$61,(CONFIG_ASIGNATURAS!$G$2:$G$61="Sí")*ISNUMBER(SEARCH("1EEM",CONFIG_ASIGNATURAS!$C$2:$C$61))),13),"")} | C80: =IF(B80="","",IFERROR(IF(VLOOKUP(B80,CONFIG_ASIGNATURAS!$B$2:$F$61,5,FALSE())="Sí","Especialidad","Asignatura"),"Asignatura")) | D80: =IF(V80="Sí",COUNTIFS(DATOS!G:G,CONFIG_METADATA!$B$4,DATOS!D:D,A80,DATOS!I:I,B80),"") -> 0 | E80: =IF(V80="Sí",IFERROR(AVERAGEIFS(DATOS!K:K,DATOS!G:G,CONFIG_METADATA!$B$4,DATOS!D:D,A80,DATOS!I:I,B80),"—"),"") -> — | F80: {=IF(V80="Sí",IFERROR(_xlfn.STDEV.P(IF((nEVAL=CONFIG_METADATA!$B$4)*(nCURSO=A80)*(nASIG=B80),nNOTA)),"—"),"")} -> — | G80: {=IF(V80="Sí",IFERROR(_xlfn.MODE.SNGL(IF((nEVAL=CONFIG_METADATA!$B$4)*(nCURSO=A80)*(nASIG=B80),nNOTA)),"—"),"")} -> — | H80: =IF(V80="Sí",IFERROR(COUNTIFS(DATOS!G:G,CONFIG_METADATA!$B$4,DATOS!D:D,A80,DATOS!I:I,B80,DATOS!L:L,"S")/COUNTIFS(DATOS!G:G,CONFIG_METADATA!$B$4,DATOS!D:D,A80,DATOS!I:I,B80),"—"),"") -> — | I80: =IF(V80="Sí",IFERROR(COUNTIFS(DATOS!G:G,CONFIG_METADATA!$B$4,DATOS!D:D,A80,DATOS!I:I,B80,DATOS!L:L,"N")/COUNTIFS(DATOS!G:G,CONFIG_METADATA!$B$4,DATOS!D:D,A80,DATOS!I:I,B80),"—"),"") -> — | J80: {=IF(V80="Sí",IFERROR(_xlfn.MODE.SNGL(IF((nEVAL=CONFIG_METADATA!$B$4)*(nCURSO=A80)*(nASIG=B80)*(nAPTO="S"),nNOTA)),"—"),"")} -> — | K80: {=IF(V80="Sí",IFERROR(_xlfn.MODE.SNGL(IF((nEVAL=CONFIG_METADATA!$B$4)*(nCURSO=A80)*(nASIG=B80)*(nAPTO="N"),nNOTA)),"—"),"")} -> — | L80: =IF(V80="Sí",COUNTIFS(DATOS!G:G,CONFIG_METADATA!$B$4,DATOS!D:D,A80,DATOS!I:I,B80,DATOS!K:K,1),"") -> 0 | M80: =IF(V80="Sí",COUNTIFS(DATOS!G:G,CONFIG_METADATA!$B$4,DATOS!D:D,A80,DATOS!I:I,B80,DATOS!K:K,2),"") -> 0 | N80: =IF(V80="Sí",COUNTIFS(DATOS!G:G,CONFIG_METADATA!$B$4,DATOS!D:D,A80,DATOS!I:I,B80,DATOS!K:K,3),"") -> 0 | O80: =IF(V80="Sí",COUNTIFS(DATOS!G:G,CONFIG_METADATA!$B$4,DATOS!D:D,A80,DATOS!I:I,B80,DATOS!K:K,4),"") -> 0 | P80: =IF(V80="Sí",COUNTIFS(DATOS!G:G,CONFIG_METADATA!$B$4,DATOS!D:D,A80,DATOS!I:I,B80,DATOS!K:K,5),"") -> 0 | Q80: =IF(V80="Sí",COUNTIFS(DATOS!G:G,CONFIG_METADATA!$B$4,DATOS!D:D,A80,DATOS!I:I,B80,DATOS!K:K,6),"") -> 0 | R80: =IF(V80="Sí",COUNTIFS(DATOS!G:G,CONFIG_METADATA!$B$4,DATOS!D:D,A80,DATOS!I:I,B80,DATOS!K:K,7),"") -> 0 | S80: =IF(V80="Sí",COUNTIFS(DATOS!G:G,CONFIG_METADATA!$B$4,DATOS!D:D,A80,DATOS!I:I,B80,DATOS!K:K,8),"") -> 0 | T80: =IF(V80="Sí",COUNTIFS(DATOS!G:G,CONFIG_METADATA!$B$4,DATOS!D:D,A80,DATOS!I:I,B80,DATOS!K:K,9),"") -> 0 | U80: =IF(V80="Sí",COUNTIFS(DATOS!G:G,CONFIG_METADATA!$B$4,DATOS!D:D,A80,DATOS!I:I,B80,DATOS!K:K,10),"") -> 0 | V80: =IFERROR(IF(ISERROR(FIND(A80,VLOOKUP(B80,CONFIG_ASIGNATURAS!B:C,2,FALSE()))),"No","Sí"),"No") -> Sí
A81: 1EEM | B81: {=IFERROR(INDEX(_xlfn._xlws.FILTER(CONFIG_ASIGNATURAS!$B$2:$B$61,(CONFIG_ASIGNATURAS!$G$2:$G$61="Sí")*ISNUMBER(SEARCH("1EEM",CONFIG_ASIGNATURAS!$C$2:$C$61))),14),"")} | C81: =IF(B81="","",IFERROR(IF(VLOOKUP(B81,CONFIG_ASIGNATURAS!$B$2:$F$61,5,FALSE())="Sí","Especialidad","Asignatura"),"Asignatura")) | D81: =IF(V81="Sí",COUNTIFS(DATOS!G:G,CONFIG_METADATA!$B$4,DATOS!D:D,A81,DATOS!I:I,B81),"") -> 0 | E81: =IF(V81="Sí",IFERROR(AVERAGEIFS(DATOS!K:K,DATOS!G:G,CONFIG_METADATA!$B$4,DATOS!D:D,A81,DATOS!I:I,B81),"—"),"") -> — | F81: {=IF(V81="Sí",IFERROR(_xlfn.STDEV.P(IF((nEVAL=CONFIG_METADATA!$B$4)*(nCURSO=A81)*(nASIG=B81),nNOTA)),"—"),"")} -> — | G81: {=IF(V81="Sí",IFERROR(_xlfn.MODE.SNGL(IF((nEVAL=CONFIG_METADATA!$B$4)*(nCURSO=A81)*(nASIG=B81),nNOTA)),"—"),"")} -> — | H81: =IF(V81="Sí",IFERROR(COUNTIFS(DATOS!G:G,CONFIG_METADATA!$B$4,DATOS!D:D,A81,DATOS!I:I,B81,DATOS!L:L,"S")/COUNTIFS(DATOS!G:G,CONFIG_METADATA!$B$4,DATOS!D:D,A81,DATOS!I:I,B81),"—"),"") -> — | I81: =IF(V81="Sí",IFERROR(COUNTIFS(DATOS!G:G,CONFIG_METADATA!$B$4,DATOS!D:D,A81,DATOS!I:I,B81,DATOS!L:L,"N")/COUNTIFS(DATOS!G:G,CONFIG_METADATA!$B$4,DATOS!D:D,A81,DATOS!I:I,B81),"—"),"") -> — | J81: {=IF(V81="Sí",IFERROR(_xlfn.MODE.SNGL(IF((nEVAL=CONFIG_METADATA!$B$4)*(nCURSO=A81)*(nASIG=B81)*(nAPTO="S"),nNOTA)),"—"),"")} -> — | K81: {=IF(V81="Sí",IFERROR(_xlfn.MODE.SNGL(IF((nEVAL=CONFIG_METADATA!$B$4)*(nCURSO=A81)*(nASIG=B81)*(nAPTO="N"),nNOTA)),"—"),"")} -> — | L81: =IF(V81="Sí",COUNTIFS(DATOS!G:G,CONFIG_METADATA!$B$4,DATOS!D:D,A81,DATOS!I:I,B81,DATOS!K:K,1),"") -> 0 | M81: =IF(V81="Sí",COUNTIFS(DATOS!G:G,CONFIG_METADATA!$B$4,DATOS!D:D,A81,DATOS!I:I,B81,DATOS!K:K,2),"") -> 0 | N81: =IF(V81="Sí",COUNTIFS(DATOS!G:G,CONFIG_METADATA!$B$4,DATOS!D:D,A81,DATOS!I:I,B81,DATOS!K:K,3),"") -> 0 | O81: =IF(V81="Sí",COUNTIFS(DATOS!G:G,CONFIG_METADATA!$B$4,DATOS!D:D,A81,DATOS!I:I,B81,DATOS!K:K,4),"") -> 0 | P81: =IF(V81="Sí",COUNTIFS(DATOS!G:G,CONFIG_METADATA!$B$4,DATOS!D:D,A81,DATOS!I:I,B81,DATOS!K:K,5),"") -> 0 | Q81: =IF(V81="Sí",COUNTIFS(DATOS!G:G,CONFIG_METADATA!$B$4,DATOS!D:D,A81,DATOS!I:I,B81,DATOS!K:K,6),"") -> 0 | R81: =IF(V81="Sí",COUNTIFS(DATOS!G:G,CONFIG_METADATA!$B$4,DATOS!D:D,A81,DATOS!I:I,B81,DATOS!K:K,7),"") -> 0 | S81: =IF(V81="Sí",COUNTIFS(DATOS!G:G,CONFIG_METADATA!$B$4,DATOS!D:D,A81,DATOS!I:I,B81,DATOS!K:K,8),"") -> 0 | T81: =IF(V81="Sí",COUNTIFS(DATOS!G:G,CONFIG_METADATA!$B$4,DATOS!D:D,A81,DATOS!I:I,B81,DATOS!K:K,9),"") -> 0 | U81: =IF(V81="Sí",COUNTIFS(DATOS!G:G,CONFIG_METADATA!$B$4,DATOS!D:D,A81,DATOS!I:I,B81,DATOS!K:K,10),"") -> 0 | V81: =IFERROR(IF(ISERROR(FIND(A81,VLOOKUP(B81,CONFIG_ASIGNATURAS!B:C,2,FALSE()))),"No","Sí"),"No") -> Sí
A82: 1EEM | B82: {=IFERROR(INDEX(_xlfn._xlws.FILTER(CONFIG_ASIGNATURAS!$B$2:$B$61,(CONFIG_ASIGNATURAS!$G$2:$G$61="Sí")*ISNUMBER(SEARCH("1EEM",CONFIG_ASIGNATURAS!$C$2:$C$61))),15),"")} | C82: =IF(B82="","",IFERROR(IF(VLOOKUP(B82,CONFIG_ASIGNATURAS!$B$2:$F$61,5,FALSE())="Sí","Especialidad","Asignatura"),"Asignatura")) | D82: =IF(V82="Sí",COUNTIFS(DATOS!G:G,CONFIG_METADATA!$B$4,DATOS!D:D,A82,DATOS!I:I,B82),"") -> 0 | E82: =IF(V82="Sí",IFERROR(AVERAGEIFS(DATOS!K:K,DATOS!G:G,CONFIG_METADATA!$B$4,DATOS!D:D,A82,DATOS!I:I,B82),"—"),"") -> — | F82: {=IF(V82="Sí",IFERROR(_xlfn.STDEV.P(IF((nEVAL=CONFIG_METADATA!$B$4)*(nCURSO=A82)*(nASIG=B82),nNOTA)),"—"),"")} -> — | G82: {=IF(V82="Sí",IFERROR(_xlfn.MODE.SNGL(IF((nEVAL=CONFIG_METADATA!$B$4)*(nCURSO=A82)*(nASIG=B82),nNOTA)),"—"),"")} -> — | H82: =IF(V82="Sí",IFERROR(COUNTIFS(DATOS!G:G,CONFIG_METADATA!$B$4,DATOS!D:D,A82,DATOS!I:I,B82,DATOS!L:L,"S")/COUNTIFS(DATOS!G:G,CONFIG_METADATA!$B$4,DATOS!D:D,A82,DATOS!I:I,B82),"—"),"") -> — | I82: =IF(V82="Sí",IFERROR(COUNTIFS(DATOS!G:G,CONFIG_METADATA!$B$4,DATOS!D:D,A82,DATOS!I:I,B82,DATOS!L:L,"N")/COUNTIFS(DATOS!G:G,CONFIG_METADATA!$B$4,DATOS!D:D,A82,DATOS!I:I,B82),"—"),"") -> — | J82: {=IF(V82="Sí",IFERROR(_xlfn.MODE.SNGL(IF((nEVAL=CONFIG_METADATA!$B$4)*(nCURSO=A82)*(nASIG=B82)*(nAPTO="S"),nNOTA)),"—"),"")} -> — | K82: {=IF(V82="Sí",IFERROR(_xlfn.MODE.SNGL(IF((nEVAL=CONFIG_METADATA!$B$4)*(nCURSO=A82)*(nASIG=B82)*(nAPTO="N"),nNOTA)),"—"),"")} -> — | L82: =IF(V82="Sí",COUNTIFS(DATOS!G:G,CONFIG_METADATA!$B$4,DATOS!D:D,A82,DATOS!I:I,B82,DATOS!K:K,1),"") -> 0 | M82: =IF(V82="Sí",COUNTIFS(DATOS!G:G,CONFIG_METADATA!$B$4,DATOS!D:D,A82,DATOS!I:I,B82,DATOS!K:K,2),"") -> 0 | N82: =IF(V82="Sí",COUNTIFS(DATOS!G:G,CONFIG_METADATA!$B$4,DATOS!D:D,A82,DATOS!I:I,B82,DATOS!K:K,3),"") -> 0 | O82: =IF(V82="Sí",COUNTIFS(DATOS!G:G,CONFIG_METADATA!$B$4,DATOS!D:D,A82,DATOS!I:I,B82,DATOS!K:K,4),"") -> 0 | P82: =IF(V82="Sí",COUNTIFS(DATOS!G:G,CONFIG_METADATA!$B$4,DATOS!D:D,A82,DATOS!I:I,B82,DATOS!K:K,5),"") -> 0 | Q82: =IF(V82="Sí",COUNTIFS(DATOS!G:G,CONFIG_METADATA!$B$4,DATOS!D:D,A82,DATOS!I:I,B82,DATOS!K:K,6),"") -> 0 | R82: =IF(V82="Sí",COUNTIFS(DATOS!G:G,CONFIG_METADATA!$B$4,DATOS!D:D,A82,DATOS!I:I,B82,DATOS!K:K,7),"") -> 0 | S82: =IF(V82="Sí",COUNTIFS(DATOS!G:G,CONFIG_METADATA!$B$4,DATOS!D:D,A82,DATOS!I:I,B82,DATOS!K:K,8),"") -> 0 | T82: =IF(V82="Sí",COUNTIFS(DATOS!G:G,CONFIG_METADATA!$B$4,DATOS!D:D,A82,DATOS!I:I,B82,DATOS!K:K,9),"") -> 0 | U82: =IF(V82="Sí",COUNTIFS(DATOS!G:G,CONFIG_METADATA!$B$4,DATOS!D:D,A82,DATOS!I:I,B82,DATOS!K:K,10),"") -> 0 | V82: =IFERROR(IF(ISERROR(FIND(A82,VLOOKUP(B82,CONFIG_ASIGNATURAS!B:C,2,FALSE()))),"No","Sí"),"No") -> Sí
A83: 1EEM | B83: {=IFERROR(INDEX(_xlfn._xlws.FILTER(CONFIG_ASIGNATURAS!$B$2:$B$61,(CONFIG_ASIGNATURAS!$G$2:$G$61="Sí")*ISNUMBER(SEARCH("1EEM",CONFIG_ASIGNATURAS!$C$2:$C$61))),16),"")} | C83: =IF(B83="","",IFERROR(IF(VLOOKUP(B83,CONFIG_ASIGNATURAS!$B$2:$F$61,5,FALSE())="Sí","Especialidad","Asignatura"),"Asignatura")) | D83: =IF(V83="Sí",COUNTIFS(DATOS!G:G,CONFIG_METADATA!$B$4,DATOS!D:D,A83,DATOS!I:I,B83),"") -> 0 | E83: =IF(V83="Sí",IFERROR(AVERAGEIFS(DATOS!K:K,DATOS!G:G,CONFIG_METADATA!$B$4,DATOS!D:D,A83,DATOS!I:I,B83),"—"),"") -> — | F83: {=IF(V83="Sí",IFERROR(_xlfn.STDEV.P(IF((nEVAL=CONFIG_METADATA!$B$4)*(nCURSO=A83)*(nASIG=B83),nNOTA)),"—"),"")} -> — | G83: {=IF(V83="Sí",IFERROR(_xlfn.MODE.SNGL(IF((nEVAL=CONFIG_METADATA!$B$4)*(nCURSO=A83)*(nASIG=B83),nNOTA)),"—"),"")} -> — | H83: =IF(V83="Sí",IFERROR(COUNTIFS(DATOS!G:G,CONFIG_METADATA!$B$4,DATOS!D:D,A83,DATOS!I:I,B83,DATOS!L:L,"S")/COUNTIFS(DATOS!G:G,CONFIG_METADATA!$B$4,DATOS!D:D,A83,DATOS!I:I,B83),"—"),"") -> — | I83: =IF(V83="Sí",IFERROR(COUNTIFS(DATOS!G:G,CONFIG_METADATA!$B$4,DATOS!D:D,A83,DATOS!I:I,B83,DATOS!L:L,"N")/COUNTIFS(DATOS!G:G,CONFIG_METADATA!$B$4,DATOS!D:D,A83,DATOS!I:I,B83),"—"),"") -> — | J83: {=IF(V83="Sí",IFERROR(_xlfn.MODE.SNGL(IF((nEVAL=CONFIG_METADATA!$B$4)*(nCURSO=A83)*(nASIG=B83)*(nAPTO="S"),nNOTA)),"—"),"")} -> — | K83: {=IF(V83="Sí",IFERROR(_xlfn.MODE.SNGL(IF((nEVAL=CONFIG_METADATA!$B$4)*(nCURSO=A83)*(nASIG=B83)*(nAPTO="N"),nNOTA)),"—"),"")} -> — | L83: =IF(V83="Sí",COUNTIFS(DATOS!G:G,CONFIG_METADATA!$B$4,DATOS!D:D,A83,DATOS!I:I,B83,DATOS!K:K,1),"") -> 0 | M83: =IF(V83="Sí",COUNTIFS(DATOS!G:G,CONFIG_METADATA!$B$4,DATOS!D:D,A83,DATOS!I:I,B83,DATOS!K:K,2),"") -> 0 | N83: =IF(V83="Sí",COUNTIFS(DATOS!G:G,CONFIG_METADATA!$B$4,DATOS!D:D,A83,DATOS!I:I,B83,DATOS!K:K,3),"") -> 0 | O83: =IF(V83="Sí",COUNTIFS(DATOS!G:G,CONFIG_METADATA!$B$4,DATOS!D:D,A83,DATOS!I:I,B83,DATOS!K:K,4),"") -> 0 | P83: =IF(V83="Sí",COUNTIFS(DATOS!G:G,CONFIG_METADATA!$B$4,DATOS!D:D,A83,DATOS!I:I,B83,DATOS!K:K,5),"") -> 0 | Q83: =IF(V83="Sí",COUNTIFS(DATOS!G:G,CONFIG_METADATA!$B$4,DATOS!D:D,A83,DATOS!I:I,B83,DATOS!K:K,6),"") -> 0 | R83: =IF(V83="Sí",COUNTIFS(DATOS!G:G,CONFIG_METADATA!$B$4,DATOS!D:D,A83,DATOS!I:I,B83,DATOS!K:K,7),"") -> 0 | S83: =IF(V83="Sí",COUNTIFS(DATOS!G:G,CONFIG_METADATA!$B$4,DATOS!D:D,A83,DATOS!I:I,B83,DATOS!K:K,8),"") -> 0 | T83: =IF(V83="Sí",COUNTIFS(DATOS!G:G,CONFIG_METADATA!$B$4,DATOS!D:D,A83,DATOS!I:I,B83,DATOS!K:K,9),"") -> 0 | U83: =IF(V83="Sí",COUNTIFS(DATOS!G:G,CONFIG_METADATA!$B$4,DATOS!D:D,A83,DATOS!I:I,B83,DATOS!K:K,10),"") -> 0 | V83: =IFERROR(IF(ISERROR(FIND(A83,VLOOKUP(B83,CONFIG_ASIGNATURAS!B:C,2,FALSE()))),"No","Sí"),"No") -> Sí
A84: 1EEM | B84: {=IFERROR(INDEX(_xlfn._xlws.FILTER(CONFIG_ASIGNATURAS!$B$2:$B$61,(CONFIG_ASIGNATURAS!$G$2:$G$61="Sí")*ISNUMBER(SEARCH("1EEM",CONFIG_ASIGNATURAS!$C$2:$C$61))),17),"")} | C84: =IF(B84="","",IFERROR(IF(VLOOKUP(B84,CONFIG_ASIGNATURAS!$B$2:$F$61,5,FALSE())="Sí","Especialidad","Asignatura"),"Asignatura")) | D84: =IF(V84="Sí",COUNTIFS(DATOS!G:G,CONFIG_METADATA!$B$4,DATOS!D:D,A84,DATOS!I:I,B84),"") -> 0 | E84: =IF(V84="Sí",IFERROR(AVERAGEIFS(DATOS!K:K,DATOS!G:G,CONFIG_METADATA!$B$4,DATOS!D:D,A84,DATOS!I:I,B84),"—"),"") -> — | F84: {=IF(V84="Sí",IFERROR(_xlfn.STDEV.P(IF((nEVAL=CONFIG_METADATA!$B$4)*(nCURSO=A84)*(nASIG=B84),nNOTA)),"—"),"")} -> — | G84: {=IF(V84="Sí",IFERROR(_xlfn.MODE.SNGL(IF((nEVAL=CONFIG_METADATA!$B$4)*(nCURSO=A84)*(nASIG=B84),nNOTA)),"—"),"")} -> — | H84: =IF(V84="Sí",IFERROR(COUNTIFS(DATOS!G:G,CONFIG_METADATA!$B$4,DATOS!D:D,A84,DATOS!I:I,B84,DATOS!L:L,"S")/COUNTIFS(DATOS!G:G,CONFIG_METADATA!$B$4,DATOS!D:D,A84,DATOS!I:I,B84),"—"),"") -> — | I84: =IF(V84="Sí",IFERROR(COUNTIFS(DATOS!G:G,CONFIG_METADATA!$B$4,DATOS!D:D,A84,DATOS!I:I,B84,DATOS!L:L,"N")/COUNTIFS(DATOS!G:G,CONFIG_METADATA!$B$4,DATOS!D:D,A84,DATOS!I:I,B84),"—"),"") -> — | J84: {=IF(V84="Sí",IFERROR(_xlfn.MODE.SNGL(IF((nEVAL=CONFIG_METADATA!$B$4)*(nCURSO=A84)*(nASIG=B84)*(nAPTO="S"),nNOTA)),"—"),"")} -> — | K84: {=IF(V84="Sí",IFERROR(_xlfn.MODE.SNGL(IF((nEVAL=CONFIG_METADATA!$B$4)*(nCURSO=A84)*(nASIG=B84)*(nAPTO="N"),nNOTA)),"—"),"")} -> — | L84: =IF(V84="Sí",COUNTIFS(DATOS!G:G,CONFIG_METADATA!$B$4,DATOS!D:D,A84,DATOS!I:I,B84,DATOS!K:K,1),"") -> 0 | M84: =IF(V84="Sí",COUNTIFS(DATOS!G:G,CONFIG_METADATA!$B$4,DATOS!D:D,A84,DATOS!I:I,B84,DATOS!K:K,2),"") -> 0 | N84: =IF(V84="Sí",COUNTIFS(DATOS!G:G,CONFIG_METADATA!$B$4,DATOS!D:D,A84,DATOS!I:I,B84,DATOS!K:K,3),"") -> 0 | O84: =IF(V84="Sí",COUNTIFS(DATOS!G:G,CONFIG_METADATA!$B$4,DATOS!D:D,A84,DATOS!I:I,B84,DATOS!K:K,4),"") -> 0 | P84: =IF(V84="Sí",COUNTIFS(DATOS!G:G,CONFIG_METADATA!$B$4,DATOS!D:D,A84,DATOS!I:I,B84,DATOS!K:K,5),"") -> 0 | Q84: =IF(V84="Sí",COUNTIFS(DATOS!G:G,CONFIG_METADATA!$B$4,DATOS!D:D,A84,DATOS!I:I,B84,DATOS!K:K,6),"") -> 0 | R84: =IF(V84="Sí",COUNTIFS(DATOS!G:G,CONFIG_METADATA!$B$4,DATOS!D:D,A84,DATOS!I:I,B84,DATOS!K:K,7),"") -> 0 | S84: =IF(V84="Sí",COUNTIFS(DATOS!G:G,CONFIG_METADATA!$B$4,DATOS!D:D,A84,DATOS!I:I,B84,DATOS!K:K,8),"") -> 0 | T84: =IF(V84="Sí",COUNTIFS(DATOS!G:G,CONFIG_METADATA!$B$4,DATOS!D:D,A84,DATOS!I:I,B84,DATOS!K:K,9),"") -> 0 | U84: =IF(V84="Sí",COUNTIFS(DATOS!G:G,CONFIG_METADATA!$B$4,DATOS!D:D,A84,DATOS!I:I,B84,DATOS!K:K,10),"") -> 0 | V84: =IFERROR(IF(ISERROR(FIND(A84,VLOOKUP(B84,CONFIG_ASIGNATURAS!B:C,2,FALSE()))),"No","Sí"),"No") -> Sí
A85: 1EEM | B85: {=IFERROR(INDEX(_xlfn._xlws.FILTER(CONFIG_ASIGNATURAS!$B$2:$B$61,(CONFIG_ASIGNATURAS!$G$2:$G$61="Sí")*ISNUMBER(SEARCH("1EEM",CONFIG_ASIGNATURAS!$C$2:$C$61))),18),"")} | C85: =IF(B85="","",IFERROR(IF(VLOOKUP(B85,CONFIG_ASIGNATURAS!$B$2:$F$61,5,FALSE())="Sí","Especialidad","Asignatura"),"Asignatura")) | D85: =IF(V85="Sí",COUNTIFS(DATOS!G:G,CONFIG_METADATA!$B$4,DATOS!D:D,A85,DATOS!I:I,B85),"") -> 0 | E85: =IF(V85="Sí",IFERROR(AVERAGEIFS(DATOS!K:K,DATOS!G:G,CONFIG_METADATA!$B$4,DATOS!D:D,A85,DATOS!I:I,B85),"—"),"") -> — | F85: {=IF(V85="Sí",IFERROR(_xlfn.STDEV.P(IF((nEVAL=CONFIG_METADATA!$B$4)*(nCURSO=A85)*(nASIG=B85),nNOTA)),"—"),"")} -> — | G85: {=IF(V85="Sí",IFERROR(_xlfn.MODE.SNGL(IF((nEVAL=CONFIG_METADATA!$B$4)*(nCURSO=A85)*(nASIG=B85),nNOTA)),"—"),"")} -> — | H85: =IF(V85="Sí",IFERROR(COUNTIFS(DATOS!G:G,CONFIG_METADATA!$B$4,DATOS!D:D,A85,DATOS!I:I,B85,DATOS!L:L,"S")/COUNTIFS(DATOS!G:G,CONFIG_METADATA!$B$4,DATOS!D:D,A85,DATOS!I:I,B85),"—"),"") -> — | I85: =IF(V85="Sí",IFERROR(COUNTIFS(DATOS!G:G,CONFIG_METADATA!$B$4,DATOS!D:D,A85,DATOS!I:I,B85,DATOS!L:L,"N")/COUNTIFS(DATOS!G:G,CONFIG_METADATA!$B$4,DATOS!D:D,A85,DATOS!I:I,B85),"—"),"") -> — | J85: {=IF(V85="Sí",IFERROR(_xlfn.MODE.SNGL(IF((nEVAL=CONFIG_METADATA!$B$4)*(nCURSO=A85)*(nASIG=B85)*(nAPTO="S"),nNOTA)),"—"),"")} -> — | K85: {=IF(V85="Sí",IFERROR(_xlfn.MODE.SNGL(IF((nEVAL=CONFIG_METADATA!$B$4)*(nCURSO=A85)*(nASIG=B85)*(nAPTO="N"),nNOTA)),"—"),"")} -> — | L85: =IF(V85="Sí",COUNTIFS(DATOS!G:G,CONFIG_METADATA!$B$4,DATOS!D:D,A85,DATOS!I:I,B85,DATOS!K:K,1),"") -> 0 | M85: =IF(V85="Sí",COUNTIFS(DATOS!G:G,CONFIG_METADATA!$B$4,DATOS!D:D,A85,DATOS!I:I,B85,DATOS!K:K,2),"") -> 0 | N85: =IF(V85="Sí",COUNTIFS(DATOS!G:G,CONFIG_METADATA!$B$4,DATOS!D:D,A85,DATOS!I:I,B85,DATOS!K:K,3),"") -> 0 | O85: =IF(V85="Sí",COUNTIFS(DATOS!G:G,CONFIG_METADATA!$B$4,DATOS!D:D,A85,DATOS!I:I,B85,DATOS!K:K,4),"") -> 0 | P85: =IF(V85="Sí",COUNTIFS(DATOS!G:G,CONFIG_METADATA!$B$4,DATOS!D:D,A85,DATOS!I:I,B85,DATOS!K:K,5),"") -> 0 | Q85: =IF(V85="Sí",COUNTIFS(DATOS!G:G,CONFIG_METADATA!$B$4,DATOS!D:D,A85,DATOS!I:I,B85,DATOS!K:K,6),"") -> 0 | R85: =IF(V85="Sí",COUNTIFS(DATOS!G:G,CONFIG_METADATA!$B$4,DATOS!D:D,A85,DATOS!I:I,B85,DATOS!K:K,7),"") -> 0 | S85: =IF(V85="Sí",COUNTIFS(DATOS!G:G,CONFIG_METADATA!$B$4,DATOS!D:D,A85,DATOS!I:I,B85,DATOS!K:K,8),"") -> 0 | T85: =IF(V85="Sí",COUNTIFS(DATOS!G:G,CONFIG_METADATA!$B$4,DATOS!D:D,A85,DATOS!I:I,B85,DATOS!K:K,9),"") -> 0 | U85: =IF(V85="Sí",COUNTIFS(DATOS!G:G,CONFIG_METADATA!$B$4,DATOS!D:D,A85,DATOS!I:I,B85,DATOS!K:K,10),"") -> 0 | V85: =IFERROR(IF(ISERROR(FIND(A85,VLOOKUP(B85,CONFIG_ASIGNATURAS!B:C,2,FALSE()))),"No","Sí"),"No") -> Sí
A86: 1EEM | B86: {=IFERROR(INDEX(_xlfn._xlws.FILTER(CONFIG_ASIGNATURAS!$B$2:$B$61,(CONFIG_ASIGNATURAS!$G$2:$G$61="Sí")*ISNUMBER(SEARCH("1EEM",CONFIG_ASIGNATURAS!$C$2:$C$61))),19),"")} | C86: =IF(B86="","",IFERROR(IF(VLOOKUP(B86,CONFIG_ASIGNATURAS!$B$2:$F$61,5,FALSE())="Sí","Especialidad","Asignatura"),"Asignatura")) | D86: =IF(V86="Sí",COUNTIFS(DATOS!G:G,CONFIG_METADATA!$B$4,DATOS!D:D,A86,DATOS!I:I,B86),"") -> 0 | E86: =IF(V86="Sí",IFERROR(AVERAGEIFS(DATOS!K:K,DATOS!G:G,CONFIG_METADATA!$B$4,DATOS!D:D,A86,DATOS!I:I,B86),"—"),"") -> — | F86: {=IF(V86="Sí",IFERROR(_xlfn.STDEV.P(IF((nEVAL=CONFIG_METADATA!$B$4)*(nCURSO=A86)*(nASIG=B86),nNOTA)),"—"),"")} -> — | G86: {=IF(V86="Sí",IFERROR(_xlfn.MODE.SNGL(IF((nEVAL=CONFIG_METADATA!$B$4)*(nCURSO=A86)*(nASIG=B86),nNOTA)),"—"),"")} -> — | H86: =IF(V86="Sí",IFERROR(COUNTIFS(DATOS!G:G,CONFIG_METADATA!$B$4,DATOS!D:D,A86,DATOS!I:I,B86,DATOS!L:L,"S")/COUNTIFS(DATOS!G:G,CONFIG_METADATA!$B$4,DATOS!D:D,A86,DATOS!I:I,B86),"—"),"") -> — | I86: =IF(V86="Sí",IFERROR(COUNTIFS(DATOS!G:G,CONFIG_METADATA!$B$4,DATOS!D:D,A86,DATOS!I:I,B86,DATOS!L:L,"N")/COUNTIFS(DATOS!G:G,CONFIG_METADATA!$B$4,DATOS!D:D,A86,DATOS!I:I,B86),"—"),"") -> — | J86: {=IF(V86="Sí",IFERROR(_xlfn.MODE.SNGL(IF((nEVAL=CONFIG_METADATA!$B$4)*(nCURSO=A86)*(nASIG=B86)*(nAPTO="S"),nNOTA)),"—"),"")} -> — | K86: {=IF(V86="Sí",IFERROR(_xlfn.MODE.SNGL(IF((nEVAL=CONFIG_METADATA!$B$4)*(nCURSO=A86)*(nASIG=B86)*(nAPTO="N"),nNOTA)),"—"),"")} -> — | L86: =IF(V86="Sí",COUNTIFS(DATOS!G:G,CONFIG_METADATA!$B$4,DATOS!D:D,A86,DATOS!I:I,B86,DATOS!K:K,1),"") -> 0 | M86: =IF(V86="Sí",COUNTIFS(DATOS!G:G,CONFIG_METADATA!$B$4,DATOS!D:D,A86,DATOS!I:I,B86,DATOS!K:K,2),"") -> 0 | N86: =IF(V86="Sí",COUNTIFS(DATOS!G:G,CONFIG_METADATA!$B$4,DATOS!D:D,A86,DATOS!I:I,B86,DATOS!K:K,3),"") -> 0 | O86: =IF(V86="Sí",COUNTIFS(DATOS!G:G,CONFIG_METADATA!$B$4,DATOS!D:D,A86,DATOS!I:I,B86,DATOS!K:K,4),"") -> 0 | P86: =IF(V86="Sí",COUNTIFS(DATOS!G:G,CONFIG_METADATA!$B$4,DATOS!D:D,A86,DATOS!I:I,B86,DATOS!K:K,5),"") -> 0 | Q86: =IF(V86="Sí",COUNTIFS(DATOS!G:G,CONFIG_METADATA!$B$4,DATOS!D:D,A86,DATOS!I:I,B86,DATOS!K:K,6),"") -> 0 | R86: =IF(V86="Sí",COUNTIFS(DATOS!G:G,CONFIG_METADATA!$B$4,DATOS!D:D,A86,DATOS!I:I,B86,DATOS!K:K,7),"") -> 0 | S86: =IF(V86="Sí",COUNTIFS(DATOS!G:G,CONFIG_METADATA!$B$4,DATOS!D:D,A86,DATOS!I:I,B86,DATOS!K:K,8),"") -> 0 | T86: =IF(V86="Sí",COUNTIFS(DATOS!G:G,CONFIG_METADATA!$B$4,DATOS!D:D,A86,DATOS!I:I,B86,DATOS!K:K,9),"") -> 0 | U86: =IF(V86="Sí",COUNTIFS(DATOS!G:G,CONFIG_METADATA!$B$4,DATOS!D:D,A86,DATOS!I:I,B86,DATOS!K:K,10),"") -> 0 | V86: =IFERROR(IF(ISERROR(FIND(A86,VLOOKUP(B86,CONFIG_ASIGNATURAS!B:C,2,FALSE()))),"No","Sí"),"No") -> Sí
A87: 1EEM | B87: {=IFERROR(INDEX(_xlfn._xlws.FILTER(CONFIG_ASIGNATURAS!$B$2:$B$61,(CONFIG_ASIGNATURAS!$G$2:$G$61="Sí")*ISNUMBER(SEARCH("1EEM",CONFIG_ASIGNATURAS!$C$2:$C$61))),20),"")} | C87: =IF(B87="","",IFERROR(IF(VLOOKUP(B87,CONFIG_ASIGNATURAS!$B$2:$F$61,5,FALSE())="Sí","Especialidad","Asignatura"),"Asignatura")) | D87: =IF(V87="Sí",COUNTIFS(DATOS!G:G,CONFIG_METADATA!$B$4,DATOS!D:D,A87,DATOS!I:I,B87),"") -> 0 | E87: =IF(V87="Sí",IFERROR(AVERAGEIFS(DATOS!K:K,DATOS!G:G,CONFIG_METADATA!$B$4,DATOS!D:D,A87,DATOS!I:I,B87),"—"),"") -> — | F87: {=IF(V87="Sí",IFERROR(_xlfn.STDEV.P(IF((nEVAL=CONFIG_METADATA!$B$4)*(nCURSO=A87)*(nASIG=B87),nNOTA)),"—"),"")} -> — | G87: {=IF(V87="Sí",IFERROR(_xlfn.MODE.SNGL(IF((nEVAL=CONFIG_METADATA!$B$4)*(nCURSO=A87)*(nASIG=B87),nNOTA)),"—"),"")} -> — | H87: =IF(V87="Sí",IFERROR(COUNTIFS(DATOS!G:G,CONFIG_METADATA!$B$4,DATOS!D:D,A87,DATOS!I:I,B87,DATOS!L:L,"S")/COUNTIFS(DATOS!G:G,CONFIG_METADATA!$B$4,DATOS!D:D,A87,DATOS!I:I,B87),"—"),"") -> — | I87: =IF(V87="Sí",IFERROR(COUNTIFS(DATOS!G:G,CONFIG_METADATA!$B$4,DATOS!D:D,A87,DATOS!I:I,B87,DATOS!L:L,"N")/COUNTIFS(DATOS!G:G,CONFIG_METADATA!$B$4,DATOS!D:D,A87,DATOS!I:I,B87),"—"),"") -> — | J87: {=IF(V87="Sí",IFERROR(_xlfn.MODE.SNGL(IF((nEVAL=CONFIG_METADATA!$B$4)*(nCURSO=A87)*(nASIG=B87)*(nAPTO="S"),nNOTA)),"—"),"")} -> — | K87: {=IF(V87="Sí",IFERROR(_xlfn.MODE.SNGL(IF((nEVAL=CONFIG_METADATA!$B$4)*(nCURSO=A87)*(nASIG=B87)*(nAPTO="N"),nNOTA)),"—"),"")} -> — | L87: =IF(V87="Sí",COUNTIFS(DATOS!G:G,CONFIG_METADATA!$B$4,DATOS!D:D,A87,DATOS!I:I,B87,DATOS!K:K,1),"") -> 0 | M87: =IF(V87="Sí",COUNTIFS(DATOS!G:G,CONFIG_METADATA!$B$4,DATOS!D:D,A87,DATOS!I:I,B87,DATOS!K:K,2),"") -> 0 | N87: =IF(V87="Sí",COUNTIFS(DATOS!G:G,CONFIG_METADATA!$B$4,DATOS!D:D,A87,DATOS!I:I,B87,DATOS!K:K,3),"") -> 0 | O87: =IF(V87="Sí",COUNTIFS(DATOS!G:G,CONFIG_METADATA!$B$4,DATOS!D:D,A87,DATOS!I:I,B87,DATOS!K:K,4),"") -> 0 | P87: =IF(V87="Sí",COUNTIFS(DATOS!G:G,CONFIG_METADATA!$B$4,DATOS!D:D,A87,DATOS!I:I,B87,DATOS!K:K,5),"") -> 0 | Q87: =IF(V87="Sí",COUNTIFS(DATOS!G:G,CONFIG_METADATA!$B$4,DATOS!D:D,A87,DATOS!I:I,B87,DATOS!K:K,6),"") -> 0 | R87: =IF(V87="Sí",COUNTIFS(DATOS!G:G,CONFIG_METADATA!$B$4,DATOS!D:D,A87,DATOS!I:I,B87,DATOS!K:K,7),"") -> 0 | S87: =IF(V87="Sí",COUNTIFS(DATOS!G:G,CONFIG_METADATA!$B$4,DATOS!D:D,A87,DATOS!I:I,B87,DATOS!K:K,8),"") -> 0 | T87: =IF(V87="Sí",COUNTIFS(DATOS!G:G,CONFIG_METADATA!$B$4,DATOS!D:D,A87,DATOS!I:I,B87,DATOS!K:K,9),"") -> 0 | U87: =IF(V87="Sí",COUNTIFS(DATOS!G:G,CONFIG_METADATA!$B$4,DATOS!D:D,A87,DATOS!I:I,B87,DATOS!K:K,10),"") -> 0 | V87: =IFERROR(IF(ISERROR(FIND(A87,VLOOKUP(B87,CONFIG_ASIGNATURAS!B:C,2,FALSE()))),"No","Sí"),"No") -> Sí
A88: 1EEM | B88: {=IFERROR(INDEX(_xlfn._xlws.FILTER(CONFIG_ASIGNATURAS!$B$2:$B$61,(CONFIG_ASIGNATURAS!$G$2:$G$61="Sí")*ISNUMBER(SEARCH("1EEM",CONFIG_ASIGNATURAS!$C$2:$C$61))),21),"")} | C88: =IF(B88="","",IFERROR(IF(VLOOKUP(B88,CONFIG_ASIGNATURAS!$B$2:$F$61,5,FALSE())="Sí","Especialidad","Asignatura"),"Asignatura")) | D88: =IF(V88="Sí",COUNTIFS(DATOS!G:G,CONFIG_METADATA!$B$4,DATOS!D:D,A88,DATOS!I:I,B88),"") -> 0 | E88: =IF(V88="Sí",IFERROR(AVERAGEIFS(DATOS!K:K,DATOS!G:G,CONFIG_METADATA!$B$4,DATOS!D:D,A88,DATOS!I:I,B88),"—"),"") -> — | F88: {=IF(V88="Sí",IFERROR(_xlfn.STDEV.P(IF((nEVAL=CONFIG_METADATA!$B$4)*(nCURSO=A88)*(nASIG=B88),nNOTA)),"—"),"")} -> — | G88: {=IF(V88="Sí",IFERROR(_xlfn.MODE.SNGL(IF((nEVAL=CONFIG_METADATA!$B$4)*(nCURSO=A88)*(nASIG=B88),nNOTA)),"—"),"")} -> — | H88: =IF(V88="Sí",IFERROR(COUNTIFS(DATOS!G:G,CONFIG_METADATA!$B$4,DATOS!D:D,A88,DATOS!I:I,B88,DATOS!L:L,"S")/COUNTIFS(DATOS!G:G,CONFIG_METADATA!$B$4,DATOS!D:D,A88,DATOS!I:I,B88),"—"),"") -> — | I88: =IF(V88="Sí",IFERROR(COUNTIFS(DATOS!G:G,CONFIG_METADATA!$B$4,DATOS!D:D,A88,DATOS!I:I,B88,DATOS!L:L,"N")/COUNTIFS(DATOS!G:G,CONFIG_METADATA!$B$4,DATOS!D:D,A88,DATOS!I:I,B88),"—"),"") -> — | J88: {=IF(V88="Sí",IFERROR(_xlfn.MODE.SNGL(IF((nEVAL=CONFIG_METADATA!$B$4)*(nCURSO=A88)*(nASIG=B88)*(nAPTO="S"),nNOTA)),"—"),"")} -> — | K88: {=IF(V88="Sí",IFERROR(_xlfn.MODE.SNGL(IF((nEVAL=CONFIG_METADATA!$B$4)*(nCURSO=A88)*(nASIG=B88)*(nAPTO="N"),nNOTA)),"—"),"")} -> — | L88: =IF(V88="Sí",COUNTIFS(DATOS!G:G,CONFIG_METADATA!$B$4,DATOS!D:D,A88,DATOS!I:I,B88,DATOS!K:K,1),"") -> 0 | M88: =IF(V88="Sí",COUNTIFS(DATOS!G:G,CONFIG_METADATA!$B$4,DATOS!D:D,A88,DATOS!I:I,B88,DATOS!K:K,2),"") -> 0 | N88: =IF(V88="Sí",COUNTIFS(DATOS!G:G,CONFIG_METADATA!$B$4,DATOS!D:D,A88,DATOS!I:I,B88,DATOS!K:K,3),"") -> 0 | O88: =IF(V88="Sí",COUNTIFS(DATOS!G:G,CONFIG_METADATA!$B$4,DATOS!D:D,A88,DATOS!I:I,B88,DATOS!K:K,4),"") -> 0 | P88: =IF(V88="Sí",COUNTIFS(DATOS!G:G,CONFIG_METADATA!$B$4,DATOS!D:D,A88,DATOS!I:I,B88,DATOS!K:K,5),"") -> 0 | Q88: =IF(V88="Sí",COUNTIFS(DATOS!G:G,CONFIG_METADATA!$B$4,DATOS!D:D,A88,DATOS!I:I,B88,DATOS!K:K,6),"") -> 0 | R88: =IF(V88="Sí",COUNTIFS(DATOS!G:G,CONFIG_METADATA!$B$4,DATOS!D:D,A88,DATOS!I:I,B88,DATOS!K:K,7),"") -> 0 | S88: =IF(V88="Sí",COUNTIFS(DATOS!G:G,CONFIG_METADATA!$B$4,DATOS!D:D,A88,DATOS!I:I,B88,DATOS!K:K,8),"") -> 0 | T88: =IF(V88="Sí",COUNTIFS(DATOS!G:G,CONFIG_METADATA!$B$4,DATOS!D:D,A88,DATOS!I:I,B88,DATOS!K:K,9),"") -> 0 | U88: =IF(V88="Sí",COUNTIFS(DATOS!G:G,CONFIG_METADATA!$B$4,DATOS!D:D,A88,DATOS!I:I,B88,DATOS!K:K,10),"") -> 0 | V88: =IFERROR(IF(ISERROR(FIND(A88,VLOOKUP(B88,CONFIG_ASIGNATURAS!B:C,2,FALSE()))),"No","Sí"),"No") -> Sí
A89: 1EEM | B89: {=IFERROR(INDEX(_xlfn._xlws.FILTER(CONFIG_ASIGNATURAS!$B$2:$B$61,(CONFIG_ASIGNATURAS!$G$2:$G$61="Sí")*ISNUMBER(SEARCH("1EEM",CONFIG_ASIGNATURAS!$C$2:$C$61))),22),"")} | C89: =IF(B89="","",IFERROR(IF(VLOOKUP(B89,CONFIG_ASIGNATURAS!$B$2:$F$61,5,FALSE())="Sí","Especialidad","Asignatura"),"Asignatura")) | D89: =IF(V89="Sí",COUNTIFS(DATOS!G:G,CONFIG_METADATA!$B$4,DATOS!D:D,A89,DATOS!I:I,B89),"") -> 0 | E89: =IF(V89="Sí",IFERROR(AVERAGEIFS(DATOS!K:K,DATOS!G:G,CONFIG_METADATA!$B$4,DATOS!D:D,A89,DATOS!I:I,B89),"—"),"") -> — | F89: {=IF(V89="Sí",IFERROR(_xlfn.STDEV.P(IF((nEVAL=CONFIG_METADATA!$B$4)*(nCURSO=A89)*(nASIG=B89),nNOTA)),"—"),"")} -> — | G89: {=IF(V89="Sí",IFERROR(_xlfn.MODE.SNGL(IF((nEVAL=CONFIG_METADATA!$B$4)*(nCURSO=A89)*(nASIG=B89),nNOTA)),"—"),"")} -> — | H89: =IF(V89="Sí",IFERROR(COUNTIFS(DATOS!G:G,CONFIG_METADATA!$B$4,DATOS!D:D,A89,DATOS!I:I,B89,DATOS!L:L,"S")/COUNTIFS(DATOS!G:G,CONFIG_METADATA!$B$4,DATOS!D:D,A89,DATOS!I:I,B89),"—"),"") -> — | I89: =IF(V89="Sí",IFERROR(COUNTIFS(DATOS!G:G,CONFIG_METADATA!$B$4,DATOS!D:D,A89,DATOS!I:I,B89,DATOS!L:L,"N")/COUNTIFS(DATOS!G:G,CONFIG_METADATA!$B$4,DATOS!D:D,A89,DATOS!I:I,B89),"—"),"") -> — | J89: {=IF(V89="Sí",IFERROR(_xlfn.MODE.SNGL(IF((nEVAL=CONFIG_METADATA!$B$4)*(nCURSO=A89)*(nASIG=B89)*(nAPTO="S"),nNOTA)),"—"),"")} -> — | K89: {=IF(V89="Sí",IFERROR(_xlfn.MODE.SNGL(IF((nEVAL=CONFIG_METADATA!$B$4)*(nCURSO=A89)*(nASIG=B89)*(nAPTO="N"),nNOTA)),"—"),"")} -> — | L89: =IF(V89="Sí",COUNTIFS(DATOS!G:G,CONFIG_METADATA!$B$4,DATOS!D:D,A89,DATOS!I:I,B89,DATOS!K:K,1),"") -> 0 | M89: =IF(V89="Sí",COUNTIFS(DATOS!G:G,CONFIG_METADATA!$B$4,DATOS!D:D,A89,DATOS!I:I,B89,DATOS!K:K,2),"") -> 0 | N89: =IF(V89="Sí",COUNTIFS(DATOS!G:G,CONFIG_METADATA!$B$4,DATOS!D:D,A89,DATOS!I:I,B89,DATOS!K:K,3),"") -> 0 | O89: =IF(V89="Sí",COUNTIFS(DATOS!G:G,CONFIG_METADATA!$B$4,DATOS!D:D,A89,DATOS!I:I,B89,DATOS!K:K,4),"") -> 0 | P89: =IF(V89="Sí",COUNTIFS(DATOS!G:G,CONFIG_METADATA!$B$4,DATOS!D:D,A89,DATOS!I:I,B89,DATOS!K:K,5),"") -> 0 | Q89: =IF(V89="Sí",COUNTIFS(DATOS!G:G,CONFIG_METADATA!$B$4,DATOS!D:D,A89,DATOS!I:I,B89,DATOS!K:K,6),"") -> 0 | R89: =IF(V89="Sí",COUNTIFS(DATOS!G:G,CONFIG_METADATA!$B$4,DATOS!D:D,A89,DATOS!I:I,B89,DATOS!K:K,7),"") -> 0 | S89: =IF(V89="Sí",COUNTIFS(DATOS!G:G,CONFIG_METADATA!$B$4,DATOS!D:D,A89,DATOS!I:I,B89,DATOS!K:K,8),"") -> 0 | T89: =IF(V89="Sí",COUNTIFS(DATOS!G:G,CONFIG_METADATA!$B$4,DATOS!D:D,A89,DATOS!I:I,B89,DATOS!K:K,9),"") -> 0 | U89: =IF(V89="Sí",COUNTIFS(DATOS!G:G,CONFIG_METADATA!$B$4,DATOS!D:D,A89,DATOS!I:I,B89,DATOS!K:K,10),"") -> 0 | V89: =IFERROR(IF(ISERROR(FIND(A89,VLOOKUP(B89,CONFIG_ASIGNATURAS!B:C,2,FALSE()))),"No","Sí"),"No") -> Sí
